Symbol,Observations,Missing_Pct
BLUSPRING.NS,254,0.8414481897627965
DIGITIDE.NS,254,0.8414481897627965
SCODATUBES.NS,260,0.8377028714107366
PROSTARM.NS,260,0.8377028714107366
THELEELA.NS,261,0.8370786516853933
AEGISVOPAK.NS,262,0.83645443196005
RAJOOENG.NS,264,0.8352059925093633
BORANA.NS,264,0.8352059925093633
BELRISE.NS,265,0.83458177278402
ATHERENERG.NS,281,0.8245942571785269
PRIMO.NS,288,0.8202247191011236
CIFL.NS,290,0.818976279650437
TINNARUBR.NS,291,0.8183520599250936
WAAREERTL.NS,296,0.815230961298377
ISHANCH.NS,305,0.8096129837702871
BHARATSE.NS,306,0.8089887640449438
PRABHA.NS,309,0.8071161048689138
SELECTIPO.NS,312,0.8052434456928839
ABGSEC.NS,318,0.8014981273408239
TECH.NS,318,0.8014981273408239
AONETOTAL.NS,320,0.8002496878901373
MSCIINDIA.NS,324,0.797752808988764
GUJTHEM.NS,324,0.797752808988764
BAJAJINDEF.NS,325,0.7971285892634207
HEXT.NS,327,0.795880149812734
AJAXENGG.NS,329,0.7946317103620475
NATCAPSUQ.NS,329,0.7946317103620475
JUBLCPL.NS,330,0.7940074906367042
ORCHASP.NS,335,0.7908863920099876
NIBE.NS,336,0.7902621722846442
MCLOUD.NS,336,0.7902621722846442
AGARWALEYE.NS,337,0.7896379525593009
PROTEAN.NS,337,0.7896379525593009
MOSCHIP.NS,338,0.7890137328339576
SUPREME.NS,338,0.7890137328339576
ITCHOTELS.NS,343,0.785892634207241
DENTA.NS,344,0.7852684144818977
ONESOURCE.NS,347,0.7833957553058677
STALLION.NS,348,0.7827715355805244
NAVKARURB.NS,350,0.7815230961298377
LAXMIDENTL.NS,351,0.7808988764044944
DDEVPLSTIK.NS,353,0.7796504369538078
QUADFUTURE.NS,355,0.7784019975031211
SETL.NS,355,0.7784019975031211
INDOFARM.NS,359,0.7759051186017478
UNIMECH.NS,364,0.7727840199750312
CARRARO.NS,364,0.7727840199750312
CONSUMER.NS,365,0.7721598002496879
ECAPINSURE.NS,365,0.7721598002496879
IGIL.NS,365,0.7721598002496879
SENORES.NS,366,0.7715355805243446
CEWATER.NS,366,0.7715355805243446
VENTIVE.NS,366,0.7715355805243446
SANATHAN.NS,366,0.7715355805243446
DAMCAPITAL.NS,367,0.7709113607990012
MAMATA.NS,367,0.7709113607990012
TRANSRAILL.NS,367,0.7709113607990012
ANUHPHR.NS,370,0.7690387016229713
IKS.NS,371,0.768414481897628
DHANLAXMI.NS,373,0.7671660424469413
MOBIKWIK.NS,373,0.7671660424469413
VMM.NS,373,0.7671660424469413
SAILIFE.NS,373,0.7671660424469413
ODIGMA.NS,375,0.7659176029962547
ROSSTECH.NS,378,0.7640449438202247
MASTERTR.NS,379,0.7634207240948814
RACLGEAR.NS,379,0.7634207240948814
SURAKSHA.NS,380,0.762796504369538
KMEW.NS,381,0.7621722846441947
EIEL.NS,386,0.7590511860174781
NTPCGREEN.NS,388,0.7578027465667915
BLACKBUCK.NS,390,0.7565543071161048
KPEL.NS,391,0.7559300873907615
NIVABUPA.NS,394,0.7540574282147315
ACMESOLAR.NS,396,0.7528089887640449
SWIGGY.NS,396,0.7528089887640449
SAGILITY.NS,397,0.7521847690387016
AVL.NS,399,0.7509363295880149
EMULTIMQ.NS,401,0.7496878901373284
AFCONS.NS,403,0.7484394506866417
OCCLLTD.NS,404,0.7478152309612984
GODAVARIB.NS,405,0.7471910112359551
WAAREEENER.NS,408,0.7453183520599251
AFFORDABLE.NS,408,0.7453183520599251
DBEIL.NS,408,0.7453183520599251
HYUNDAI.NS,412,0.7428214731585518
VINCOFE.NS,414,0.7415730337078652
LLOYDSENT.NS,414,0.7415730337078652
EMAMIPAP.NS,414,0.7415730337078652
GARUDA.NS,417,0.7397003745318352
SRD.NS,418,0.7390761548064919
UYFINCORP.NS,422,0.7365792759051186
DIFFNKG.NS,422,0.7365792759051186
MANBA.NS,425,0.7347066167290887
KRN.NS,425,0.7347066167290887
INDOUS.NS,426,0.7340823970037453
ARKADE.NS,430,0.731585518102372
NORTHARC.NS,431,0.7309612983770287
WCIL.NS,431,0.7309612983770287
PNGJL.NS,436,0.7278401997503121
XTGLOBAL.NS,436,0.7278401997503121
TOLINS.NS,436,0.7278401997503121
SANOFICONR.NS,437,0.7272159800249688
BALAJEE.NS,437,0.7272159800249688
BAJAJHFL.NS,437,0.7272159800249688
KROSS.NS,437,0.7272159800249688
SICAGEN.NS,438,0.7265917602996255
RVTH.NS,438,0.7265917602996255
EUREKAFORB.NS,439,0.7259675405742821
GALAPREC.NS,441,0.7247191011235955
STYLEBAAZA.NS,443,0.7234706616729089
RAYMONDLSL.NS,444,0.7228464419475655
ECOSMOBLTY.NS,445,0.7222222222222222
PREMIERENE.NS,446,0.7215980024968789
SURAJLTD.NS,447,0.7209737827715356
MFML.NS,449,0.7197253433208489
INTERARCH.NS,450,0.7191011235955056
ORIENTTECH.NS,450,0.7191011235955056
GLOBALE.NS,450,0.7191011235955056
MODEFENCE.NS,451,0.7184769038701623
SUYOG.NS,454,0.7166042446941323
SSDL.NS,455,0.715980024968789
MANCREDIT.NS,456,0.7153558052434457
KKVAPOW.NS,457,0.7147315855181023
RUBFILA.NS,459,0.7134831460674157
FIRSTCRY.NS,460,0.7128589263420724
UNIECOM.NS,460,0.7128589263420724
CEIGALL.NS,461,0.712234706616729
AKUMS.NS,462,0.7116104868913857
RPEL.NS,462,0.7116104868913857
OLAELEC.NS,462,0.7116104868913857
AVANTEL.NS,468,0.7078651685393258
RELTD.NS,469,0.7072409488139825
SANSTAR.NS,472,0.7053682896379525
TUNWAL.NS,473,0.7047440699126092
PRIZOR.NS,474,0.704119850187266
SATIPOLY.NS,474,0.704119850187266
SAHAJSOLAR.NS,476,0.7028714107365793
EFFWA.NS,479,0.7009987515605494
AGIIL.NS,480,0.700374531835206
GGBL.NS,480,0.700374531835206
AMBEY.NS,481,0.6997503121098627
BANSALWIRE.NS,481,0.6997503121098627
EVINDIA.NS,481,0.6997503121098627
EMCURE.NS,482,0.6991260923845194
NEPHROCARE.NS,484,0.6978776529338327
PCCL.NS,487,0.6960049937578028
AKIKO.NS,487,0.6960049937578028
DTL.NS,487,0.6960049937578028
VRAJ.NS,488,0.6953807740324595
DPEL.NS,488,0.6953807740324595
ABDL.NS,488,0.6953807740324595
MASON.NS,488,0.6953807740324595
SPCL.NS,488,0.6953807740324595
MEDIORG.NS,489,0.6947565543071161
VISAMAN.NS,489,0.6947565543071161
SYLVANPLY.NS,490,0.6941323345817728
STANLEY.NS,490,0.6941323345817728
RETAIL.NS,491,0.6935081148564295
FALCONTECH.NS,491,0.6935081148564295
DURLAX.NS,491,0.6935081148564295
AFIL.NS,492,0.6928838951310862
DEEDEV.NS,492,0.6928838951310862
WINNY.NS,492,0.6928838951310862
GPECO.NS,493,0.6922596754057428
IXIGO.NS,499,0.6885143570536829
TBI.NS,503,0.6860174781523096
KRONOX.NS,503,0.6860174781523096
AIMTRON.NS,504,0.6853932584269663
BOROSCI.NS,504,0.6853932584269663
ZTECH.NS,505,0.684769038701623
BEACON.NS,506,0.6841448189762797
VILAS.NS,508,0.682896379525593
GSMFOILS.NS,508,0.682896379525593
AWFIS.NS,511,0.681023720349563
RULKA.NS,513,0.6797752808988764
HOACFOODS.NS,513,0.6797752808988764
QUESTLAB.NS,514,0.6791510611735331
IEML.NS,515,0.6785268414481898
GODIGIT.NS,515,0.6785268414481898
ABSMARINE.NS,516,0.6779026217228464
VERITAAS.NS,517,0.6772784019975031
PRLIND.NS,517,0.6772784019975031
EMMIL.NS,518,0.6766541822721598
MANDEEP.NS,518,0.6766541822721598
SILKFLEX.NS,519,0.6760299625468165
WINSOL.NS,520,0.6754057428214731
REFRACTORY.NS,521,0.6747815230961298
AADHARHFC.NS,521,0.6747815230961298
TBOTEK.NS,521,0.6747815230961298
SLONE.NS,522,0.6741573033707865
INDGN.NS,523,0.6735330836454432
FILATFASH.NS,527,0.6710362047440699
JNKINDIA.NS,530,0.6691635455680399
BALUFORGE.NS,532,0.6679151061173533
GLOSTERLTD.NS,532,0.6679151061173533
RBS.NS,534,0.6666666666666666
BIRDYS.NS,536,0.66541822721598
AIIL.NS,536,0.66541822721598
DCG.NS,538,0.6641697877652933
TGL.NS,539,0.66354556803995
CGRAPHICS.NS,542,0.66167290886392
BHARTIHEXA.NS,542,0.66167290886392
SINCLAIR.NS,542,0.66167290886392
YASHOPTICS.NS,543,0.6610486891385767
K2INFRA.NS,543,0.6610486891385767
ALUWIND.NS,543,0.6610486891385767
TAC.NS,544,0.6604244694132334
RADIOWALLA.NS,544,0.6604244694132334
TRUST.NS,545,0.6598002496878901
BLUEPEBBLE.NS,546,0.6591760299625468
NAMAN.NS,547,0.6585518102372035
SRM.NS,547,0.6585518102372035
ASPIRE.NS,548,0.6579275905118602
VISHWAS.NS,550,0.6566791510611736
ENSER.NS,553,0.6548064918851436
ENFUSE.NS,553,0.6548064918851436
KRYSTAL.NS,553,0.6548064918851436
AVPINFRA.NS,555,0.653558052434457
SCILAL.NS,555,0.653558052434457
PVSL.NS,556,0.6529338327091136
PRATHAM.NS,556,0.6529338327091136
MOREALTY.NS,557,0.6523096129837703
SIGNORIA.NS,557,0.6523096129837703
SHREEKARNI.NS,558,0.651685393258427
SONAMAC.NS,558,0.651685393258427
GOPAL.NS,559,0.6510611735330837
VR.NS,559,0.6510611735330837
LANCORHOL.NS,560,0.6504369538077404
JGCHEM.NS,560,0.6504369538077404
NIRAJISPAT.NS,560,0.6504369538077404
MVKAGRO.NS,561,0.649812734082397
RKSWAMY.NS,561,0.649812734082397
MUKKA.NS,563,0.6485642946317104
PURVFLEXI.NS,563,0.6485642946317104
OWAIS.NS,565,0.6473158551810237
SADHAV.NS,565,0.6473158551810237
PLATIND.NS,566,0.6466916354556804
EXICOM.NS,566,0.6466916354556804
GPTHEALTH.NS,567,0.6460674157303371
ZENITHDRUG.NS,568,0.6454431960049938
JUNIPER.NS,570,0.6441947565543071
SAURASHCEM.NS,570,0.6441947565543071
INM.NS,570,0.6441947565543071
ATMASTCO.NS,570,0.6441947565543071
DEEM.NS,570,0.6441947565543071
TCL.NS,571,0.6435705368289638
ESCONET.NS,571,0.6435705368289638
ARIHANT.NS,574,0.6416978776529338
POLYSIL.NS,575,0.6410736579275905
VSTL.NS,575,0.6410736579275905
ALPEXSOLAR.NS,576,0.6404494382022472
MODTHREAD.NS,576,0.6404494382022472
WTICAB.NS,576,0.6404494382022472
ENTERO.NS,577,0.6398252184769039
CAPITALSFB.NS,578,0.6392009987515606
SIGNPOST.NS,578,0.6392009987515606
RPTECH.NS,580,0.6379525593008739
JSFB.NS,580,0.6379525593008739
ITALIANE.NS,580,0.6379525593008739
PARKHOTELS.NS,582,0.6367041198501873
MEGATHERM.NS,584,0.6354556803995006
BAWEJA.NS,584,0.6354556803995006
DELAPLEX.NS,585,0.6348314606741573
BLSE.NS,586,0.634207240948814
DHTL.NS,587,0.6335830212234707
FONEBOX.NS,587,0.6335830212234707
NOVAAGRI.NS,588,0.6329588014981273
KONSTELEC.NS,589,0.632334581772784
EPACK.NS,591,0.6310861423220974
TATSILV.NS,591,0.6310861423220974
MAXPOSURE.NS,592,0.630461922596754
DAVANGERE.NS,593,0.6298377028714107
COMSYN.NS,594,0.6292134831460674
MEDIASSIST.NS,594,0.6292134831460674
APS.NS,594,0.6292134831460674
IBLFL.NS,596,0.6279650436953808
JYOTICNC.NS,599,0.6260923845193508
KLL.NS,602,0.6242197253433208
DIGIDRIVE.NS,603,0.6235955056179775
KCEIL.NS,603,0.6235955056179775
HRHNEXT.NS,605,0.6223470661672909
SAIFL.NS,607,0.6210986267166042
TECHLABS.NS,608,0.6204744069912609
SUPREMEPWR.NS,608,0.6204744069912609
SUNCLAY.NS,608,0.6204744069912609
INNOVACAP.NS,610,0.6192259675405742
INDIFRA.NS,610,0.6192259675405742
RBZJEWEL.NS,611,0.6186017478152309
EFORCE.NS,611,0.6186017478152309
MUFTI.NS,612,0.6179775280898876
AZAD.NS,612,0.6179775280898876
MUTHOOTMF.NS,612,0.6179775280898876
PRUDMOULI.NS,613,0.6173533083645443
HAPPYFORGE.NS,613,0.6173533083645443
SURAJEST.NS,614,0.616729088639201
MOTISONS.NS,614,0.616729088639201
SHREEOSFM.NS,614,0.616729088639201
INDIASHLTR.NS,615,0.6161048689138576
INOXINDIA.NS,615,0.6161048689138576
SJLOGISTIC.NS,615,0.6161048689138576
DOMS.NS,616,0.6154806491885143
ACCENTMIC.NS,617,0.614856429463171
PRESSTONIC.NS,617,0.614856429463171
BAJEL.NS,618,0.6142322097378277
GRAPHISAD.NS,621,0.6123595505617978
SHEETAL.NS,622,0.6117353308364545
MARINETRAN.NS,623,0.6111111111111112
CBAZAAR.NS,625,0.6098626716604245
GRAUWEIL.NS,626,0.6092384519350812
ROCKINGDCE.NS,628,0.6079900124843945
FLAIR.NS,629,0.6073657927590512
FEDFINA.NS,631,0.6061173533083646
TATATECH.NS,631,0.6061173533083646
GANDHAR.NS,631,0.6061173533083646
IREDA.NS,632,0.6054931335830213
SUNREST.NS,635,0.6036204744069913
BABAFP.NS,638,0.6017478152309613
ROXHITECH.NS,639,0.601123595505618
MICROPRO.NS,640,0.6004993757802747
ASKAUTOLTD.NS,641,0.5998751560549314
AMNPLST.NS,642,0.599250936329588
ESAFSFB.NS,642,0.599250936329588
SARTELE.NS,644,0.5980024968789014
TRANSTEEL.NS,644,0.5980024968789014
CELLO.NS,645,0.5973782771535581
MAITREYA.NS,645,0.5973782771535581
HONASA.NS,645,0.5973782771535581
PARAGON.NS,646,0.5967540574282147
SHANTHALA.NS,646,0.5967540574282147
ONDOOR.NS,647,0.5961298377028714
MUFIN.NS,647,0.5961298377028714
RCDL.NS,649,0.5948813982521848
MAXESTATES.NS,650,0.5942571785268415
BLUEJET.NS,650,0.5942571785268415
WOMANCART.NS,650,0.5942571785268415
IRMENERGY.NS,654,0.5917602996254682
COMMITTED.NS,657,0.5898876404494382
SECMARK.NS,659,0.5886392009987516
SCML.NS,660,0.5880149812734082
KARNIKA.NS,660,0.5880149812734082
PLADAINFO.NS,661,0.5873907615480649
GOYALSALT.NS,661,0.5873907615480649
CANARYS.NS,661,0.5873907615480649
KONTOR.NS,662,0.5867665418227216
PLAZACABLE.NS,662,0.5867665418227216
OLIL.NS,662,0.5867665418227216
VISHNUINFR.NS,663,0.5861423220973783
VINYAS.NS,664,0.5855181023720349
EFACTOR.NS,664,0.5855181023720349
NEWJAISA.NS,665,0.5848938826466916
ARABIAN.NS,665,0.5848938826466916
MAL.NS,666,0.5842696629213483
DIGIKORE.NS,666,0.5842696629213483
INSPIRE.NS,666,0.5842696629213483
VALIANTLAB.NS,666,0.5842696629213483
SAAKSHI.NS,667,0.583645443196005
MASTER.NS,668,0.5830212234706617
UDS.NS,668,0.5830212234706617
MVGJL.NS,668,0.5830212234706617
HIGREEN.NS,669,0.5823970037453183
MARCO.NS,670,0.581772784019975
JSWINFRA.NS,670,0.581772784019975
CELLECOR.NS,670,0.581772784019975
SIGNATURE.NS,671,0.5811485642946317
DIAMINESQ.NS,671,0.5811485642946317
MADHUSUDAN.NS,671,0.5811485642946317
KODYTECH.NS,671,0.5811485642946317
YATRA.NS,672,0.5805243445692884
CHAVDA.NS,672,0.5805243445692884
HOLMARC.NS,672,0.5805243445692884
KEL.NS,672,0.5805243445692884
KALAMANDIR.NS,673,0.579900124843945
NUVAMA.NS,674,0.5792759051186017
UNIHEALTH.NS,674,0.5792759051186017
RRKABEL.NS,676,0.5780274656679151
ZAGGLE.NS,676,0.5780274656679151
SAMHI.NS,676,0.5780274656679151
JLHL.NS,677,0.5774032459425718
EMSLIMITED.NS,677,0.5774032459425718
JIWANRAM.NS,677,0.5774032459425718
PRAMARA.NS,679,0.5761548064918851
SAROJA.NS,680,0.5755305867665418
RISHABH.NS,682,0.5742821473158551
BASILIC.NS,682,0.5742821473158551
CPS.NS,683,0.5736579275905118
RATNAVEER.NS,683,0.5736579275905118
MONOPHARMA.NS,684,0.5730337078651685
BFSI.NS,686,0.5717852684144819
ESG.NS,686,0.5717852684144819
MAKEINDIA.NS,686,0.5717852684144819
SANDUMA.NS,686,0.5717852684144819
SEL.NS,688,0.5705368289637952
VPRPL.NS,688,0.5705368289637952
CLSL.NS,689,0.5699126092384519
LORDSCHLO.NS,691,0.5686641697877652
AEROFLEX.NS,691,0.5686641697877652
PYRAMID.NS,691,0.5686641697877652
YASHO.NS,695,0.5661672908863921
TVSSCS.NS,696,0.5655430711610487
SRGHFL.NS,696,0.5655430711610487
SSFL.NS,697,0.5649188514357054
JIOFIN.NS,699,0.5636704119850188
SANGANI.NS,699,0.5636704119850188
YUDIZ.NS,699,0.5636704119850188
CONCORDBIO.NS,700,0.5630461922596754
SBFC.NS,701,0.5624219725343321
VINSYS.NS,701,0.5624219725343321
ATL.NS,702,0.5617977528089888
VLEGOV.NS,702,0.5617977528089888
ORIANA.NS,702,0.5617977528089888
ZEAL.NS,703,0.5611735330836455
TREL.NS,703,0.5611735330836455
REDTAPE.NS,704,0.5605493133583022
NIITMTS.NS,704,0.5605493133583022
SHRITECH.NS,706,0.5593008739076155
YATHARTH.NS,708,0.5580524344569289
YCCL.NS,708,0.5580524344569289
SERVICE.NS,714,0.5543071161048689
NETWEB.NS,715,0.5536828963795256
DRONE.NS,716,0.5530586766541823
UTKARSHBNK.NS,719,0.5511860174781523
TRIDHYA.NS,723,0.548689138576779
LLOYDSME.NS,723,0.548689138576779
SYNOPTICS.NS,723,0.548689138576779
SENCO.NS,724,0.5480649188514357
AARTECH.NS,726,0.5468164794007491
PAKKA.NS,726,0.5468164794007491
PENTAGON.NS,727,0.5461922596754057
ESFL.NS,727,0.5461922596754057
GLOBALPET.NS,727,0.5461922596754057
CYIENTDLM.NS,728,0.5455680399500624
MAGSON.NS,728,0.5455680399500624
GREENCHEF.NS,728,0.5455680399500624
IDEAFORGE.NS,729,0.5449438202247191
HMAAGRO.NS,731,0.5436953807740325
VILINBIO.NS,731,0.5436953807740325
AATMAJ.NS,733,0.5424469413233458
CELLPOINT.NS,734,0.5418227215980025
ASHOKAMET.NS,735,0.5411985018726592
SPECTSTM.NS,736,0.5405742821473158
URBAN.NS,736,0.5405742821473158
SINDHUTRAD.NS,740,0.5380774032459426
KDL.NS,742,0.5368289637952559
IKIO.NS,743,0.5362047440699126
SAHANA.NS,744,0.5355805243445693
GHCLTEXTIL.NS,746,0.5343320848938826
INFOLLION.NS,746,0.5343320848938826
PTCIL.NS,747,0.5337078651685393
PROV.NS,749,0.5324594257178527
CRAYONS.NS,750,0.5318352059925093
DENTALKART.NS,750,0.5318352059925093
REMUS.NS,755,0.5287141073657927
KRISHCA.NS,755,0.5287141073657927
AUROIMPEX.NS,759,0.5262172284644194
NXST.NS,762,0.5243445692883895
DENEERS.NS,766,0.5218476903870163
RACE.NS,769,0.5199750312109863
ATAM.NS,769,0.5199750312109863
MANKIND.NS,770,0.519350811485643
QUICKTOUCH.NS,773,0.517478152309613
SADHNANIQ.NS,773,0.517478152309613
VIRINCHI.NS,775,0.5162297128589264
KIRLPNU.NS,778,0.5143570536828964
AGUL.NS,779,0.5137328339575531
RHL.NS,779,0.5137328339575531
PATTECH.NS,781,0.5124843945068664
TECILCHEM.NS,781,0.5124843945068664
MOS.NS,782,0.5118601747815231
INFINIUM.NS,783,0.5112359550561798
BLAL.NS,784,0.5106117353308365
SOTAC.NS,785,0.5099875156054932
AVALON.NS,785,0.5099875156054932
LAL.NS,788,0.5081148564294632
SAHYADRI.NS,789,0.5074906367041199
AKI.NS,789,0.5074906367041199
USK.NS,791,0.5062421972534332
NIRMAN.NS,793,0.5049937578027466
GSLSU.NS,797,0.5024968789013733
QFIL.NS,797,0.5024968789013733
VELS.NS,799,0.5012484394506866
MCON.NS,799,0.5012484394506866
SYSTANGO.NS,802,0.4993757802746567
VERTEXPLUS.NS,804,0.49812734082397003
DIVGIITTS.NS,804,0.49812734082397003
SRIVASAVI.NS,807,0.49625468164794007
VIAZ.NS,812,0.49313358302122345
AGARWALFT.NS,815,0.4912609238451935
LRRPL.NS,818,0.4893882646691635
SHERA.NS,819,0.4887640449438202
NINSYS.NS,819,0.4887640449438202
NSLNISP.NS,821,0.4875156054931336
SBGLP.NS,825,0.4850187265917603
GRCL.NS,828,0.48314606741573035
NOVARTIND.NS,831,0.4812734082397004
ARISTO.NS,834,0.4794007490636704
AARTIPHARM.NS,836,0.4781523096129838
KAMOPAINTS.NS,838,0.4769038701622971
DUCOL.NS,839,0.4762796504369538
BAIDFIN.NS,839,0.4762796504369538
MANOMAY.NS,841,0.47503121098626716
CMNL.NS,842,0.47440699126092384
AERONEU.NS,846,0.47191011235955055
ANLON.NS,846,0.47191011235955055
RBMINFRA.NS,850,0.46941323345817726
AVONMORE.NS,851,0.46878901373283394
SKYGOLD.NS,851,0.46878901373283394
HOMESFY.NS,852,0.4681647940074906
RADIANTCMS.NS,853,0.4675405742821473
ARIHANTACA.NS,853,0.4675405742821473
MOXSH.NS,854,0.46691635455680397
ELIN.NS,855,0.46629213483146065
UMA.NS,855,0.46629213483146065
DOLLEX.NS,856,0.4656679151061174
KFINTECH.NS,857,0.46504369538077406
AFSL.NS,859,0.4637952559300874
ALLETEC.NS,860,0.4631710362047441
LANDMARK.NS,860,0.4631710362047441
SULA.NS,862,0.46192259675405745
UNIPARTS.NS,869,0.4575530586766542
PRITIKA.NS,869,0.4575530586766542
BAHETI.NS,870,0.45692883895131087
DHARMAJ.NS,871,0.45630461922596754
HYBRIDFIN.NS,873,0.4550561797752809
DJML.NS,874,0.4544319600499376
RUSTOMJEE.NS,880,0.45068664169787764
ZIMLAB.NS,880,0.45068664169787764
SCPL.NS,882,0.449438202247191
INOXGREEN.NS,883,0.4488139825218477
AEROENTER.NS,884,0.44818976279650435
KAYNES.NS,884,0.44818976279650435
ACI.NS,884,0.44818976279650435
FIVESTAR.NS,884,0.44818976279650435
FAZE3Q.NS,885,0.44756554307116103
MEDANTA.NS,885,0.44756554307116103
SYNCOMF.NS,886,0.4469413233458177
AMIABLE.NS,887,0.4463171036204744
VITAL.NS,887,0.4463171036204744
BIKAJI.NS,887,0.4463171036204744
RITEZONE.NS,887,0.4463171036204744
FUSION.NS,888,0.44569288389513106
IPSL.NS,889,0.44506866416978774
DCXINDIA.NS,891,0.4438202247191011
SUKHJITS.NS,892,0.4431960049937578
GOYALALUM.NS,893,0.4425717852684145
PHANTOMFX.NS,901,0.43757802746566793
TRACXN.NS,905,0.43508114856429464
PPLPHARMA.NS,906,0.4344569288389513
FROG.NS,907,0.433832709113608
EMIL.NS,908,0.4332084893882647
SWASTIK.NS,909,0.43258426966292135
QMSMEDI.NS,910,0.43196004993757803
LLOYDS.NS,910,0.43196004993757803
CMRSL.NS,911,0.4313358302122347
KRITINUT.NS,912,0.4307116104868914
TIPSFILMS.NS,913,0.43008739076154806
ANNAPURNA.NS,918,0.42696629213483145
KANDARP.NS,918,0.42696629213483145
MAKS.NS,919,0.4263420724094881
TAPIFRUIT.NS,920,0.4257178526841448
ISHAN.NS,921,0.4250936329588015
HARSHA.NS,921,0.4250936329588015
SABAR.NS,922,0.42446941323345816
MEGAFLEX.NS,924,0.4232209737827715
VIVIANA.NS,925,0.4225967540574282
TMB.NS,928,0.4207240948813982
KORE.NS,931,0.4188514357053683
AMEYA.NS,932,0.418227215980025
JFLLIFE.NS,933,0.41760299625468167
DBOL.NS,933,0.41760299625468167
DREAMFOLKS.NS,935,0.416354556803995
GRMOVER.NS,935,0.416354556803995
SYRMA.NS,942,0.41198501872659177
SPORTKING.NS,943,0.41136079900124844
VEEKAYEM.NS,943,0.41136079900124844
LOYALTEX.NS,950,0.4069912609238452
USASEEDS.NS,951,0.40636704119850187
MNC.NS,952,0.40574282147315854
RAMAPHO.NS,954,0.4044943820224719
CONS.NS,957,0.40262172284644193
AGNI.NS,958,0.4019975031210986
RAMRAT.NS,959,0.4013732833957553
SKP.NS,959,0.4013732833957553
MWL.NS,961,0.40012484394506864
KCK.NS,962,0.3995006242197253
DYCL.NS,962,0.3995006242197253
CSLFINANCE.NS,964,0.3982521847690387
RADHIKAJWE.NS,967,0.39637952559300876
NGLFINE.NS,975,0.3913857677902622
MANORAMA.NS,980,0.3882646691635456
FIDEL.NS,982,0.38701622971285893
RILINFRA.NS,983,0.3863920099875156
AXITA.NS,987,0.3838951310861423
CHEVIOT.NS,989,0.38264669163545567
GSTL.NS,990,0.38202247191011235
AETHER.NS,1000,0.3757802746566791
EMUDHRA.NS,1001,0.3751560549313358
SONUINFRA.NS,1002,0.37453183520599254
ETHOSLTD.NS,1003,0.3739076154806492
PARADEEP.NS,1005,0.37265917602996257
MEDICO.NS,1005,0.37265917602996257
RELCHEMQ.NS,1006,0.37203495630461925
VENUSPIPES.NS,1007,0.3714107365792759
AKSHAR.NS,1008,0.3707865168539326
DELHIVERY.NS,1008,0.3707865168539326
PRUDENT.NS,1009,0.3701622971285893
LEMERITE.NS,1009,0.3701622971285893
LICI.NS,1013,0.367665418227216
TRU.NS,1016,0.365792759051186
RAINBOW.NS,1017,0.3651685393258427
CAMPUS.NS,1019,0.36392009987515606
STARTECK.NS,1021,0.3626716604244694
JSLL.NS,1021,0.3626716604244694
KOVAI.NS,1022,0.3620474406991261
KIRLFER.NS,1023,0.36142322097378277
INDOAMIN.NS,1023,0.36142322097378277
KENNAMET.NS,1023,0.36142322097378277
PIXTRANS.NS,1023,0.36142322097378277
GOODYEAR.NS,1023,0.36142322097378277
KRISHNADEF.NS,1027,0.3589263420724095
PROPEQUITY.NS,1028,0.35830212234706615
ROTO.NS,1030,0.3570536828963795
VCL.NS,1031,0.3564294631710362
KRISHIVAL.NS,1031,0.3564294631710362
SWARAJ.NS,1033,0.35518102372034954
ELDEHSG.NS,1033,0.35518102372034954
KNAGRI.NS,1033,0.35518102372034954
RITCO.NS,1033,0.35518102372034954
HARDWYN.NS,1034,0.3545568039950062
HARIOMPIPE.NS,1034,0.3545568039950062
COOLCAPS.NS,1035,0.3539325842696629
CHOICEIN.NS,1036,0.3533083645443196
OBCL.NS,1036,0.3533083645443196
VERANDA.NS,1036,0.3533083645443196
UMAEXPORTS.NS,1036,0.3533083645443196
SPRL.NS,1037,0.35268414481897625
SHAILY.NS,1041,0.350187265917603
SHIGAN.NS,1043,0.3489388264669164
INDOBORAX.NS,1044,0.34831460674157305
MSUMI.NS,1046,0.3470661672908864
GMRP&UI.NS,1049,0.34519350811485644
GATEWAY.NS,1050,0.3445692883895131
MADHAVBAUG.NS,1055,0.3414481897627965
IONEXCHANG.NS,1067,0.33395755305867664
FIBERWEB.NS,1070,0.33208489388264667
MANYAVAR.NS,1071,0.33146067415730335
PRECISION.NS,1071,0.33146067415730335
MEGASTAR.NS,1071,0.33146067415730335
AWL.NS,1078,0.32709113607990015
MALLCOM.NS,1080,0.3258426966292135
GRWRHITECH.NS,1081,0.3252184769038702
MHLXMIRU.NS,1084,0.3233458177278402
TIMESCAN.NS,1084,0.3233458177278402
ABCOTS.NS,1085,0.3227215980024969
VIVO.NS,1092,0.31835205992509363
MONARCH.NS,1099,0.3139825218476904
NRL.NS,1099,0.3139825218476904
CMSINFO.NS,1104,0.31086142322097376
ALPHA.NS,1106,0.3096129837702871
SUPRIYA.NS,1106,0.3096129837702871
HPAL.NS,1107,0.3089887640449438
MEDPLUS.NS,1108,0.3083645443196005
DCMSRIND.NS,1109,0.30774032459425715
METROBRAND.NS,1109,0.30774032459425715
DATAPATTNS.NS,1109,0.30774032459425715
JTLIND.NS,1109,0.30774032459425715
MAPMYINDIA.NS,1111,0.30649188514357056
RATEGAIN.NS,1113,0.3052434456928839
SHRIRAMPPS.NS,1113,0.3052434456928839
MAHKTECH.NS,1116,0.30337078651685395
ANANDRATHI.NS,1117,0.30274656679151063
TEGA.NS,1117,0.30274656679151063
STARHEALTH.NS,1119,0.301498127340824
ASIANENE.NS,1120,0.30087390761548066
SHIVALIK.NS,1120,0.30087390761548066
DMCC.NS,1124,0.2983770287141074
NIDAN.NS,1125,0.29775280898876405
GOCOLORS.NS,1126,0.29712858926342073
DHRUV.NS,1129,0.29525593008739076
SMLT.NS,1129,0.29525593008739076
TARSONS.NS,1129,0.29525593008739076
BAJAJHCARE.NS,1130,0.29463171036204744
STEELCAS.NS,1131,0.2940074906367041
SBC.NS,1132,0.2933832709113608
KOTYARK.NS,1132,0.2933832709113608
LATENTVIEW.NS,1132,0.2933832709113608
PAYTM.NS,1134,0.29213483146067415
SAPPHIRE.NS,1134,0.29213483146067415
FOODSIN.NS,1135,0.2915106117353308
SIGACHI.NS,1136,0.2908863920099875
SJS.NS,1136,0.2908863920099875
POLICYBZR.NS,1136,0.2908863920099875
FINOPB.NS,1138,0.28963795255930086
IRIS.NS,1140,0.2883895131086142
NYKAA.NS,1140,0.2883895131086142
DKEGL.NS,1141,0.2877652933832709
DESTINY.NS,1144,0.2858926342072409
MANORG.NS,1144,0.2858926342072409
DYNAMIC.NS,1145,0.2852684144818976
BMETRICS.NS,1146,0.2846441947565543
MEDICAMEQ.NS,1148,0.2833957553058677
JAINAM.NS,1150,0.28214731585518105
BHAGCHEM.NS,1154,0.27965043695380776
QUADPRO.NS,1155,0.27902621722846443
PASUPTAC.NS,1158,0.27715355805243447
ABSLAMC.NS,1160,0.2759051186017478
COASTCORP.NS,1160,0.2759051186017478
BEWLTD.NS,1163,0.27403245942571786
PARAS.NS,1166,0.2721598002496879
SHREMINVIT.NS,1171,0.2690387016229713
SANSERA.NS,1171,0.2690387016229713
NPST.NS,1174,0.2671660424469413
DUGLOBAL.NS,1175,0.266541822721598
GANESHBE.NS,1176,0.26591760299625467
REXPIPES.NS,1176,0.26591760299625467
INTLCONV.NS,1177,0.26529338327091134
VIJAYA.NS,1178,0.264669163545568
ACUTAAS.NS,1179,0.2640449438202247
YUKEN.NS,1185,0.2602996254681648
NGIL.NS,1193,0.25530586766541824
CHEMPLASTS.NS,1193,0.25530586766541824
APTUS.NS,1193,0.25530586766541824
NUVOCO.NS,1194,0.2546816479400749
EPIGRAL.NS,1194,0.2546816479400749
CARTRADE.NS,1195,0.2540574282147316
MOL.NS,1196,0.2534332084893883
EXXARO.NS,1196,0.2534332084893883
WINDLAS.NS,1197,0.25280898876404495
DEVYANI.NS,1198,0.25218476903870163
KRSNAA.NS,1198,0.25218476903870163
UGROCAP.NS,1200,0.250936329588015
PRITIKAUTO.NS,1201,0.25031210986267166
AAREYDRUGS.NS,1202,0.24968789013732834
ALIVUS.NS,1203,0.24906367041198502
ROLEXRINGS.NS,1203,0.24906367041198502
STYLAMIND.NS,1208,0.2459425717852684
SGIL.NS,1209,0.24531835205992508
TATVA.NS,1210,0.24469413233458176
WALPAR.NS,1210,0.24469413233458176
KPIGREEN.NS,1212,0.24344569288389514
ETERNAL.NS,1214,0.2421972534332085
GRINFRA.NS,1217,0.24032459425717853
CLEAN.NS,1217,0.24032459425717853
SVPGLOB.NS,1218,0.2397003745318352
AILIMITED.NS,1222,0.23720349563046192
ICDSLTD.NS,1224,0.23595505617977527
IPL.NS,1226,0.23470661672908863
DODLA.NS,1230,0.23220973782771537
KIMS.NS,1232,0.23096129837702872
SBCL.NS,1233,0.2303370786516854
SHYAMMETL.NS,1234,0.22971285892634208
SONACOMS.NS,1234,0.22971285892634208
VINEETLAB.NS,1240,0.22596754057428214
ARIHANTCAP.NS,1241,0.22534332084893882
ANMOL.NS,1247,0.2215980024968789
VMARCIND.NS,1257,0.2153558052434457
SIDDHIKA.NS,1258,0.21473158551810237
MAFANG.NS,1260,0.21348314606741572
PGINVIT.NS,1262,0.21223470661672908
CLSEL.NS,1262,0.21223470661672908
ISGEC.NS,1268,0.20848938826466917
MODISONLTD.NS,1270,0.20724094881398253
DEEPINDS.NS,1275,0.20411985018726592
LODHA.NS,1280,0.2009987515605493
UFBL.NS,1285,0.19787765293383272
SUVIDHAA.NS,1290,0.1947565543071161
CRAFTSMAN.NS,1292,0.19350811485642946
NAZARA.NS,1292,0.19350811485642946
SURYODAY.NS,1292,0.19350811485642946
KEEPLEARN.NS,1292,0.19350811485642946
KALYANKJIL.NS,1293,0.19288389513108614
LXCHEM.NS,1294,0.19225967540574282
ANURAS.NS,1294,0.19225967540574282
PARTYCRUS.NS,1294,0.19225967540574282
PAVNAIND.NS,1294,0.19225967540574282
JUBLINGREA.NS,1298,0.18976279650436953
EASEMYTRIP.NS,1298,0.18976279650436953
DRCSYSTEMS.NS,1302,0.18726591760299627
MTARTECH.NS,1302,0.18726591760299627
HERANBA.NS,1307,0.18414481897627966
BCLIND.NS,1307,0.18414481897627966
IT.NS,1307,0.18414481897627966
NURECA.NS,1312,0.18102372034956304
SMCGLOBAL.NS,1312,0.18102372034956304
RAILTEL.NS,1312,0.18102372034956304
HLEGLAS.NS,1316,0.17852684144818975
BESTAGRO.NS,1316,0.17852684144818975
BIRET.NS,1318,0.1772784019975031
GENCON.NS,1320,0.1760299625468165
STOVEKRAFT.NS,1325,0.17290886392009988
HOMEFIRST.NS,1328,0.17103620474406991
INDIGOPNTS.NS,1330,0.16978776529338327
IRFC.NS,1332,0.16853932584269662
CARYSIL.NS,1342,0.16229712858926343
KANPRPLA.NS,1348,0.1585518102372035
AWHCL.NS,1351,0.15667915106117353
FAIRCHEMOR.NS,1354,0.15480649188514356
BECTORFOOD.NS,1356,0.15355805243445692
RVHL.NS,1358,0.1523096129837703
TARC.NS,1359,0.15168539325842698
RBA.NS,1363,0.1491885143570537
GLAND.NS,1378,0.13982521847690388
ATALREAL.NS,1378,0.13982521847690388
ZODIAC.NS,1382,0.1373283395755306
BTML.NS,1382,0.1373283395755306
AAATECH.NS,1383,0.13670411985018727
SIGMA.NS,1384,0.13607990012484394
KHAICHEM.NS,1393,0.13046192259675407
EQUITASBNK.NS,1393,0.13046192259675407
CONFIPET.NS,1399,0.12671660424469414
HEMIPROP.NS,1400,0.12609238451935081
LIKHITHA.NS,1405,0.1229712858926342
UTIAMC.NS,1407,0.12172284644194757
MAZDOCK.NS,1408,0.12109862671660425
VALIANTORG.NS,1411,0.11922596754057428
CHEMCON.NS,1412,0.11860174781523096
ADL.NS,1412,0.11860174781523096
ANGELONE.NS,1413,0.11797752808988764
NIRAJ.NS,1413,0.11797752808988764
CAMS.NS,1413,0.11797752808988764
UNIDT.NS,1416,0.11610486891385768
SHAREINDIA.NS,1422,0.11235955056179775
ROUTE.NS,1422,0.11235955056179775
HAPPSTMNDS.NS,1424,0.1111111111111111
MAXIND.NS,1436,0.10362047440699126
