Symbol,Observations,Missing_Count,Missing_Pct,Coverage_Pct,Eligible
20MICRONS.NS,1602,0,0.0,100.0,True
21STCENMGM.NS,1602,0,0.0,100.0,True
360ONE.NS,1602,0,0.0,100.0,True
3IINFOLTD.NS,1602,0,0.0,100.0,True
3MINDIA.NS,1602,0,0.0,100.0,True
3PLAND.NS,1602,0,0.0,100.0,True
5PAISA.NS,1602,0,0.0,100.0,True
63MOONS.NS,1602,0,0.0,100.0,True
A2ZINFRA.NS,1602,0,0.0,100.0,True
AAATECH.NS,1385,217,0.13545568039950062,86.45443196004993,False
AADHARHFC.NS,521,1081,0.6747815230961298,32.52184769038702,False
AAKASH.NS,1602,0,0.0,100.0,True
AAREYDRUGS.NS,1204,398,0.2484394506866417,75.15605493133583,False
AARON.NS,1602,0,0.0,100.0,True
AARTECH.NS,728,874,0.5455680399500624,45.44319600499376,False
AARTIDRUGS.NS,1602,0,0.0,100.0,True
AARTIIND.NS,1602,0,0.0,100.0,True
AARTIPHARM.NS,836,766,0.4781523096129838,52.18476903870162,False
AARTISURF.NS,1471,131,0.08177278401997504,91.8227215980025,True
AARVI.NS,1602,0,0.0,100.0,True
AATMAJ.NS,734,868,0.5418227215980025,45.81772784019975,False
AAVAS.NS,1602,0,0.0,100.0,True
ABAN.NS,1602,0,0.0,100.0,True
ABB.NS,1602,0,0.0,100.0,True
ABBOTINDIA.NS,1602,0,0.0,100.0,True
ABCAPITAL.NS,1602,0,0.0,100.0,True
ABCOTS.NS,1087,515,0.32147315855181025,67.85268414481898,False
ABFRL.NS,1602,0,0.0,100.0,True
ABINFRA.NS,1602,0,0.0,100.0,True
ABMINTLLTD.NS,1602,0,0.0,100.0,True
ABREL.NS,1602,0,0.0,100.0,True
ABSLAMC.NS,1160,442,0.2759051186017478,72.40948813982521,False
ABSMARINE.NS,518,1084,0.6766541822721598,32.33458177278402,False
ACC.NS,1602,0,0.0,100.0,True
ACCELYA.NS,1602,0,0.0,100.0,True
ACCENTMIC.NS,620,982,0.6129837702871411,38.701622971285886,False
ACCORD.NS,1602,0,0.0,100.0,True
ACCURACY.NS,1602,0,0.0,100.0,True
ACE.NS,1602,0,0.0,100.0,True
ACEINTEG.NS,1602,0,0.0,100.0,True
ACI.NS,885,717,0.44756554307116103,55.243445692883896,False
ACL.NS,1602,0,0.0,100.0,True
ACUTAAS.NS,1179,423,0.2640449438202247,73.59550561797754,False
ADANIENSOL.NS,1602,0,0.0,100.0,True
ADANIENT.NS,1602,0,0.0,100.0,True
ADANIGREEN.NS,1602,0,0.0,100.0,True
ADANIPORTS.NS,1602,0,0.0,100.0,True
ADANIPOWER.NS,1602,0,0.0,100.0,True
ADFFOODS.NS,1602,0,0.0,100.0,True
ADL.NS,1414,188,0.11735330836454431,88.26466916354558,False
ADOR.NS,1602,0,0.0,100.0,True
ADROITINFO.NS,1602,0,0.0,100.0,True
ADSL.NS,1602,0,0.0,100.0,True
ADVANIHOTR.NS,1602,0,0.0,100.0,True
ADVENZYMES.NS,1602,0,0.0,100.0,True
AEGISLOG.NS,1602,0,0.0,100.0,True
AEROENTER.NS,885,717,0.44756554307116103,55.243445692883896,False
AEROFLEX.NS,691,911,0.5686641697877652,43.13358302122347,False
AERONEU.NS,847,755,0.4712858926342072,52.871410736579286,False
AETHER.NS,1000,602,0.3757802746566791,62.421972534332085,False
AFFLE.NS,1602,0,0.0,100.0,True
AFSL.NS,861,741,0.46254681647940077,53.745318352059925,False
AGARIND.NS,1602,0,0.0,100.0,True
AGARWALFT.NS,818,784,0.4893882646691635,51.06117353308365,False
AGI.NS,1602,0,0.0,100.0,True
AGNI.NS,959,643,0.4013732833957553,59.86267166042447,False
AGRITECH.NS,1602,0,0.0,100.0,True
AGROPHOS.NS,1602,0,0.0,100.0,True
AGUL.NS,781,821,0.5124843945068664,48.75156054931335,False
AHIMSA.NS,1602,0,0.0,100.0,True
AHLADA.NS,1602,0,0.0,100.0,True
AHLEAST.NS,1602,0,0.0,100.0,True
AHLUCONT.NS,1602,0,0.0,100.0,True
AHLWEST.NS,1602,0,0.0,100.0,True
AIAENG.NS,1602,0,0.0,100.0,True
AIIL.NS,536,1066,0.66541822721598,33.458177278402005,False
AILIMITED.NS,1224,378,0.23595505617977527,76.40449438202246,False
AIMTRON.NS,506,1096,0.6841448189762797,31.585518102372035,False
AIRAN.NS,1602,0,0.0,100.0,True
AIROLAM.NS,1602,0,0.0,100.0,True
AISL.NS,1602,0,0.0,100.0,True
AJANTPHARM.NS,1602,0,0.0,100.0,True
AJMERA.NS,1602,0,0.0,100.0,True
AJOONI.NS,1602,0,0.0,100.0,True
AKASH.NS,1602,0,0.0,100.0,True
AKG.NS,1602,0,0.0,100.0,True
AKI.NS,791,811,0.5062421972534332,49.37578027465668,False
AKSHAR.NS,1009,593,0.3701622971285893,62.98377028714107,False
AKSHARCHEM.NS,1602,0,0.0,100.0,True
AKSHOPTFBR.NS,1602,0,0.0,100.0,True
ALANKIT.NS,1602,0,0.0,100.0,True
ALBERTDAVD.NS,1602,0,0.0,100.0,True
ALEMBICLTD.NS,1602,0,0.0,100.0,True
ALICON.NS,1602,0,0.0,100.0,True
ALIVUS.NS,1204,398,0.2484394506866417,75.15605493133583,False
ALKALI.NS,1602,0,0.0,100.0,True
ALKEM.NS,1602,0,0.0,100.0,True
ALKYLAMINE.NS,1602,0,0.0,100.0,True
ALLCARGO.NS,1602,0,0.0,100.0,True
ALLDIGI.NS,1602,0,0.0,100.0,True
ALLETEC.NS,863,739,0.4612983770287141,53.87016229712859,False
ALMONDZ.NS,1602,0,0.0,100.0,True
ALOKINDS.NS,1602,0,0.0,100.0,True
ALPA.NS,1602,0,0.0,100.0,True
ALPEXSOLAR.NS,579,1023,0.6385767790262172,36.142322097378276,False
ALPHA.NS,1107,495,0.3089887640449438,69.10112359550563,False
ALPHAGEO.NS,1602,0,0.0,100.0,True
ALUWIND.NS,544,1058,0.6604244694132334,33.95755305867666,False
AMBER.NS,1602,0,0.0,100.0,True
AMBICAAGAR.NS,1602,0,0.0,100.0,True
AMBIKCO.NS,1602,0,0.0,100.0,True
AMBUJACEM.NS,1602,0,0.0,100.0,True
AMDIND.NS,1602,0,0.0,100.0,True
AMEYA.NS,934,668,0.41697877652933835,58.30212234706617,False
AMIABLE.NS,888,714,0.44569288389513106,55.430711610486895,False
AMJLAND.NS,1602,0,0.0,100.0,True
AMNPLST.NS,643,959,0.5986267166042447,40.13732833957553,False
AMRUTANJAN.NS,1602,0,0.0,100.0,True
ANANDRATHI.NS,1117,485,0.30274656679151063,69.72534332084894,False
ANANTRAJ.NS,1602,0,0.0,100.0,True
ANDHRAPAP.NS,1602,0,0.0,100.0,True
ANDHRSUGAR.NS,1602,0,0.0,100.0,True
ANGELONE.NS,1413,189,0.11797752808988764,88.20224719101124,False
ANIKINDS.NS,1602,0,0.0,100.0,True
ANKITMETAL.NS,1602,0,0.0,100.0,True
ANLON.NS,849,753,0.4700374531835206,52.99625468164795,False
ANMOL.NS,1248,354,0.2209737827715356,77.90262172284645,False
ANNAPURNA.NS,921,681,0.4250936329588015,57.490636704119844,False
ANSALAPI.NS,1602,0,0.0,100.0,True
ANTELOPUS.NS,1602,0,0.0,100.0,True
ANTGRAPHIC.NS,1602,0,0.0,100.0,True
ANUP.NS,1602,0,0.0,100.0,True
ANURAS.NS,1295,307,0.1916354556803995,80.83645443196005,False
APARINDS.NS,1602,0,0.0,100.0,True
APCL.NS,1602,0,0.0,100.0,True
APCOTEXIND.NS,1602,0,0.0,100.0,True
APEX.NS,1602,0,0.0,100.0,True
APLAPOLLO.NS,1602,0,0.0,100.0,True
APLLTD.NS,1602,0,0.0,100.0,True
APOLLO.NS,1602,0,0.0,100.0,True
APOLLOHOSP.NS,1602,0,0.0,100.0,True
APOLLOPIPE.NS,1602,0,0.0,100.0,True
APOLLOTYRE.NS,1602,0,0.0,100.0,True
APOLSINHOT.NS,1602,0,0.0,100.0,True
APS.NS,597,1005,0.6273408239700374,37.265917602996254,False
APTECHT.NS,1602,0,0.0,100.0,True
APTUS.NS,1193,409,0.25530586766541824,74.46941323345817,False
AQYLON.NS,1602,0,0.0,100.0,True
ARABIAN.NS,666,936,0.5842696629213483,41.57303370786517,False
ARCHIDPLY.NS,1602,0,0.0,100.0,True
ARCHIES.NS,1602,0,0.0,100.0,True
ARE&M.NS,1602,0,0.0,100.0,True
ARENTERP.NS,1602,0,0.0,100.0,True
ARIES.NS,1602,0,0.0,100.0,True
ARIHANT.NS,578,1024,0.6392009987515606,36.079900124843945,False
ARIHANTACA.NS,855,747,0.46629213483146065,53.37078651685394,False
ARIHANTCAP.NS,1241,361,0.22534332084893882,77.46566791510612,False
ARIHANTSUP.NS,1602,0,0.0,100.0,True
ARISTO.NS,836,766,0.4781523096129838,52.18476903870162,False
ARMANFIN.NS,1602,0,0.0,100.0,True
AROGRANITE.NS,1602,0,0.0,100.0,True
ARROWGREEN.NS,1602,0,0.0,100.0,True
ARSHIYA.NS,1602,0,0.0,100.0,True
ARTEMISMED.NS,1584,18,0.011235955056179775,98.87640449438202,True
ARTNIRMAN.NS,1602,0,0.0,100.0,True
ARVEE.NS,1602,0,0.0,100.0,True
ARVIND.NS,1602,0,0.0,100.0,True
ARVINDFASN.NS,1602,0,0.0,100.0,True
ARVSMART.NS,1602,0,0.0,100.0,True
ASAHIINDIA.NS,1602,0,0.0,100.0,True
ASAHISONG.NS,1602,0,0.0,100.0,True
ASAL.NS,1602,0,0.0,100.0,True
ASALCBR.NS,1572,30,0.018726591760299626,98.12734082397003,True
ASCOM.NS,1602,0,0.0,100.0,True
ASHAPURMIN.NS,1602,0,0.0,100.0,True
ASHIANA.NS,1602,0,0.0,100.0,True
ASHIMASYN.NS,1602,0,0.0,100.0,True
ASHOKA.NS,1602,0,0.0,100.0,True
ASHOKAMET.NS,736,866,0.5405742821473158,45.94257178526841,False
ASHOKLEY.NS,1602,0,0.0,100.0,True
ASIANENE.NS,1120,482,0.30087390761548066,69.91260923845192,False
ASIANHOTNR.NS,1602,0,0.0,100.0,True
ASIANPAINT.NS,1602,0,0.0,100.0,True
ASIANTILES.NS,1602,0,0.0,100.0,True
ASKAUTOLTD.NS,641,961,0.5998751560549314,40.01248439450686,False
ASMS.NS,1602,0,0.0,100.0,True
ASPINWALL.NS,1602,0,0.0,100.0,True
ASPIRE.NS,548,1054,0.6579275905118602,34.207240948813975,False
ASTEC.NS,1602,0,0.0,100.0,True
ASTERDM.NS,1602,0,0.0,100.0,True
ASTRAL.NS,1602,0,0.0,100.0,True
ASTRAMICRO.NS,1602,0,0.0,100.0,True
ASTRAZEN.NS,1602,0,0.0,100.0,True
ASTRON.NS,1602,0,0.0,100.0,True
ATALREAL.NS,1380,222,0.13857677902621723,86.14232209737828,False
ATAM.NS,770,832,0.519350811485643,48.0649188514357,False
ATGL.NS,1602,0,0.0,100.0,True
ATL.NS,705,897,0.5599250936329588,44.00749063670412,False
ATLANTAA.NS,1602,0,0.0,100.0,True
ATLASCYCLE.NS,1602,0,0.0,100.0,True
ATMASTCO.NS,573,1029,0.6423220973782772,35.767790262172284,False
ATUL.NS,1602,0,0.0,100.0,True
ATULAUTO.NS,1602,0,0.0,100.0,True
AUBANK.NS,1602,0,0.0,100.0,True
AURIGROW.NS,1602,0,0.0,100.0,True
AURIONPRO.NS,1602,0,0.0,100.0,True
AUROIMPEX.NS,761,841,0.5249687890137328,47.50312109862672,False
AUROPHARMA.NS,1602,0,0.0,100.0,True
AURUM.NS,1602,0,0.0,100.0,True
AUSOMENT.NS,1602,0,0.0,100.0,True
AUTOAXLES.NS,1602,0,0.0,100.0,True
AUTOIND.NS,1602,0,0.0,100.0,True
AVADHSUGAR.NS,1602,0,0.0,100.0,True
AVALON.NS,785,817,0.5099875156054932,49.001248439450684,False
AVANTIFEED.NS,1602,0,0.0,100.0,True
AVG.NS,1602,0,0.0,100.0,True
AVONMORE.NS,853,749,0.4675405742821473,53.24594257178528,False
AVPINFRA.NS,556,1046,0.6529338327091136,34.70661672908864,False
AVROIND.NS,1602,0,0.0,100.0,True
AVSL.NS,1602,0,0.0,100.0,True
AVTNPL.NS,1602,0,0.0,100.0,True
AWFIS.NS,511,1091,0.681023720349563,31.897627965043696,False
AWHCL.NS,1351,251,0.15667915106117353,84.33208489388264,False
AWL.NS,1078,524,0.32709113607990015,67.29088639200998,False
AXISBANK.NS,1602,0,0.0,100.0,True
AXISCADES.NS,1602,0,0.0,100.0,True
AXITA.NS,988,614,0.383270911360799,61.67290886392009,False
AYMSYNTEX.NS,1602,0,0.0,100.0,True
AZAD.NS,612,990,0.6179775280898876,38.20224719101124,False
BABAFP.NS,641,961,0.5998751560549314,40.01248439450686,False
BAFNAPH.NS,1602,0,0.0,100.0,True
BAGFILMS.NS,1602,0,0.0,100.0,True
BAHETI.NS,872,730,0.4556803995006242,54.43196004993758,False
BAIDFIN.NS,841,761,0.47503121098626716,52.49687890137329,False
BAJAJ-AUTO.NS,1602,0,0.0,100.0,True
BAJAJCON.NS,1602,0,0.0,100.0,True
BAJAJELEC.NS,1602,0,0.0,100.0,True
BAJAJFINSV.NS,1602,0,0.0,100.0,True
BAJAJHCARE.NS,1130,472,0.29463171036204744,70.53682896379524,False
BAJAJHIND.NS,1602,0,0.0,100.0,True
BAJAJHLDNG.NS,1602,0,0.0,100.0,True
BAJEL.NS,618,984,0.6142322097378277,38.57677902621723,False
BAJFINANCE.NS,1602,0,0.0,100.0,True
BALAJITELE.NS,1602,0,0.0,100.0,True
BALAMINES.NS,1602,0,0.0,100.0,True
BALAXI.NS,1602,0,0.0,100.0,True
BALKRISHNA.NS,1602,0,0.0,100.0,True
BALKRISIND.NS,1602,0,0.0,100.0,True
BALMLAWRIE.NS,1602,0,0.0,100.0,True
BALPHARMA.NS,1602,0,0.0,100.0,True
BALRAMCHIN.NS,1602,0,0.0,100.0,True
BALUFORGE.NS,532,1070,0.6679151061173533,33.208489388264674,False
BANARBEADS.NS,1602,0,0.0,100.0,True
BANARISUG.NS,1602,0,0.0,100.0,True
BANCOINDIA.NS,1602,0,0.0,100.0,True
BANDHANBNK.NS,1602,0,0.0,100.0,True
BANG.NS,1602,0,0.0,100.0,True
BANKA.NS,1602,0,0.0,100.0,True
BANKBARODA.NS,1602,0,0.0,100.0,True
BANKINDIA.NS,1602,0,0.0,100.0,True
BANSWRAS.NS,1602,0,0.0,100.0,True
BASF.NS,1602,0,0.0,100.0,True
BASILIC.NS,684,918,0.5730337078651685,42.69662921348315,False
BASML.NS,1602,0,0.0,100.0,True
BATAINDIA.NS,1602,0,0.0,100.0,True
BAWEJA.NS,586,1016,0.634207240948814,36.5792759051186,False
BAYERCROP.NS,1602,0,0.0,100.0,True
BBL.NS,1602,0,0.0,100.0,True
BBOX.NS,1602,0,0.0,100.0,True
BBTC.NS,1602,0,0.0,100.0,True
BBTCL.NS,1602,0,0.0,100.0,True
BCG.NS,1602,0,0.0,100.0,True
BCLIND.NS,1308,294,0.18352059925093633,81.64794007490637,False
BCONCEPTS.NS,1602,0,0.0,100.0,True
BDL.NS,1602,0,0.0,100.0,True
BEACON.NS,508,1094,0.682896379525593,31.7103620474407,False
BEARDSELL.NS,1602,0,0.0,100.0,True
BECTORFOOD.NS,1356,246,0.15355805243445692,84.64419475655431,False
BEDMUTHA.NS,1602,0,0.0,100.0,True
BEL.NS,1602,0,0.0,100.0,True
BEML.NS,1602,0,0.0,100.0,True
BEPL.NS,1602,0,0.0,100.0,True
BERGEPAINT.NS,1602,0,0.0,100.0,True
BESTAGRO.NS,1316,286,0.17852684144818975,82.14731585518102,False
BEWLTD.NS,1166,436,0.2721598002496879,72.78401997503121,False
BFINVEST.NS,1602,0,0.0,100.0,True
BFSI.NS,693,909,0.5674157303370787,43.25842696629213,False
BFUTILITIE.NS,1602,0,0.0,100.0,True
BGRENERGY.NS,1602,0,0.0,100.0,True
BHAGCHEM.NS,1156,446,0.2784019975031211,72.15980024968789,False
BHAGERIA.NS,1602,0,0.0,100.0,True
BHAGYANGR.NS,1602,0,0.0,100.0,True
BHANDARI.NS,1602,0,0.0,100.0,True
BHARATFORG.NS,1602,0,0.0,100.0,True
BHARATGEAR.NS,1602,0,0.0,100.0,True
BHARATRAS.NS,1602,0,0.0,100.0,True
BHARATWIRE.NS,1602,0,0.0,100.0,True
BHARTIARTL.NS,1602,0,0.0,100.0,True
BHARTIHEXA.NS,542,1060,0.66167290886392,33.832709113608,False
BHEL.NS,1602,0,0.0,100.0,True
BIGBLOC.NS,1602,0,0.0,100.0,True
BIKAJI.NS,888,714,0.44569288389513106,55.430711610486895,False
BIL.NS,1602,0,0.0,100.0,True
BIOCON.NS,1602,0,0.0,100.0,True
BIOFILCHEM.NS,1602,0,0.0,100.0,True
BIRDYS.NS,536,1066,0.66541822721598,33.458177278402005,False
BIRET.NS,1320,282,0.1760299625468165,82.39700374531836,False
BIRLACABLE.NS,1602,0,0.0,100.0,True
BIRLACORPN.NS,1602,0,0.0,100.0,True
BIRLAMONEY.NS,1602,0,0.0,100.0,True
BIRLANU.NS,1602,0,0.0,100.0,True
BLAL.NS,784,818,0.5106117353308365,48.93882646691635,False
BLBLIMITED.NS,1602,0,0.0,100.0,True
BLISSGVS.NS,1602,0,0.0,100.0,True
BLKASHYAP.NS,1602,0,0.0,100.0,True
BLS.NS,1602,0,0.0,100.0,True
BLSE.NS,586,1016,0.634207240948814,36.5792759051186,False
BLUECHIP.NS,1602,0,0.0,100.0,True
BLUECOAST.NS,1602,0,0.0,100.0,True
BLUEDART.NS,1602,0,0.0,100.0,True
BLUEJET.NS,650,952,0.5942571785268415,40.574282147315856,False
BLUEPEBBLE.NS,548,1054,0.6579275905118602,34.207240948813975,False
BLUESTARCO.NS,1602,0,0.0,100.0,True
BMETRICS.NS,1149,453,0.28277153558052437,71.72284644194757,False
BODALCHEM.NS,1602,0,0.0,100.0,True
BOHRAIND.NS,1602,0,0.0,100.0,True
BOMDYEING.NS,1602,0,0.0,100.0,True
BOROLTD.NS,1465,137,0.08551810237203496,91.4481897627965,True
BORORENEW.NS,1602,0,0.0,100.0,True
BOROSCI.NS,505,1097,0.684769038701623,31.523096129837704,False
BOSCH-HCIL.NS,1602,0,0.0,100.0,True
BOSCHLTD.NS,1602,0,0.0,100.0,True
BPCL.NS,1602,0,0.0,100.0,True
BPL.NS,1602,0,0.0,100.0,True
BRIGADE.NS,1602,0,0.0,100.0,True
BRITANNIA.NS,1602,0,0.0,100.0,True
BRNL.NS,1602,0,0.0,100.0,True
BROOKS.NS,1602,0,0.0,100.0,True
BSE.NS,1602,0,0.0,100.0,True
BSHSL.NS,1602,0,0.0,100.0,True
BSL.NS,1602,0,0.0,100.0,True
BSOFT.NS,1602,0,0.0,100.0,True
BTML.NS,1385,217,0.13545568039950062,86.45443196004993,False
BUTTERFLY.NS,1602,0,0.0,100.0,True
BVCL.NS,1602,0,0.0,100.0,True
BYKE.NS,1602,0,0.0,100.0,True
CADSYS.NS,1602,0,0.0,100.0,True
CALSOFT.NS,1602,0,0.0,100.0,True
CAMLINFINE.NS,1602,0,0.0,100.0,True
CAMPUS.NS,1019,583,0.36392009987515606,63.60799001248439,False
CAMS.NS,1413,189,0.11797752808988764,88.20224719101124,False
CANARYS.NS,664,938,0.5855181023720349,41.4481897627965,False
CANBK.NS,1602,0,0.0,100.0,True
CANFINHOME.NS,1602,0,0.0,100.0,True
CANTABIL.NS,1602,0,0.0,100.0,True
CAPACITE.NS,1602,0,0.0,100.0,True
CAPITALSFB.NS,580,1022,0.6379525593008739,36.20474406991261,False
CAPLIPOINT.NS,1602,0,0.0,100.0,True
CAPTRUST.NS,1602,0,0.0,100.0,True
CARBORUNIV.NS,1602,0,0.0,100.0,True
CARERATING.NS,1602,0,0.0,100.0,True
CARTRADE.NS,1195,407,0.2540574282147316,74.59425717852683,False
CARYSIL.NS,1342,260,0.16229712858926343,83.77028714107367,False
CASTROLIND.NS,1602,0,0.0,100.0,True
CBAZAAR.NS,625,977,0.6098626716604245,39.01373283395755,False
CCAVENUE.NS,1602,0,0.0,100.0,True
CCCL.NS,1602,0,0.0,100.0,True
CCHHL.NS,1602,0,0.0,100.0,True
CCL.NS,1602,0,0.0,100.0,True
CDSL.NS,1602,0,0.0,100.0,True
CEATLTD.NS,1602,0,0.0,100.0,True
CELEBRITY.NS,1602,0,0.0,100.0,True
CELLECOR.NS,672,930,0.5805243445692884,41.947565543071164,False
CELLO.NS,647,955,0.5961298377028714,40.387016229712856,False
CELLPOINT.NS,735,867,0.5411985018726592,45.88014981273408,False
CEMPRO.NS,1602,0,0.0,100.0,True
CENTENKA.NS,1602,0,0.0,100.0,True
CENTEXT.NS,1602,0,0.0,100.0,True
CENTRALBK.NS,1602,0,0.0,100.0,True
CENTRUM.NS,1602,0,0.0,100.0,True
CENTUM.NS,1602,0,0.0,100.0,True
CENTURYPLY.NS,1602,0,0.0,100.0,True
CERA.NS,1602,0,0.0,100.0,True
CEREBRAINT.NS,1602,0,0.0,100.0,True
CESC.NS,1602,0,0.0,100.0,True
CGCL.NS,1602,0,0.0,100.0,True
CGPOWER.NS,1602,0,0.0,100.0,True
CGRAPHICS.NS,544,1058,0.6604244694132334,33.95755305867666,False
CHALET.NS,1602,0,0.0,100.0,True
CHAMBLFERT.NS,1602,0,0.0,100.0,True
CHAVDA.NS,675,927,0.5786516853932584,42.134831460674164,False
CHEMBOND.NS,1602,0,0.0,100.0,True
CHEMCON.NS,1414,188,0.11735330836454431,88.26466916354558,False
CHEMFAB.NS,1602,0,0.0,100.0,True
CHEMPLASTS.NS,1193,409,0.25530586766541824,74.46941323345817,False
CHENNPETRO.NS,1602,0,0.0,100.0,True
CHEVIOT.NS,989,613,0.38264669163545567,61.73533083645444,False
CHOICEIN.NS,1037,565,0.35268414481897625,64.73158551810238,False
CHOLAFIN.NS,1602,0,0.0,100.0,True
CHOLAHLDNG.NS,1602,0,0.0,100.0,True
CIEINDIA.NS,1602,0,0.0,100.0,True
CINELINE.NS,1602,0,0.0,100.0,True
CINEVISTA.NS,1602,0,0.0,100.0,True
CIPLA.NS,1602,0,0.0,100.0,True
CLEAN.NS,1217,385,0.24032459425717853,75.96754057428214,False
CLEDUCATE.NS,1602,0,0.0,100.0,True
CLSEL.NS,1264,338,0.21098626716604243,78.90137328339576,False
CLSL.NS,692,910,0.568039950062422,43.196004993757796,False
CMNL.NS,845,757,0.47253433208489387,52.74656679151062,False
CMRSL.NS,913,689,0.43008739076154806,56.99126092384519,False
CMSINFO.NS,1104,498,0.31086142322097376,68.91385767790263,False
CNL.NS,1602,0,0.0,100.0,True
COALINDIA.NS,1602,0,0.0,100.0,True
COASTCORP.NS,1161,441,0.2752808988764045,72.47191011235955,False
COCHINSHIP.NS,1602,0,0.0,100.0,True
COFFEEDAY.NS,1602,0,0.0,100.0,True
COFORGE.NS,1602,0,0.0,100.0,True
COHANCE.NS,1555,47,0.02933832709113608,97.0661672908864,True
COLPAL.NS,1602,0,0.0,100.0,True
COMMITTED.NS,659,943,0.5886392009987516,41.13607990012484,False
COMPINFO.NS,1602,0,0.0,100.0,True
COMPUSOFT.NS,1602,0,0.0,100.0,True
COMSYN.NS,595,1007,0.6285892634207241,37.14107365792759,False
CONCOR.NS,1602,0,0.0,100.0,True
CONCORDBIO.NS,700,902,0.5630461922596754,43.69538077403246,False
CONFIPET.NS,1399,203,0.12671660424469414,87.32833957553059,False
CONS.NS,958,644,0.4019975031210986,59.80024968789014,False
CONSOFINVT.NS,1602,0,0.0,100.0,True
CONTI.NS,1602,0,0.0,100.0,True
CONTROLPR.NS,1602,0,0.0,100.0,True
COOLCAPS.NS,1038,564,0.352059925093633,64.7940074906367,False
CORALFINAC.NS,1602,0,0.0,100.0,True
CORDSCABLE.NS,1602,0,0.0,100.0,True
COROMANDEL.NS,1602,0,0.0,100.0,True
COSMOFIRST.NS,1602,0,0.0,100.0,True
COUNCODOS.NS,1602,0,0.0,100.0,True
CPCAP.NS,1602,0,0.0,100.0,True
CPS.NS,686,916,0.5717852684144819,42.82147315855182,False
CRAFTSMAN.NS,1294,308,0.19225967540574282,80.77403245942571,False
CRAYONS.NS,753,849,0.5299625468164794,47.00374531835207,False
CREATIVEYE.NS,1602,0,0.0,100.0,True
CREDITACC.NS,1602,0,0.0,100.0,True
CREST.NS,1602,0,0.0,100.0,True
CRISIL.NS,1602,0,0.0,100.0,True
CROMPTON.NS,1602,0,0.0,100.0,True
CROWN.NS,1602,0,0.0,100.0,True
CSBBANK.NS,1602,0,0.0,100.0,True
CSLFINANCE.NS,966,636,0.3970037453183521,60.299625468164784,False
CTE.NS,1602,0,0.0,100.0,True
CUB.NS,1602,0,0.0,100.0,True
CUBEXTUB.NS,1602,0,0.0,100.0,True
CUMMINSIND.NS,1602,0,0.0,100.0,True
CUPID.NS,1602,0,0.0,100.0,True
CURAA.NS,1602,0,0.0,100.0,True
CYBERMEDIA.NS,1602,0,0.0,100.0,True
CYBERTECH.NS,1602,0,0.0,100.0,True
CYIENT.NS,1602,0,0.0,100.0,True
CYIENTDLM.NS,728,874,0.5455680399500624,45.44319600499376,False
DABUR.NS,1602,0,0.0,100.0,True
DALBHARAT.NS,1602,0,0.0,100.0,True
DALMIASUG.NS,1602,0,0.0,100.0,True
DAMODARIND.NS,1602,0,0.0,100.0,True
DANGEE.NS,1602,0,0.0,100.0,True
DATAMATICS.NS,1602,0,0.0,100.0,True
DATAPATTNS.NS,1109,493,0.30774032459425715,69.22596754057429,False
DAVANGERE.NS,593,1009,0.6298377028714107,37.01622971285893,False
DBCORP.NS,1602,0,0.0,100.0,True
DBL.NS,1602,0,0.0,100.0,True
DBOL.NS,934,668,0.41697877652933835,58.30212234706617,False
DBREALTY.NS,1602,0,0.0,100.0,True
DBSTOCKBRO.NS,1602,0,0.0,100.0,True
DCAL.NS,1602,0,0.0,100.0,True
DCBBANK.NS,1602,0,0.0,100.0,True
DCG.NS,540,1062,0.6629213483146067,33.70786516853933,False
DCI.NS,1595,7,0.004369538077403246,99.56304619225968,True
DCM.NS,1602,0,0.0,100.0,True
DCMFINSERV.NS,1602,0,0.0,100.0,True
DCMNVL.NS,1602,0,0.0,100.0,True
DCMSHRIRAM.NS,1602,0,0.0,100.0,True
DCMSRIND.NS,1109,493,0.30774032459425715,69.22596754057429,False
DCW.NS,1602,0,0.0,100.0,True
DCXINDIA.NS,891,711,0.4438202247191011,55.61797752808989,False
DECCANCE.NS,1602,0,0.0,100.0,True
DEEM.NS,571,1031,0.6435705368289638,35.64294631710362,False
DEEPAKFERT.NS,1602,0,0.0,100.0,True
DEEPAKNTR.NS,1602,0,0.0,100.0,True
DEEPINDS.NS,1275,327,0.20411985018726592,79.58801498127342,False
DELAPLEX.NS,588,1014,0.6329588014981273,36.70411985018727,False
DELHIVERY.NS,1008,594,0.3707865168539326,62.92134831460674,False
DELPHIFX.NS,1602,0,0.0,100.0,True
DELTACORP.NS,1602,0,0.0,100.0,True
DELTAMAGNT.NS,1602,0,0.0,100.0,True
DEN.NS,1602,0,0.0,100.0,True
DENEERS.NS,769,833,0.5199750312109863,48.00249687890137,False
DENORA.NS,1602,0,0.0,100.0,True
DENTALKART.NS,753,849,0.5299625468164794,47.00374531835207,False
DESTINY.NS,1144,458,0.2858926342072409,71.4107365792759,False
DEVIT.NS,1602,0,0.0,100.0,True
DEVYANI.NS,1198,404,0.25218476903870163,74.78152309612985,False
DGCONTENT.NS,1602,0,0.0,100.0,True
DHAMPURSUG.NS,1602,0,0.0,100.0,True
DHANBANK.NS,1602,0,0.0,100.0,True
DHANUKA.NS,1602,0,0.0,100.0,True
DHARMAJ.NS,872,730,0.4556803995006242,54.43196004993758,False
DHRUV.NS,1130,472,0.29463171036204744,70.53682896379524,False
DHTL.NS,588,1014,0.6329588014981273,36.70411985018727,False
DHUNINV.NS,1602,0,0.0,100.0,True
DIACABS.NS,1602,0,0.0,100.0,True
DIAMINESQ.NS,675,927,0.5786516853932584,42.134831460674164,False
DIAMONDYD.NS,1602,0,0.0,100.0,True
DICIND.NS,1602,0,0.0,100.0,True
DIGIDRIVE.NS,603,999,0.6235955056179775,37.64044943820225,False
DIGIKORE.NS,669,933,0.5823970037453183,41.760299625468164,False
DIGISPICE.NS,1602,0,0.0,100.0,True
DIGJAMLMTD.NS,1602,0,0.0,100.0,True
DISHTV.NS,1602,0,0.0,100.0,True
DIVGIITTS.NS,806,796,0.4968789013732834,50.31210986267166,False
DIVISLAB.NS,1602,0,0.0,100.0,True
DIXON.NS,1602,0,0.0,100.0,True
DJML.NS,875,727,0.45380774032459426,54.61922596754057,False
DKEGL.NS,1142,460,0.28714107365792757,71.28589263420724,False
DLF.NS,1602,0,0.0,100.0,True
DLINKINDIA.NS,1602,0,0.0,100.0,True
DMART.NS,1602,0,0.0,100.0,True
DMCC.NS,1126,476,0.29712858926342073,70.28714107365792,False
DNAMEDIA.NS,1602,0,0.0,100.0,True
DODLA.NS,1232,370,0.23096129837702872,76.90387016229712,False
DOLATALGO.NS,1602,0,0.0,100.0,True
DOLLAR.NS,1602,0,0.0,100.0,True
DOLLEX.NS,858,744,0.46441947565543074,53.558052434456926,False
DOLPHIN.NS,1602,0,0.0,100.0,True
DOMS.NS,617,985,0.614856429463171,38.5143570536829,False
DONEAR.NS,1602,0,0.0,100.0,True
DPABHUSHAN.NS,1602,0,0.0,100.0,True
DPSCLTD.NS,1602,0,0.0,100.0,True
DPWIRES.NS,1602,0,0.0,100.0,True
DRCSYSTEMS.NS,1304,298,0.18601747815230962,81.39825218476904,False
DREAMFOLKS.NS,936,666,0.4157303370786517,58.42696629213483,False
DREDGECORP.NS,1602,0,0.0,100.0,True
DRONE.NS,719,883,0.5511860174781523,44.881398252184766,False
DRREDDY.NS,1602,0,0.0,100.0,True
DRSDILIP.NS,1602,0,0.0,100.0,True
DSSL.NS,1602,0,0.0,100.0,True
DTIL.NS,1602,0,0.0,100.0,True
DUCOL.NS,842,760,0.47440699126092384,52.55930087390761,False
DUCON.NS,1602,0,0.0,100.0,True
DUGLOBAL.NS,1177,425,0.26529338327091134,73.47066167290886,False
DVL.NS,1602,0,0.0,100.0,True
DWARKESH.NS,1602,0,0.0,100.0,True
DYCL.NS,962,640,0.3995006242197253,60.04993757802747,False
DYNAMATECH.NS,1602,0,0.0,100.0,True
DYNAMIC.NS,1148,454,0.2833957553058677,71.66042446941323,False
DYNPRO.NS,1602,0,0.0,100.0,True
E2E.NS,1602,0,0.0,100.0,True
EASEMYTRIP.NS,1298,304,0.18976279650436953,81.02372034956305,False
EASTSILK.NS,1602,0,0.0,100.0,True
ECLERX.NS,1602,0,0.0,100.0,True
EDELWEISS.NS,1602,0,0.0,100.0,True
EFACTOR.NS,666,936,0.5842696629213483,41.57303370786517,False
EFORCE.NS,613,989,0.6173533083645443,38.26466916354557,False
EICHERMOT.NS,1602,0,0.0,100.0,True
EIDPARRY.NS,1602,0,0.0,100.0,True
EIFFL.NS,1602,0,0.0,100.0,True
EIHAHOTELS.NS,1602,0,0.0,100.0,True
EIHOTEL.NS,1602,0,0.0,100.0,True
EIMCOELECO.NS,1602,0,0.0,100.0,True
EKC.NS,1602,0,0.0,100.0,True
ELDEHSG.NS,1035,567,0.3539325842696629,64.60674157303372,False
ELECON.NS,1602,0,0.0,100.0,True
ELECTCAST.NS,1602,0,0.0,100.0,True
ELECTHERM.NS,1602,0,0.0,100.0,True
ELGIEQUIP.NS,1602,0,0.0,100.0,True
ELGIRUBCO.NS,1602,0,0.0,100.0,True
ELIN.NS,856,746,0.4656679151061174,53.433208489388264,False
EMAMILTD.NS,1602,0,0.0,100.0,True
EMAMIREAL.NS,1602,0,0.0,100.0,True
EMBASSY.NS,1602,0,0.0,100.0,True
EMBDL.NS,1602,0,0.0,100.0,True
EMIL.NS,908,694,0.4332084893882647,56.67915106117354,False
EMKAY.NS,1602,0,0.0,100.0,True
EMKAYTOOLS.NS,1602,0,0.0,100.0,True
EMMBI.NS,1602,0,0.0,100.0,True
EMMIL.NS,520,1082,0.6754057428214731,32.45942571785269,False
EMSLIMITED.NS,677,925,0.5774032459425718,42.259675405742826,False
EMUDHRA.NS,1002,600,0.37453183520599254,62.546816479400746,False
ENDURANCE.NS,1602,0,0.0,100.0,True
ENERGYDEV.NS,1602,0,0.0,100.0,True
ENFUSE.NS,554,1048,0.6541822721598003,34.58177278401997,False
ENGINERSIN.NS,1602,0,0.0,100.0,True
ENIL.NS,1602,0,0.0,100.0,True
ENSER.NS,554,1048,0.6541822721598003,34.58177278401997,False
ENTERO.NS,578,1024,0.6392009987515606,36.079900124843945,False
EPACK.NS,591,1011,0.6310861423220974,36.89138576779026,False
EPIGRAL.NS,1196,406,0.2534332084893883,74.65667915106118,False
EPL.NS,1602,0,0.0,100.0,True
EQUIPPP.NS,1602,0,0.0,100.0,True
EQUITASBNK.NS,1393,209,0.13046192259675407,86.95380774032459,False
ERIS.NS,1602,0,0.0,100.0,True
ESABINDIA.NS,1602,0,0.0,100.0,True
ESAFSFB.NS,643,959,0.5986267166042447,40.13732833957553,False
ESCONET.NS,573,1029,0.6423220973782772,35.767790262172284,False
ESCORTS.NS,1602,0,0.0,100.0,True
ESFL.NS,730,872,0.5443196004993758,45.56803995006242,False
ESG.NS,693,909,0.5674157303370787,43.25842696629213,False
ESSARSHPNG.NS,1602,0,0.0,100.0,True
ESSENTIA.NS,1602,0,0.0,100.0,True
ESTER.NS,1602,0,0.0,100.0,True
ETERNAL.NS,1214,388,0.2421972534332085,75.78027465667915,False
ETHOSLTD.NS,1004,598,0.3732833957553059,62.67166042446941,False
EUROTEXIND.NS,1602,0,0.0,100.0,True
EVEREADY.NS,1602,0,0.0,100.0,True
EVERESTIND.NS,1602,0,0.0,100.0,True
EXCELINDUS.NS,1602,0,0.0,100.0,True
EXICOM.NS,566,1036,0.6466916354556804,35.33083645443196,False
EXIDEIND.NS,1602,0,0.0,100.0,True
EXPLEOSOL.NS,1602,0,0.0,100.0,True
EXXARO.NS,1198,404,0.25218476903870163,74.78152309612985,False
FACT.NS,1602,0,0.0,100.0,True
FAIRCHEMOR.NS,1356,246,0.15355805243445692,84.64419475655431,False
FAZE3Q.NS,886,716,0.4469413233458177,55.305867665418226,False
FCL.NS,1602,0,0.0,100.0,True
FCSSOFT.NS,1602,0,0.0,100.0,True
FDC.NS,1602,0,0.0,100.0,True
FEDERALBNK.NS,1602,0,0.0,100.0,True
FEDFINA.NS,631,971,0.6061173533083646,39.38826466916354,False
FEL.NS,1602,0,0.0,100.0,True
FELDVR.NS,1602,0,0.0,100.0,True
FELIX.NS,1602,0,0.0,100.0,True
FIBERWEB.NS,1072,530,0.33083645443196,66.91635455680401,False
FIDEL.NS,985,617,0.38514357053682896,61.48564294631711,False
FIEMIND.NS,1602,0,0.0,100.0,True
FILATEX.NS,1602,0,0.0,100.0,True
FILATFASH.NS,528,1074,0.6704119850187266,32.95880149812734,False
FINCABLES.NS,1602,0,0.0,100.0,True
FINEORG.NS,1602,0,0.0,100.0,True
FINOPB.NS,1138,464,0.28963795255930086,71.0362047440699,False
FINPIPE.NS,1602,0,0.0,100.0,True
FIVESTAR.NS,885,717,0.44756554307116103,55.243445692883896,False
FLAIR.NS,630,972,0.6067415730337079,39.32584269662921,False
FLEXITUFF.NS,1602,0,0.0,100.0,True
FLFL.NS,1602,0,0.0,100.0,True
FLUOROCHEM.NS,1602,0,0.0,100.0,True
FMGOETZE.NS,1602,0,0.0,100.0,True
FMNL.NS,1602,0,0.0,100.0,True
FOCUS.NS,1602,0,0.0,100.0,True
FONEBOX.NS,588,1014,0.6329588014981273,36.70411985018727,False
FOODSIN.NS,1136,466,0.2908863920099875,70.91136079900124,False
FORCEMOT.NS,1564,38,0.02372034956304619,97.62796504369538,True
FORTIS.NS,1602,0,0.0,100.0,True
FOSECOIND.NS,1602,0,0.0,100.0,True
FROG.NS,910,692,0.43196004993757803,56.803995006242204,False
FSL.NS,1602,0,0.0,100.0,True
FUSION.NS,889,713,0.44506866416978774,55.493133583021226,False
GABRIEL.NS,1602,0,0.0,100.0,True
GAEL.NS,1602,0,0.0,100.0,True
GAIL.NS,1602,0,0.0,100.0,True
GALAXYSURF.NS,1602,0,0.0,100.0,True
GALLANTT.NS,1602,0,0.0,100.0,True
GANDHAR.NS,631,971,0.6061173533083646,39.38826466916354,False
GANDHITUBE.NS,1602,0,0.0,100.0,True
GANECOS.NS,1602,0,0.0,100.0,True
GANESHBE.NS,1177,425,0.26529338327091134,73.47066167290886,False
GANESHHOU.NS,1602,0,0.0,100.0,True
GANGAFORGE.NS,1602,0,0.0,100.0,True
GANGESSECU.NS,1602,0,0.0,100.0,True
GARFIBRES.NS,1602,0,0.0,100.0,True
GATECH.NS,1602,0,0.0,100.0,True
GATECHDVR.NS,1602,0,0.0,100.0,True
GATEWAY.NS,1050,552,0.3445692883895131,65.54307116104869,False
GAYAHWS.NS,1602,0,0.0,100.0,True
GAYAPROJ.NS,1602,0,0.0,100.0,True
GEECEE.NS,1602,0,0.0,100.0,True
GEEKAYWIRE.NS,1602,0,0.0,100.0,True
GENCON.NS,1320,282,0.1760299625468165,82.39700374531836,False
GENESYS.NS,1602,0,0.0,100.0,True
GENUSPAPER.NS,1602,0,0.0,100.0,True
GENUSPOWER.NS,1602,0,0.0,100.0,True
GEOJITFSL.NS,1602,0,0.0,100.0,True
GESHIP.NS,1602,0,0.0,100.0,True
GFLLIMITED.NS,1602,0,0.0,100.0,True
GHCL.NS,1602,0,0.0,100.0,True
GHCLTEXTIL.NS,747,855,0.5337078651685393,46.62921348314607,False
GICHSGFIN.NS,1602,0,0.0,100.0,True
GICL.NS,1602,0,0.0,100.0,True
GICRE.NS,1602,0,0.0,100.0,True
GILLANDERS.NS,1602,0,0.0,100.0,True
GILLETTE.NS,1602,0,0.0,100.0,True
GINNIFILA.NS,1602,0,0.0,100.0,True
GIPCL.NS,1602,0,0.0,100.0,True
GIRIRAJ.NS,1602,0,0.0,100.0,True
GKWLIMITED.NS,1602,0,0.0,100.0,True
GLAND.NS,1379,223,0.13920099875156056,86.07990012484395,False
GLAXO.NS,1602,0,0.0,100.0,True
GLENMARK.NS,1602,0,0.0,100.0,True
GLFL.NS,1602,0,0.0,100.0,True
GLOBAL.NS,1602,0,0.0,100.0,True
GLOBALPET.NS,728,874,0.5455680399500624,45.44319600499376,False
GLOBALVECT.NS,1602,0,0.0,100.0,True
GLOBE.NS,1602,0,0.0,100.0,True
GLOBUSSPR.NS,1602,0,0.0,100.0,True
GLOSTERLTD.NS,533,1069,0.66729088639201,33.270911360799005,False
GMBREW.NS,1602,0,0.0,100.0,True
GMDCLTD.NS,1602,0,0.0,100.0,True
GMMPFAUDLR.NS,1602,0,0.0,100.0,True
GMRAIRPORT.NS,1602,0,0.0,100.0,True
GMRP&UI.NS,1049,553,0.34519350811485644,65.48064918851435,False
GNA.NS,1602,0,0.0,100.0,True
GNFC.NS,1602,0,0.0,100.0,True
GOACARBON.NS,1602,0,0.0,100.0,True
GOCLCORP.NS,1602,0,0.0,100.0,True
GOCOLORS.NS,1127,475,0.2965043695380774,70.34956304619226,False
GODFRYPHLP.NS,1602,0,0.0,100.0,True
GODIGIT.NS,516,1086,0.6779026217228464,32.20973782771536,False
GODREJAGRO.NS,1602,0,0.0,100.0,True
GODREJCP.NS,1602,0,0.0,100.0,True
GODREJIND.NS,1602,0,0.0,100.0,True
GODREJPROP.NS,1602,0,0.0,100.0,True
GOKEX.NS,1602,0,0.0,100.0,True
GOKUL.NS,1602,0,0.0,100.0,True
GOKULAGRO.NS,1602,0,0.0,100.0,True
GOODLUCK.NS,1602,0,0.0,100.0,True
GOODYEAR.NS,1026,576,0.3595505617977528,64.04494382022472,False
GOPAL.NS,560,1042,0.6504369538077404,34.95630461922596,False
GOYALALUM.NS,895,707,0.44132334581772786,55.867665418227205,False
GOYALSALT.NS,664,938,0.5855181023720349,41.4481897627965,False
GPIL.NS,1602,0,0.0,100.0,True
GPPL.NS,1602,0,0.0,100.0,True
GPTHEALTH.NS,569,1033,0.6448189762796505,35.51810237203495,False
GPTINFRA.NS,1602,0,0.0,100.0,True
GRANULES.NS,1602,0,0.0,100.0,True
GRAPHISAD.NS,622,980,0.6117353308364545,38.826466916354555,False
GRAPHITE.NS,1602,0,0.0,100.0,True
GRASIM.NS,1602,0,0.0,100.0,True
GRAUWEIL.NS,630,972,0.6067415730337079,39.32584269662921,False
GRAVITA.NS,1602,0,0.0,100.0,True
GRCL.NS,830,772,0.4818976279650437,51.810237203495625,False
GREAVESCOT.NS,1602,0,0.0,100.0,True
GREENCHEF.NS,730,872,0.5443196004993758,45.56803995006242,False
GREENLAM.NS,1602,0,0.0,100.0,True
GREENPANEL.NS,1602,0,0.0,100.0,True
GREENPLY.NS,1602,0,0.0,100.0,True
GREENPOWER.NS,1602,0,0.0,100.0,True
GRETEX.NS,1602,0,0.0,100.0,True
GRINDWELL.NS,1602,0,0.0,100.0,True
GRINFRA.NS,1217,385,0.24032459425717853,75.96754057428214,False
GRMOVER.NS,935,667,0.416354556803995,58.3645443196005,False
GROBTEA.NS,1602,0,0.0,100.0,True
GRPLTD.NS,1602,0,0.0,100.0,True
GRSE.NS,1602,0,0.0,100.0,True
GRWRHITECH.NS,1081,521,0.3252184769038702,67.47815230961298,False
GSFC.NS,1602,0,0.0,100.0,True
GSLSU.NS,799,803,0.5012484394506866,49.87515605493134,False
GSMFOILS.NS,510,1092,0.6816479400749064,31.835205992509362,False
GSS.NS,1602,0,0.0,100.0,True
GSTL.NS,991,611,0.381398252184769,61.8601747815231,False
GTECJAINX.NS,1602,0,0.0,100.0,True
GTL.NS,1602,0,0.0,100.0,True
GTLINFRA.NS,1602,0,0.0,100.0,True
GTPL.NS,1602,0,0.0,100.0,True
GUFICBIO.NS,1602,0,0.0,100.0,True
GUJALKALI.NS,1602,0,0.0,100.0,True
GUJAPOLLO.NS,1602,0,0.0,100.0,True
GUJGASLTD.NS,1602,0,0.0,100.0,True
GUJRAFFIA.NS,1593,9,0.0056179775280898875,99.43820224719101,True
GULFOILLUB.NS,1602,0,0.0,100.0,True
GULFPETRO.NS,1602,0,0.0,100.0,True
GULPOLY.NS,1602,0,0.0,100.0,True
GVKPIL.NS,1602,0,0.0,100.0,True
GVPIL.NS,1602,0,0.0,100.0,True
GVPTECH.NS,1602,0,0.0,100.0,True
GVT&D.NS,1602,0,0.0,100.0,True
HAL.NS,1602,0,0.0,100.0,True
HALEOSLABS.NS,1602,0,0.0,100.0,True
HAPPSTMNDS.NS,1424,178,0.1111111111111111,88.88888888888889,False
HAPPYFORGE.NS,613,989,0.6173533083645443,38.26466916354557,False
HARDWYN.NS,1035,567,0.3539325842696629,64.60674157303372,False
HARIOMPIPE.NS,1034,568,0.3545568039950062,64.54431960049938,False
HARRMALAYA.NS,1602,0,0.0,100.0,True
HARSHA.NS,922,680,0.42446941323345816,57.55305867665419,False
HATHWAY.NS,1602,0,0.0,100.0,True
HATSUN.NS,1602,0,0.0,100.0,True
HAVELLS.NS,1602,0,0.0,100.0,True
HAVISHA.NS,1602,0,0.0,100.0,True
HBLENGINE.NS,1602,0,0.0,100.0,True
HBSL.NS,1602,0,0.0,100.0,True
HCC.NS,1602,0,0.0,100.0,True
HCG.NS,1602,0,0.0,100.0,True
HCL-INSYS.NS,1602,0,0.0,100.0,True
HCLTECH.NS,1602,0,0.0,100.0,True
HDFCAMC.NS,1602,0,0.0,100.0,True
HDFCBANK.NS,1602,0,0.0,100.0,True
HDFCLIFE.NS,1602,0,0.0,100.0,True
HDIL.NS,1602,0,0.0,100.0,True
HEADSUP.NS,1602,0,0.0,100.0,True
HECPROJECT.NS,1602,0,0.0,100.0,True
HEG.NS,1602,0,0.0,100.0,True
HEIDELBERG.NS,1602,0,0.0,100.0,True
HEMIPROP.NS,1400,202,0.12609238451935081,87.39076154806492,False
HERANBA.NS,1307,295,0.18414481897627966,81.58551810237203,False
HERITGFOOD.NS,1602,0,0.0,100.0,True
HEROMOTOCO.NS,1602,0,0.0,100.0,True
HESTERBIO.NS,1602,0,0.0,100.0,True
HEXATRADEX.NS,1602,0,0.0,100.0,True
HFCL.NS,1602,0,0.0,100.0,True
HGINFRA.NS,1602,0,0.0,100.0,True
HGM.NS,1602,0,0.0,100.0,True
HGS.NS,1602,0,0.0,100.0,True
HIGREEN.NS,672,930,0.5805243445692884,41.947565543071164,False
HIKAL.NS,1602,0,0.0,100.0,True
HILTON.NS,1602,0,0.0,100.0,True
HIMATSEIDE.NS,1602,0,0.0,100.0,True
HINDALCO.NS,1602,0,0.0,100.0,True
HINDCOMPOS.NS,1602,0,0.0,100.0,True
HINDCON.NS,1602,0,0.0,100.0,True
HINDCOPPER.NS,1602,0,0.0,100.0,True
HINDOILEXP.NS,1602,0,0.0,100.0,True
HINDPETRO.NS,1602,0,0.0,100.0,True
HINDUNILVR.NS,1602,0,0.0,100.0,True
HINDWAREAP.NS,1602,0,0.0,100.0,True
HINDZINC.NS,1602,0,0.0,100.0,True
HIRECT.NS,1602,0,0.0,100.0,True
HISARMETAL.NS,1602,0,0.0,100.0,True
HITECH.NS,1602,0,0.0,100.0,True
HITECHCORP.NS,1602,0,0.0,100.0,True
HITECHGEAR.NS,1602,0,0.0,100.0,True
HLEGLAS.NS,1316,286,0.17852684144818975,82.14731585518102,False
HLVLTD.NS,1602,0,0.0,100.0,True
HMAAGRO.NS,732,870,0.5430711610486891,45.69288389513109,False
HMT.NS,1602,0,0.0,100.0,True
HMVL.NS,1602,0,0.0,100.0,True
HNDFDS.NS,1602,0,0.0,100.0,True
HOACFOODS.NS,515,1087,0.6785268414481898,32.14731585518103,False
HOLMARC.NS,675,927,0.5786516853932584,42.134831460674164,False
HOMEFIRST.NS,1329,273,0.1704119850187266,82.95880149812734,False
HOMESFY.NS,855,747,0.46629213483146065,53.37078651685394,False
HONASA.NS,646,956,0.5967540574282147,40.324594257178525,False
HONAUT.NS,1602,0,0.0,100.0,True
HPAL.NS,1108,494,0.3083645443196005,69.16354556803995,False
HPIL.NS,1573,29,0.018102372034956304,98.18976279650437,True
HPL.NS,1602,0,0.0,100.0,True
HRHNEXT.NS,608,994,0.6204744069912609,37.952559300873915,False
HSCL.NS,1602,0,0.0,100.0,True
HTMEDIA.NS,1602,0,0.0,100.0,True
HUBTOWN.NS,1602,0,0.0,100.0,True
HUDCO.NS,1602,0,0.0,100.0,True
HUHTAMAKI.NS,1602,0,0.0,100.0,True
HYBRIDFIN.NS,874,728,0.4544319600499376,54.55680399500624,False
IBLFL.NS,599,1003,0.6260923845193508,37.39076154806492,False
IBULLSLTD.NS,1602,0,0.0,100.0,True
ICDSLTD.NS,1226,376,0.23470661672908863,76.52933832709114,False
ICEMAKE.NS,1602,0,0.0,100.0,True
ICICIBANK.NS,1602,0,0.0,100.0,True
ICICIGI.NS,1602,0,0.0,100.0,True
ICICIPRULI.NS,1602,0,0.0,100.0,True
ICIL.NS,1602,0,0.0,100.0,True
ICRA.NS,1602,0,0.0,100.0,True
IDBI.NS,1602,0,0.0,100.0,True
IDEA.NS,1602,0,0.0,100.0,True
IDEAFORGE.NS,729,873,0.5449438202247191,45.50561797752809,False
IDFCFIRSTB.NS,1602,0,0.0,100.0,True
IEML.NS,517,1085,0.6772784019975031,32.27215980024969,False
IEX.NS,1602,0,0.0,100.0,True
IFBAGRO.NS,1602,0,0.0,100.0,True
IFBIND.NS,1602,0,0.0,100.0,True
IFCI.NS,1602,0,0.0,100.0,True
IFGLEXPOR.NS,1602,0,0.0,100.0,True
IGARASHI.NS,1602,0,0.0,100.0,True
IGL.NS,1602,0,0.0,100.0,True
IGPL.NS,1602,0,0.0,100.0,True
IIFL.NS,1602,0,0.0,100.0,True
IIFLCAPS.NS,1602,0,0.0,100.0,True
IITL.NS,1602,0,0.0,100.0,True
IKIO.NS,743,859,0.5362047440699126,46.379525593008744,False
IL&FSENGG.NS,1602,0,0.0,100.0,True
IL&FSTRANS.NS,1602,0,0.0,100.0,True
IMAGICAA.NS,1602,0,0.0,100.0,True
IMFA.NS,1602,0,0.0,100.0,True
IMPAL.NS,1602,0,0.0,100.0,True
IMPEXFERRO.NS,1602,0,0.0,100.0,True
INCREDIBLE.NS,1602,0,0.0,100.0,True
INDBANK.NS,1602,0,0.0,100.0,True
INDGN.NS,523,1079,0.6735330836454432,32.64669163545568,False
INDHOTEL.NS,1602,0,0.0,100.0,True
INDIACEM.NS,1602,0,0.0,100.0,True
INDIAGLYCO.NS,1602,0,0.0,100.0,True
INDIAMART.NS,1602,0,0.0,100.0,True
INDIANB.NS,1602,0,0.0,100.0,True
INDIANCARD.NS,1602,0,0.0,100.0,True
INDIANHUME.NS,1602,0,0.0,100.0,True
INDIASHLTR.NS,617,985,0.614856429463171,38.5143570536829,False
INDIFRA.NS,611,991,0.6186017478152309,38.13982521847691,False
INDIGO.NS,1602,0,0.0,100.0,True
INDIGOPNTS.NS,1330,272,0.16978776529338327,83.02122347066168,False
INDIGRID.NS,1602,0,0.0,100.0,True
INDNIPPON.NS,1602,0,0.0,100.0,True
INDOAMIN.NS,1024,578,0.36079900124843944,63.920099875156055,False
INDOBORAX.NS,1045,557,0.34769038701622973,65.23096129837703,False
INDOCO.NS,1602,0,0.0,100.0,True
INDORAMA.NS,1602,0,0.0,100.0,True
INDOSTAR.NS,1602,0,0.0,100.0,True
INDOTECH.NS,1602,0,0.0,100.0,True
INDOTHAI.NS,1602,0,0.0,100.0,True
INDOWIND.NS,1602,0,0.0,100.0,True
INDRAMEDCO.NS,1602,0,0.0,100.0,True
INDSWFTLAB.NS,1602,0,0.0,100.0,True
INDTERRAIN.NS,1602,0,0.0,100.0,True
INDUSINDBK.NS,1602,0,0.0,100.0,True
INDUSTOWER.NS,1602,0,0.0,100.0,True
INFINIUM.NS,786,816,0.5093632958801498,49.063670411985015,False
INFOBEAN.NS,1602,0,0.0,100.0,True
INFOLLION.NS,749,853,0.5324594257178527,46.754057428214736,False
INFOMEDIA.NS,1602,0,0.0,100.0,True
INFY.NS,1602,0,0.0,100.0,True
INGERRAND.NS,1602,0,0.0,100.0,True
INM.NS,573,1029,0.6423220973782772,35.767790262172284,False
INNOVACAP.NS,611,991,0.6186017478152309,38.13982521847691,False
INNOVANA.NS,1602,0,0.0,100.0,True
INOXGREEN.NS,883,719,0.4488139825218477,55.118601747815234,False
INOXINDIA.NS,616,986,0.6154806491885143,38.45193508114857,False
INOXWIND.NS,1602,0,0.0,100.0,True
INSECTICID.NS,1602,0,0.0,100.0,True
INSPIRE.NS,668,934,0.5830212234706617,41.69787765293383,False
INSPIRISYS.NS,1602,0,0.0,100.0,True
INTELLECT.NS,1602,0,0.0,100.0,True
INTENTECH.NS,1602,0,0.0,100.0,True
INTLCONV.NS,1177,425,0.26529338327091134,73.47066167290886,False
INVENTURE.NS,1602,0,0.0,100.0,True
IOB.NS,1602,0,0.0,100.0,True
IOC.NS,1602,0,0.0,100.0,True
IOLCP.NS,1602,0,0.0,100.0,True
IONEXCHANG.NS,1068,534,0.3333333333333333,66.66666666666667,False
IPCALAB.NS,1602,0,0.0,100.0,True
IPL.NS,1227,375,0.2340823970037453,76.59176029962546,False
IPSL.NS,890,712,0.4444444444444444,55.55555555555556,False
IRB.NS,1602,0,0.0,100.0,True
IRBINVIT.NS,1602,0,0.0,100.0,True
IRCON.NS,1602,0,0.0,100.0,True
IRCTC.NS,1602,0,0.0,100.0,True
IREDA.NS,632,970,0.6054931335830213,39.45068664169787,False
IRFC.NS,1332,270,0.16853932584269662,83.14606741573034,False
IRIS.NS,1142,460,0.28714107365792757,71.28589263420724,False
IRISDOREME.NS,1602,0,0.0,100.0,True
IRMENERGY.NS,654,948,0.5917602996254682,40.823970037453186,False
ISFT.NS,1602,0,0.0,100.0,True
ISGEC.NS,1269,333,0.20786516853932585,79.21348314606742,False
ISHAN.NS,923,679,0.42384519350811484,57.61548064918851,False
IT.NS,1308,294,0.18352059925093633,81.64794007490637,False
ITALIANE.NS,582,1020,0.6367041198501873,36.329588014981276,False
ITC.NS,1602,0,0.0,100.0,True
ITDC.NS,1602,0,0.0,100.0,True
ITI.NS,1602,0,0.0,100.0,True
IVC.NS,1602,0,0.0,100.0,True
IVP.NS,1602,0,0.0,100.0,True
IZMO.NS,1602,0,0.0,100.0,True
J&KBANK.NS,1602,0,0.0,100.0,True
JAGRAN.NS,1602,0,0.0,100.0,True
JAGSNPHARM.NS,1602,0,0.0,100.0,True
JAIBALAJI.NS,1602,0,0.0,100.0,True
JAICORPLTD.NS,1602,0,0.0,100.0,True
JAINAM.NS,1151,451,0.2815230961298377,71.84769038701623,False
JAIPURKURT.NS,1602,0,0.0,100.0,True
JAKHARIA.NS,1602,0,0.0,100.0,True
JALAN.NS,1602,0,0.0,100.0,True
JAMNAAUTO.NS,1602,0,0.0,100.0,True
JASH.NS,1602,0,0.0,100.0,True
JAYAGROGN.NS,1602,0,0.0,100.0,True
JAYBARMARU.NS,1602,0,0.0,100.0,True
JAYNECOIND.NS,1602,0,0.0,100.0,True
JAYSREETEA.NS,1602,0,0.0,100.0,True
JBCHEPHARM.NS,1602,0,0.0,100.0,True
JBMA.NS,1602,0,0.0,100.0,True
JETFREIGHT.NS,1602,0,0.0,100.0,True
JETKNIT.NS,1602,0,0.0,100.0,True
JFLLIFE.NS,934,668,0.41697877652933835,58.30212234706617,False
JGCHEM.NS,561,1041,0.649812734082397,35.0187265917603,False
JHS.NS,1602,0,0.0,100.0,True
JINDALPHOT.NS,1602,0,0.0,100.0,True
JINDALPOLY.NS,1602,0,0.0,100.0,True
JINDALSAW.NS,1602,0,0.0,100.0,True
JINDALSTEL.NS,1602,0,0.0,100.0,True
JINDRILL.NS,1602,0,0.0,100.0,True
JINDWORLD.NS,1602,0,0.0,100.0,True
JIOFIN.NS,699,903,0.5636704119850188,43.63295880149812,False
JISLDVREQS.NS,1602,0,0.0,100.0,True
JISLJALEQS.NS,1602,0,0.0,100.0,True
JITFINFRA.NS,1602,0,0.0,100.0,True
JIWANRAM.NS,679,923,0.5761548064918851,42.38451935081149,False
JKCEMENT.NS,1602,0,0.0,100.0,True
JKIL.NS,1602,0,0.0,100.0,True
JKLAKSHMI.NS,1602,0,0.0,100.0,True
JKPAPER.NS,1602,0,0.0,100.0,True
JKTYRE.NS,1602,0,0.0,100.0,True
JLHL.NS,679,923,0.5761548064918851,42.38451935081149,False
JMA.NS,1602,0,0.0,100.0,True
JMFINANCIL.NS,1602,0,0.0,100.0,True
JNKINDIA.NS,531,1071,0.6685393258426966,33.14606741573034,False
JOCIL.NS,1602,0,0.0,100.0,True
JPOLYINVST.NS,1602,0,0.0,100.0,True
JPPOWER.NS,1602,0,0.0,100.0,True
JSFB.NS,580,1022,0.6379525593008739,36.20474406991261,False
JSL.NS,1602,0,0.0,100.0,True
JSLL.NS,1022,580,0.3620474406991261,63.79525593008739,False
JSWDULUX.NS,1602,0,0.0,100.0,True
JSWENERGY.NS,1602,0,0.0,100.0,True
JSWHL.NS,1602,0,0.0,100.0,True
JSWINFRA.NS,670,932,0.581772784019975,41.8227215980025,False
JSWSTEEL.NS,1602,0,0.0,100.0,True
JTEKTINDIA.NS,1602,0,0.0,100.0,True
JTLIND.NS,1110,492,0.30711610486891383,69.28838951310861,False
JUBLFOOD.NS,1602,0,0.0,100.0,True
JUBLINGREA.NS,1298,304,0.18976279650436953,81.02372034956305,False
JUBLPHARMA.NS,1602,0,0.0,100.0,True
JUNIPER.NS,570,1032,0.6441947565543071,35.580524344569284,False
JUSTDIAL.NS,1602,0,0.0,100.0,True
JWL.NS,1602,0,0.0,100.0,True
JYOTHYLAB.NS,1602,0,0.0,100.0,True
JYOTICNC.NS,599,1003,0.6260923845193508,37.39076154806492,False
JYOTISTRUC.NS,1602,0,0.0,100.0,True
K2INFRA.NS,545,1057,0.6598002496878901,34.01997503121099,False
KABRAEXTRU.NS,1602,0,0.0,100.0,True
KAJARIACER.NS,1602,0,0.0,100.0,True
KAKATCEM.NS,1602,0,0.0,100.0,True
KALAMANDIR.NS,673,929,0.579900124843945,42.009987515605495,False
KALYANIFRG.NS,1602,0,0.0,100.0,True
KALYANKJIL.NS,1293,309,0.19288389513108614,80.71161048689139,False
KAMATHOTEL.NS,1602,0,0.0,100.0,True
KAMDHENU.NS,1602,0,0.0,100.0,True
KAMOPAINTS.NS,839,763,0.4762796504369538,52.372034956304624,False
KANANIIND.NS,1602,0,0.0,100.0,True
KANDARP.NS,920,682,0.4257178526841448,57.42821473158553,False
KANORICHEM.NS,1602,0,0.0,100.0,True
KANPRPLA.NS,1350,252,0.15730337078651685,84.26966292134833,False
KANSAINER.NS,1602,0,0.0,100.0,True
KAPSTON.NS,1602,0,0.0,100.0,True
KARMAENG.NS,1602,0,0.0,100.0,True
KARNIKA.NS,663,939,0.5861423220973783,41.38576779026217,False
KARURVYSYA.NS,1602,0,0.0,100.0,True
KAUSHALYA.NS,1602,0,0.0,100.0,True
KAVDEFENCE.NS,1602,0,0.0,100.0,True
KAYA.NS,1602,0,0.0,100.0,True
KAYNES.NS,884,718,0.44818976279650435,55.181023720349565,False
KCEIL.NS,606,996,0.6217228464419475,37.827715355805246,False
KCK.NS,965,637,0.3976279650436954,60.23720349563047,False
KCP.NS,1602,0,0.0,100.0,True
KCPSUGIND.NS,1602,0,0.0,100.0,True
KDDL.NS,1602,0,0.0,100.0,True
KDL.NS,745,857,0.5349563046192259,46.504369538077405,False
KEC.NS,1602,0,0.0,100.0,True
KECL.NS,1602,0,0.0,100.0,True
KEEPLEARN.NS,1294,308,0.19225967540574282,80.77403245942571,False
KEI.NS,1602,0,0.0,100.0,True
KEL.NS,674,928,0.5792759051186017,42.072409488139826,False
KELLTONTEC.NS,1602,0,0.0,100.0,True
KENNAMET.NS,1026,576,0.3595505617977528,64.04494382022472,False
KERNEX.NS,1602,0,0.0,100.0,True
KESORAMIND.NS,1602,0,0.0,100.0,True
KEYFINSERV.NS,1602,0,0.0,100.0,True
KFINTECH.NS,857,745,0.46504369538077406,53.495630461922595,False
KHADIM.NS,1602,0,0.0,100.0,True
KHAICHEM.NS,1394,208,0.12983770287141075,87.01622971285893,False
KHAITANLTD.NS,1602,0,0.0,100.0,True
KHANDSE.NS,1602,0,0.0,100.0,True
KHFM.NS,1602,0,0.0,100.0,True
KICL.NS,1602,0,0.0,100.0,True
KILITCH.NS,1602,0,0.0,100.0,True
KIMS.NS,1232,370,0.23096129837702872,76.90387016229712,False
KINGFA.NS,1602,0,0.0,100.0,True
KIOCL.NS,1602,0,0.0,100.0,True
KIRIINDUS.NS,1602,0,0.0,100.0,True
KIRLFER.NS,1027,575,0.3589263420724095,64.10736579275905,False
KIRLOSBROS.NS,1602,0,0.0,100.0,True
KIRLOSENG.NS,1602,0,0.0,100.0,True
KIRLOSIND.NS,1602,0,0.0,100.0,True
KIRLPNU.NS,779,823,0.5137328339575531,48.62671660424469,False
KITEX.NS,1602,0,0.0,100.0,True
KKCL.NS,1602,0,0.0,100.0,True
KLL.NS,605,997,0.6223470661672909,37.765293383270915,False
KMSUGAR.NS,1602,0,0.0,100.0,True
KNAGRI.NS,1036,566,0.3533083645443196,64.66916354556804,False
KNRCON.NS,1602,0,0.0,100.0,True
KODYTECH.NS,673,929,0.579900124843945,42.009987515605495,False
KOHINOOR.NS,1602,0,0.0,100.0,True
KOKUYOCMLN.NS,1602,0,0.0,100.0,True
KOLTEPATIL.NS,1602,0,0.0,100.0,True
KONSTELEC.NS,591,1011,0.6310861423220974,36.89138576779026,False
KONTOR.NS,665,937,0.5848938826466916,41.51061173533084,False
KOPRAN.NS,1602,0,0.0,100.0,True
KORE.NS,934,668,0.41697877652933835,58.30212234706617,False
KOTAKBANK.NS,1602,0,0.0,100.0,True
KOTARISUG.NS,1602,0,0.0,100.0,True
KOTHARIPET.NS,1602,0,0.0,100.0,True
KOTHARIPRO.NS,1602,0,0.0,100.0,True
KOTYARK.NS,1135,467,0.2915106117353308,70.84893882646692,False
KOVAI.NS,1027,575,0.3589263420724095,64.10736579275905,False
KPIGREEN.NS,1212,390,0.24344569288389514,75.65543071161048,False
KPIL.NS,1602,0,0.0,100.0,True
KPITTECH.NS,1602,0,0.0,100.0,True
KPRMILL.NS,1602,0,0.0,100.0,True
KRBL.NS,1602,0,0.0,100.0,True
KREBSBIO.NS,1602,0,0.0,100.0,True
KRIDHANINF.NS,1602,0,0.0,100.0,True
KRISHANA.NS,1602,0,0.0,100.0,True
KRISHCA.NS,758,844,0.5268414481897628,47.31585518102372,False
KRISHIVAL.NS,1033,569,0.35518102372034954,64.48189762796504,False
KRISHNADEF.NS,1029,573,0.35767790262172283,64.23220973782772,False
KRITI.NS,1602,0,0.0,100.0,True
KRITIKA.NS,1602,0,0.0,100.0,True
KRITINUT.NS,914,688,0.42946317103620474,57.053682896379534,False
KRSNAA.NS,1198,404,0.25218476903870163,74.78152309612985,False
KRYSTAL.NS,555,1047,0.653558052434457,34.644194756554306,False
KSB.NS,1602,0,0.0,100.0,True
KSCL.NS,1602,0,0.0,100.0,True
KSHITIJPOL.NS,1602,0,0.0,100.0,True
KSL.NS,1602,0,0.0,100.0,True
KSOLVES.NS,1453,149,0.09300873907615481,90.69912609238452,True
KTKBANK.NS,1602,0,0.0,100.0,True
KUANTUM.NS,1602,0,0.0,100.0,True
LAGNAM.NS,1602,0,0.0,100.0,True
LAKPRE.NS,1602,0,0.0,100.0,True
LAL.NS,790,812,0.5068664169787765,49.313358302122346,False
LALPATHLAB.NS,1602,0,0.0,100.0,True
LAMBODHARA.NS,1602,0,0.0,100.0,True
LANCORHOL.NS,562,1040,0.6491885143570537,35.08114856429463,False
LANDMARK.NS,861,741,0.46254681647940077,53.745318352059925,False
LANDSMILL.NS,1602,0,0.0,100.0,True
LAOPALA.NS,1602,0,0.0,100.0,True
LASA.NS,1602,0,0.0,100.0,True
LATENTVIEW.NS,1132,470,0.2933832709113608,70.66167290886392,False
LATTEYS.NS,1602,0,0.0,100.0,True
LAURUSLABS.NS,1602,0,0.0,100.0,True
LAXMICOT.NS,1602,0,0.0,100.0,True
LCCINFOTEC.NS,1602,0,0.0,100.0,True
LEMERITE.NS,1009,593,0.3701622971285893,62.98377028714107,False
LEMONTREE.NS,1602,0,0.0,100.0,True
LEXUS.NS,1602,0,0.0,100.0,True
LFIC.NS,1602,0,0.0,100.0,True
LGBBROSLTD.NS,1602,0,0.0,100.0,True
LGHL.NS,1520,82,0.05118601747815231,94.88139825218477,True
LIBAS.NS,1602,0,0.0,100.0,True
LIBERTSHOE.NS,1602,0,0.0,100.0,True
LICHSGFIN.NS,1602,0,0.0,100.0,True
LICI.NS,1013,589,0.367665418227216,63.2334581772784,False
LICNFNHGP.NS,1602,0,0.0,100.0,True
LIKHITHA.NS,1405,197,0.1229712858926342,87.70287141073658,False
LINC.NS,1602,0,0.0,100.0,True
LINCOLN.NS,1602,0,0.0,100.0,True
LINDEINDIA.NS,1602,0,0.0,100.0,True
LLOYDS.NS,912,690,0.4307116104868914,56.928838951310865,False
LLOYDSENGG.NS,1602,0,0.0,100.0,True
LLOYDSME.NS,723,879,0.548689138576779,45.1310861423221,False
LMW.NS,1602,0,0.0,100.0,True
LODHA.NS,1280,322,0.2009987515605493,79.90012484394506,False
LOKESHMACH.NS,1602,0,0.0,100.0,True
LORDSCHLO.NS,694,908,0.5667915106117354,43.32084893882646,False
LOTUSEYE.NS,1602,0,0.0,100.0,True
LOVABLE.NS,1602,0,0.0,100.0,True
LOYALTEX.NS,952,650,0.40574282147315854,59.425717852684144,False
LPDC.NS,1602,0,0.0,100.0,True
LRRPL.NS,820,782,0.48813982521847693,51.1860174781523,False
LT.NS,1602,0,0.0,100.0,True
LTF.NS,1602,0,0.0,100.0,True
LTFOODS.NS,1602,0,0.0,100.0,True
LTM.NS,1602,0,0.0,100.0,True
LTTS.NS,1602,0,0.0,100.0,True
LUMAXIND.NS,1602,0,0.0,100.0,True
LUMAXTECH.NS,1602,0,0.0,100.0,True
LUPIN.NS,1602,0,0.0,100.0,True
LUXIND.NS,1602,0,0.0,100.0,True
LXCHEM.NS,1294,308,0.19225967540574282,80.77403245942571,False
LYKALABS.NS,1602,0,0.0,100.0,True
LYPSAGEMS.NS,1602,0,0.0,100.0,True
M&M.NS,1602,0,0.0,100.0,True
M&MFIN.NS,1602,0,0.0,100.0,True
MAANALU.NS,1602,0,0.0,100.0,True
MACPOWER.NS,1602,0,0.0,100.0,True
MADHAV.NS,1602,0,0.0,100.0,True
MADHAVBAUG.NS,1057,545,0.34019975031210986,65.98002496878901,False
MADHUCON.NS,1602,0,0.0,100.0,True
MADHUSUDAN.NS,674,928,0.5792759051186017,42.072409488139826,False
MADRASFERT.NS,1602,0,0.0,100.0,True
MAFANG.NS,1263,339,0.21161048689138576,78.83895131086143,False
MAGADSUGAR.NS,1602,0,0.0,100.0,True
MAGNUM.NS,1602,0,0.0,100.0,True
MAGSON.NS,730,872,0.5443196004993758,45.56803995006242,False
MAHABANK.NS,1602,0,0.0,100.0,True
MAHAPEXLTD.NS,1602,0,0.0,100.0,True
MAHASTEEL.NS,1602,0,0.0,100.0,True
MAHEPC.NS,1570,32,0.019975031210986267,98.00249687890137,True
MAHESHWARI.NS,1602,0,0.0,100.0,True
MAHICKRA.NS,1602,0,0.0,100.0,True
MAHKTECH.NS,1119,483,0.301498127340824,69.85018726591761,False
MAHLIFE.NS,1602,0,0.0,100.0,True
MAHLOG.NS,1602,0,0.0,100.0,True
MAHSCOOTER.NS,1602,0,0.0,100.0,True
MAHSEAMLES.NS,1602,0,0.0,100.0,True
MAITHANALL.NS,1602,0,0.0,100.0,True
MAITREYA.NS,646,956,0.5967540574282147,40.324594257178525,False
MAKEINDIA.NS,693,909,0.5674157303370787,43.25842696629213,False
MAKS.NS,920,682,0.4257178526841448,57.42821473158553,False
MAL.NS,669,933,0.5823970037453183,41.760299625468164,False
MALLCOM.NS,1082,520,0.32459425717852686,67.54057428214732,False
MALUPAPER.NS,1602,0,0.0,100.0,True
MANAKALUCO.NS,1602,0,0.0,100.0,True
MANAKCOAT.NS,1602,0,0.0,100.0,True
MANAKSIA.NS,1602,0,0.0,100.0,True
MANAKSTEEL.NS,1602,0,0.0,100.0,True
MANALIPETC.NS,1602,0,0.0,100.0,True
MANAPPURAM.NS,1602,0,0.0,100.0,True
MANAV.NS,1602,0,0.0,100.0,True
MANDEEP.NS,518,1084,0.6766541822721598,32.33458177278402,False
MANGALAM.NS,1602,0,0.0,100.0,True
MANGLMCEM.NS,1602,0,0.0,100.0,True
MANINDS.NS,1602,0,0.0,100.0,True
MANINFRA.NS,1602,0,0.0,100.0,True
MANKIND.NS,771,831,0.5187265917602997,48.12734082397003,False
MANOMAY.NS,843,759,0.4737827715355805,52.621722846441955,False
MANORAMA.NS,980,622,0.3882646691635456,61.17353308364544,False
MANORG.NS,1145,457,0.2852684144818976,71.47315855181024,False
MANUGRAPH.NS,1602,0,0.0,100.0,True
MANYAVAR.NS,1072,530,0.33083645443196,66.91635455680401,False
MAPMYINDIA.NS,1112,490,0.30586766541822724,69.41323345817727,False
MARALOVER.NS,1602,0,0.0,100.0,True
MARATHON.NS,1602,0,0.0,100.0,True
MARCO.NS,672,930,0.5805243445692884,41.947565543071164,False
MARICO.NS,1602,0,0.0,100.0,True
MARINE.NS,1602,0,0.0,100.0,True
MARINETRAN.NS,625,977,0.6098626716604245,39.01373283395755,False
MARKSANS.NS,1602,0,0.0,100.0,True
MARUTI.NS,1602,0,0.0,100.0,True
MASFIN.NS,1602,0,0.0,100.0,True
MASKINVEST.NS,1602,0,0.0,100.0,True
MASTEK.NS,1602,0,0.0,100.0,True
MASTER.NS,671,931,0.5811485642946317,41.88514357053683,False
MATRIMONY.NS,1602,0,0.0,100.0,True
MAWANASUG.NS,1602,0,0.0,100.0,True
MAXESTATES.NS,652,950,0.5930087390761548,40.69912609238452,False
MAXHEALTH.NS,1443,159,0.09925093632958802,90.0749063670412,True
MAXIND.NS,1438,164,0.10237203495630462,89.76279650436953,False
MAXPOSURE.NS,595,1007,0.6285892634207241,37.14107365792759,False
MAYURUNIQ.NS,1602,0,0.0,100.0,True
MAZDA.NS,1602,0,0.0,100.0,True
MAZDOCK.NS,1408,194,0.12109862671660425,87.89013732833958,False
MBAPL.NS,1602,0,0.0,100.0,True
MBLINFRA.NS,1602,0,0.0,100.0,True
MCL.NS,1602,0,0.0,100.0,True
MCLEODRUSS.NS,1602,0,0.0,100.0,True
MCON.NS,802,800,0.4993757802746567,50.06242197253433,False
MCX.NS,1602,0,0.0,100.0,True
MDL.NS,1602,0,0.0,100.0,True
MEDANTA.NS,886,716,0.4469413233458177,55.305867665418226,False
MEDIASSIST.NS,595,1007,0.6285892634207241,37.14107365792759,False
MEDICAMEQ.NS,1149,453,0.28277153558052437,71.72284644194757,False
MEDICO.NS,1006,596,0.37203495630461925,62.79650436953808,False
MEDPLUS.NS,1110,492,0.30711610486891383,69.28838951310861,False
MEGAFLEX.NS,927,675,0.42134831460674155,57.865168539325836,False
MEGASTAR.NS,1072,530,0.33083645443196,66.91635455680401,False
MEGATHERM.NS,587,1015,0.6335830212234707,36.64169787765294,False
MENONBE.NS,1602,0,0.0,100.0,True
MEP.NS,1602,0,0.0,100.0,True
METROBRAND.NS,1111,491,0.30649188514357056,69.35081148564295,False
METROPOLIS.NS,1602,0,0.0,100.0,True
MFSL.NS,1602,0,0.0,100.0,True
MGEL.NS,1602,0,0.0,100.0,True
MGL.NS,1602,0,0.0,100.0,True
MHHL.NS,1602,0,0.0,100.0,True
MHLXMIRU.NS,1086,516,0.32209737827715357,67.79026217228464,False
MHRIL.NS,1602,0,0.0,100.0,True
MICEL.NS,1602,0,0.0,100.0,True
MICROPRO.NS,643,959,0.5986267166042447,40.13732833957553,False
MIDHANI.NS,1602,0,0.0,100.0,True
MILTON.NS,1602,0,0.0,100.0,True
MINDACORP.NS,1602,0,0.0,100.0,True
MINDPOOL.NS,1602,0,0.0,100.0,True
MINDSPACE.NS,1453,149,0.09300873907615481,90.69912609238452,True
MINDTECK.NS,1602,0,0.0,100.0,True
MIRCELECTR.NS,1602,0,0.0,100.0,True
MIRZAINT.NS,1602,0,0.0,100.0,True
MITCON.NS,1602,0,0.0,100.0,True
MITTAL.NS,1602,0,0.0,100.0,True
MKPL.NS,1602,0,0.0,100.0,True
MMFL.NS,1602,0,0.0,100.0,True
MMP.NS,1602,0,0.0,100.0,True
MMTC.NS,1602,0,0.0,100.0,True
MNC.NS,953,649,0.4051186017478152,59.488139825218475,False
MODIRUBBER.NS,1602,0,0.0,100.0,True
MODISONLTD.NS,1271,331,0.2066167290886392,79.33832709113608,False
MODTHREAD.NS,578,1024,0.6392009987515606,36.079900124843945,False
MOHITIND.NS,1602,0,0.0,100.0,True
MOIL.NS,1602,0,0.0,100.0,True
MOKSH.NS,1602,0,0.0,100.0,True
MOL.NS,1196,406,0.2534332084893883,74.65667915106118,False
MOLDTECH.NS,1602,0,0.0,100.0,True
MOLDTKPAC.NS,1602,0,0.0,100.0,True
MONARCH.NS,1100,502,0.31335830212234705,68.66416978776529,False
MONOPHARMA.NS,686,916,0.5717852684144819,42.82147315855182,False
MONTECARLO.NS,1602,0,0.0,100.0,True
MOREALTY.NS,558,1044,0.651685393258427,34.8314606741573,False
MOREPENLAB.NS,1602,0,0.0,100.0,True
MOS.NS,785,817,0.5099875156054932,49.001248439450684,False
MOTHERSON.NS,1602,0,0.0,100.0,True
MOTILALOFS.NS,1602,0,0.0,100.0,True
MOTISONS.NS,614,988,0.616729088639201,38.32709113607991,False
MOTOGENFIN.NS,1602,0,0.0,100.0,True
MOXSH.NS,856,746,0.4656679151061174,53.433208489388264,False
MPHASIS.NS,1602,0,0.0,100.0,True
MPSLTD.NS,1602,0,0.0,100.0,True
MPTODAY.NS,1602,0,0.0,100.0,True
MRF.NS,1602,0,0.0,100.0,True
MRPL.NS,1602,0,0.0,100.0,True
MSPL.NS,1602,0,0.0,100.0,True
MSTCLTD.NS,1602,0,0.0,100.0,True
MSUMI.NS,1046,556,0.3470661672908864,65.29338327091136,False
MTARTECH.NS,1302,300,0.18726591760299627,81.27340823970037,False
MTEDUCARE.NS,1602,0,0.0,100.0,True
MTNL.NS,1602,0,0.0,100.0,True
MUFIN.NS,647,955,0.5961298377028714,40.387016229712856,False
MUFTI.NS,613,989,0.6173533083645443,38.26466916354557,False
MUKANDLTD.NS,1602,0,0.0,100.0,True
MUKKA.NS,564,1038,0.6479400749063671,35.20599250936329,False
MUKTAARTS.NS,1602,0,0.0,100.0,True
MUNJALAU.NS,1602,0,0.0,100.0,True
MUNJALSHOW.NS,1602,0,0.0,100.0,True
MURUDCERA.NS,1602,0,0.0,100.0,True
MUTHOOTCAP.NS,1602,0,0.0,100.0,True
MUTHOOTFIN.NS,1602,0,0.0,100.0,True
MUTHOOTMF.NS,614,988,0.616729088639201,38.32709113607991,False
MVGJL.NS,670,932,0.581772784019975,41.8227215980025,False
MVKAGRO.NS,564,1038,0.6479400749063671,35.20599250936329,False
MWL.NS,964,638,0.3982521847690387,60.17478152309613,False
NACLIND.NS,1602,0,0.0,100.0,True
NAGAFERT.NS,1602,0,0.0,100.0,True
NAGREEKCAP.NS,1602,0,0.0,100.0,True
NAGREEKEXP.NS,1602,0,0.0,100.0,True
NAHARCAP.NS,1602,0,0.0,100.0,True
NAHARINDUS.NS,1602,0,0.0,100.0,True
NAHARPOLY.NS,1602,0,0.0,100.0,True
NAHARSPING.NS,1602,0,0.0,100.0,True
NAM-INDIA.NS,1602,0,0.0,100.0,True
NAMAN.NS,549,1053,0.6573033707865169,34.269662921348306,False
NARMADA.NS,1602,0,0.0,100.0,True
NATCOPHARM.NS,1602,0,0.0,100.0,True
NATHBIOGEN.NS,1602,0,0.0,100.0,True
NATIONALUM.NS,1602,0,0.0,100.0,True
NAUKRI.NS,1602,0,0.0,100.0,True
NAVA.NS,1602,0,0.0,100.0,True
NAVINFLUOR.NS,1602,0,0.0,100.0,True
NAVKARCORP.NS,1602,0,0.0,100.0,True
NAVNETEDUL.NS,1602,0,0.0,100.0,True
NAZARA.NS,1292,310,0.19350811485642946,80.64918851435705,False
NBCC.NS,1602,0,0.0,100.0,True
NBIFIN.NS,1602,0,0.0,100.0,True
NCC.NS,1602,0,0.0,100.0,True
NCLIND.NS,1602,0,0.0,100.0,True
NDGL.NS,1602,0,0.0,100.0,True
NDL.NS,1602,0,0.0,100.0,True
NDLVENTURE.NS,1602,0,0.0,100.0,True
NDRAUTO.NS,1459,143,0.08926342072409488,91.07365792759052,True
NDTV.NS,1602,0,0.0,100.0,True
NECCLTD.NS,1602,0,0.0,100.0,True
NECLIFE.NS,1602,0,0.0,100.0,True
NELCAST.NS,1602,0,0.0,100.0,True
NELCO.NS,1602,0,0.0,100.0,True
NEOGEN.NS,1602,0,0.0,100.0,True
NESCO.NS,1602,0,0.0,100.0,True
NESTLEIND.NS,1602,0,0.0,100.0,True
NETWEB.NS,715,887,0.5536828963795256,44.631710362047436,False
NETWORK18.NS,1602,0,0.0,100.0,True
NEULANDLAB.NS,1602,0,0.0,100.0,True
NEWGEN.NS,1602,0,0.0,100.0,True
NEWJAISA.NS,668,934,0.5830212234706617,41.69787765293383,False
NEXTMEDIA.NS,1602,0,0.0,100.0,True
NFL.NS,1602,0,0.0,100.0,True
NGIL.NS,1195,407,0.2540574282147316,74.59425717852683,False
NGLFINE.NS,975,627,0.3913857677902622,60.86142322097379,False
NH.NS,1602,0,0.0,100.0,True
NHPC.NS,1602,0,0.0,100.0,True
NIACL.NS,1602,0,0.0,100.0,True
NIBL.NS,1602,0,0.0,100.0,True
NIDAN.NS,1128,474,0.2958801498127341,70.41198501872658,False
NIITLTD.NS,1602,0,0.0,100.0,True
NIITMTS.NS,707,895,0.5586766541822722,44.13233458177278,False
NILAINFRA.NS,1602,0,0.0,100.0,True
NILASPACES.NS,1602,0,0.0,100.0,True
NILKAMAL.NS,1602,0,0.0,100.0,True
NINSYS.NS,820,782,0.48813982521847693,51.1860174781523,False
NIPPOBATRY.NS,1602,0,0.0,100.0,True
NIRAJ.NS,1414,188,0.11735330836454431,88.26466916354558,False
NIRAJISPAT.NS,563,1039,0.6485642946317104,35.14357053682896,False
NIRMAN.NS,796,806,0.5031210986267166,49.68789013732834,False
NITCO.NS,1602,0,0.0,100.0,True
NITINSPIN.NS,1602,0,0.0,100.0,True
NITIRAJ.NS,1602,0,0.0,100.0,True
NKIND.NS,1602,0,0.0,100.0,True
NLCINDIA.NS,1602,0,0.0,100.0,True
NMDC.NS,1602,0,0.0,100.0,True
NOCIL.NS,1602,0,0.0,100.0,True
NOIDATOLL.NS,1602,0,0.0,100.0,True
NORBTEAEXP.NS,1602,0,0.0,100.0,True
NOVAAGRI.NS,590,1012,0.6317103620474407,36.82896379525593,False
NOVARTIND.NS,835,767,0.4787765293383271,52.12234706616729,False
NPBET.NS,1602,0,0.0,100.0,True
NPST.NS,1177,425,0.26529338327091134,73.47066167290886,False
NRAIL.NS,1602,0,0.0,100.0,True
NRBBEARING.NS,1602,0,0.0,100.0,True
NRL.NS,1100,502,0.31335830212234705,68.66416978776529,False
NSIL.NS,1602,0,0.0,100.0,True
NSLNISP.NS,821,781,0.4875156054931336,51.24843945068665,False
NTPC.NS,1602,0,0.0,100.0,True
NUCLEUS.NS,1602,0,0.0,100.0,True
NURECA.NS,1313,289,0.18039950062421972,81.96004993757803,False
NUVAMA.NS,674,928,0.5792759051186017,42.072409488139826,False
NUVOCO.NS,1194,408,0.2546816479400749,74.53183520599251,False
NXST.NS,763,839,0.5237203495630461,47.62796504369538,False
NYKAA.NS,1140,462,0.2883895131086142,71.16104868913857,False
OAL.NS,1533,69,0.04307116104868914,95.69288389513109,True
OBCL.NS,1038,564,0.352059925093633,64.7940074906367,False
OBEROIRLTY.NS,1602,0,0.0,100.0,True
OFSS.NS,1602,0,0.0,100.0,True
OIL.NS,1602,0,0.0,100.0,True
OILCOUNTUB.NS,1602,0,0.0,100.0,True
OLECTRA.NS,1602,0,0.0,100.0,True
OLIL.NS,664,938,0.5855181023720349,41.4481897627965,False
OMAXAUTO.NS,1602,0,0.0,100.0,True
OMAXE.NS,1602,0,0.0,100.0,True
OMFURN.NS,1602,0,0.0,100.0,True
OMINFRAL.NS,1602,0,0.0,100.0,True
ONDOOR.NS,650,952,0.5942571785268415,40.574282147315856,False
ONELIFECAP.NS,1602,0,0.0,100.0,True
ONEPOINT.NS,1602,0,0.0,100.0,True
ONGC.NS,1602,0,0.0,100.0,True
ONMOBILE.NS,1602,0,0.0,100.0,True
ONWARDTEC.NS,1602,0,0.0,100.0,True
OPTIEMUS.NS,1602,0,0.0,100.0,True
ORBTEXP.NS,1602,0,0.0,100.0,True
ORCHPHARMA.NS,1602,0,0.0,100.0,True
ORIANA.NS,704,898,0.5605493133583022,43.94506866416978,False
ORICONENT.NS,1602,0,0.0,100.0,True
ORIENTALTL.NS,1602,0,0.0,100.0,True
ORIENTBELL.NS,1602,0,0.0,100.0,True
ORIENTCEM.NS,1602,0,0.0,100.0,True
ORIENTCER.NS,1602,0,0.0,100.0,True
ORIENTELEC.NS,1602,0,0.0,100.0,True
ORIENTHOT.NS,1602,0,0.0,100.0,True
ORIENTLTD.NS,1602,0,0.0,100.0,True
ORIENTPPR.NS,1602,0,0.0,100.0,True
ORISSAMINE.NS,1602,0,0.0,100.0,True
ORTEL.NS,1602,0,0.0,100.0,True
ORTINGLOBE.NS,1602,0,0.0,100.0,True
OSIAHYPER.NS,1602,0,0.0,100.0,True
OSWALAGRO.NS,1602,0,0.0,100.0,True
OSWALGREEN.NS,1602,0,0.0,100.0,True
OSWALSEEDS.NS,1602,0,0.0,100.0,True
OWAIS.NS,567,1035,0.6460674157303371,35.39325842696629,False
PAGEIND.NS,1602,0,0.0,100.0,True
PAISALO.NS,1602,0,0.0,100.0,True
PAKKA.NS,727,875,0.5461922596754057,45.38077403245943,False
PALASHSECU.NS,1602,0,0.0,100.0,True
PALREDTEC.NS,1602,0,0.0,100.0,True
PANACEABIO.NS,1602,0,0.0,100.0,True
PANACHE.NS,1602,0,0.0,100.0,True
PANAMAPET.NS,1602,0,0.0,100.0,True
PANSARI.NS,1602,0,0.0,100.0,True
PAR.NS,1602,0,0.0,100.0,True
PARACABLES.NS,1602,0,0.0,100.0,True
PARADEEP.NS,1005,597,0.37265917602996257,62.734082397003746,False
PARAGMILK.NS,1602,0,0.0,100.0,True
PARAGON.NS,648,954,0.5955056179775281,40.44943820224719,False
PARAS.NS,1166,436,0.2721598002496879,72.78401997503121,False
PARASPETRO.NS,1602,0,0.0,100.0,True
PARIN.NS,1602,0,0.0,100.0,True
PARKHOTELS.NS,582,1020,0.6367041198501873,36.329588014981276,False
PARSVNATH.NS,1602,0,0.0,100.0,True
PARTYCRUS.NS,1297,305,0.19038701622971285,80.96129837702871,False
PASHUPATI.NS,1602,0,0.0,100.0,True
PASUPTAC.NS,1159,443,0.27652933832709115,72.34706616729089,False
PATANJALI.NS,1602,0,0.0,100.0,True
PATELENG.NS,1602,0,0.0,100.0,True
PATINTLOG.NS,1602,0,0.0,100.0,True
PATTECH.NS,782,820,0.5118601747815231,48.813982521847684,False
PAVNAIND.NS,1295,307,0.1916354556803995,80.83645443196005,False
PAYTM.NS,1134,468,0.29213483146067415,70.78651685393258,False
PCBL.NS,1602,0,0.0,100.0,True
PCJEWELLER.NS,1602,0,0.0,100.0,True
PDMJEPAPER.NS,1602,0,0.0,100.0,True
PDSL.NS,1602,0,0.0,100.0,True
PEARLPOLY.NS,1602,0,0.0,100.0,True
PENIND.NS,1602,0,0.0,100.0,True
PENINLAND.NS,1602,0,0.0,100.0,True
PENTAGON.NS,729,873,0.5449438202247191,45.50561797752809,False
PERSISTENT.NS,1602,0,0.0,100.0,True
PETRONET.NS,1602,0,0.0,100.0,True
PFC.NS,1602,0,0.0,100.0,True
PFIZER.NS,1602,0,0.0,100.0,True
PFOCUS.NS,1602,0,0.0,100.0,True
PFS.NS,1602,0,0.0,100.0,True
PGEL.NS,1602,0,0.0,100.0,True
PGHH.NS,1602,0,0.0,100.0,True
PGHL.NS,1602,0,0.0,100.0,True
PGIL.NS,1602,0,0.0,100.0,True
PGINVIT.NS,1263,339,0.21161048689138576,78.83895131086143,False
PHANTOMFX.NS,904,698,0.43570536828963796,56.42946317103621,False
PHOENIXLTD.NS,1602,0,0.0,100.0,True
PIDILITIND.NS,1602,0,0.0,100.0,True
PIGL.NS,1602,0,0.0,100.0,True
PIIND.NS,1602,0,0.0,100.0,True
PILANIINVS.NS,1602,0,0.0,100.0,True
PILITA.NS,1602,0,0.0,100.0,True
PIONEEREMB.NS,1602,0,0.0,100.0,True
PITTIENG.NS,1602,0,0.0,100.0,True
PIXTRANS.NS,1025,577,0.3601747815230961,63.982521847690386,False
PKTEA.NS,1602,0,0.0,100.0,True
PLADAINFO.NS,662,940,0.5867665418227216,41.32334581772784,False
PLASTIBLEN.NS,1602,0,0.0,100.0,True
PLATIND.NS,566,1036,0.6466916354556804,35.33083645443196,False
PLAZACABLE.NS,663,939,0.5861423220973783,41.38576779026217,False
PNB.NS,1602,0,0.0,100.0,True
PNBHOUSING.NS,1602,0,0.0,100.0,True
PNC.NS,1602,0,0.0,100.0,True
PNCINFRA.NS,1602,0,0.0,100.0,True
POCL.NS,1602,0,0.0,100.0,True
PODDARMENT.NS,1602,0,0.0,100.0,True
POKARNA.NS,1602,0,0.0,100.0,True
POLICYBZR.NS,1137,465,0.2902621722846442,70.97378277153558,False
POLYCAB.NS,1602,0,0.0,100.0,True
POLYMED.NS,1602,0,0.0,100.0,True
POLYPLEX.NS,1602,0,0.0,100.0,True
POLYSIL.NS,578,1024,0.6392009987515606,36.079900124843945,False
PONNIERODE.NS,1602,0,0.0,100.0,True
POONAWALLA.NS,1602,0,0.0,100.0,True
POWERGRID.NS,1602,0,0.0,100.0,True
POWERINDIA.NS,1541,61,0.038077403245942575,96.19225967540575,True
POWERMECH.NS,1602,0,0.0,100.0,True
PPAP.NS,1602,0,0.0,100.0,True
PPL.NS,1602,0,0.0,100.0,True
PPLPHARMA.NS,906,696,0.4344569288389513,56.55430711610487,False
PRAENG.NS,1602,0,0.0,100.0,True
PRAJIND.NS,1602,0,0.0,100.0,True
PRAKASH.NS,1602,0,0.0,100.0,True
PRAKASHSTL.NS,1602,0,0.0,100.0,True
PRAMARA.NS,682,920,0.5742821473158551,42.57178526841449,False
PRATHAM.NS,558,1044,0.651685393258427,34.8314606741573,False
PRAXIS.NS,1602,0,0.0,100.0,True
PRECAM.NS,1602,0,0.0,100.0,True
PRECISION.NS,1073,529,0.3302122347066167,66.97877652933832,False
PRECOT.NS,1602,0,0.0,100.0,True
PRECWIRE.NS,1602,0,0.0,100.0,True
PREMEXPLN.NS,1602,0,0.0,100.0,True
PREMIER.NS,1602,0,0.0,100.0,True
PREMIERPOL.NS,1602,0,0.0,100.0,True
PRESSTONIC.NS,619,983,0.6136079900124844,38.639200998751555,False
PRESTIGE.NS,1602,0,0.0,100.0,True
PRICOLLTD.NS,1602,0,0.0,100.0,True
PRIMESECU.NS,1602,0,0.0,100.0,True
PRINCEPIPE.NS,1602,0,0.0,100.0,True
PRITI.NS,1602,0,0.0,100.0,True
PRITIKA.NS,872,730,0.4556803995006242,54.43196004993758,False
PRITIKAUTO.NS,1202,400,0.24968789013732834,75.03121098626717,False
PRIVISCL.NS,1602,0,0.0,100.0,True
PRLIND.NS,519,1083,0.6760299625468165,32.39700374531835,False
PROLIFE.NS,1602,0,0.0,100.0,True
PROPEQUITY.NS,1031,571,0.3564294631710362,64.35705368289638,False
PROV.NS,752,850,0.5305867665418227,46.94132334581773,False
PROZONER.NS,1602,0,0.0,100.0,True
PRSMJOHNSN.NS,1602,0,0.0,100.0,True
PRUDENT.NS,1010,592,0.36953807740324596,63.04619225967541,False
PRUDMOULI.NS,615,987,0.6161048689138576,38.38951310861424,False
PSB.NS,1602,0,0.0,100.0,True
PSPPROJECT.NS,1602,0,0.0,100.0,True
PTC.NS,1602,0,0.0,100.0,True
PTCIL.NS,748,854,0.533083645443196,46.691635455680405,False
PTL.NS,1602,0,0.0,100.0,True
PULZ.NS,1602,0,0.0,100.0,True
PUNJABCHEM.NS,1602,0,0.0,100.0,True
PURVA.NS,1602,0,0.0,100.0,True
PURVFLEXI.NS,566,1036,0.6466916354556804,35.33083645443196,False
PVP.NS,1602,0,0.0,100.0,True
PVRINOX.NS,1602,0,0.0,100.0,True
PVSL.NS,557,1045,0.6523096129837703,34.76903870162297,False
PYRAMID.NS,693,909,0.5674157303370787,43.25842696629213,False
QFIL.NS,798,804,0.50187265917603,49.812734082397,False
QMSMEDI.NS,912,690,0.4307116104868914,56.928838951310865,False
QUADPRO.NS,1157,445,0.2777777777777778,72.22222222222221,False
QUESS.NS,1602,0,0.0,100.0,True
QUESTLAB.NS,516,1086,0.6779026217228464,32.20973782771536,False
QUICKHEAL.NS,1602,0,0.0,100.0,True
QUICKTOUCH.NS,776,826,0.5156054931335831,48.43945068664169,False
RACE.NS,771,831,0.5187265917602997,48.12734082397003,False
RADAAN.NS,1602,0,0.0,100.0,True
RADHIKAJWE.NS,969,633,0.3951310861423221,60.48689138576779,False
RADIANTCMS.NS,853,749,0.4675405742821473,53.24594257178528,False
RADICO.NS,1602,0,0.0,100.0,True
RADIOCITY.NS,1602,0,0.0,100.0,True
RADIOWALLA.NS,546,1056,0.6591760299625468,34.08239700374532,False
RAILTEL.NS,1312,290,0.18102372034956304,81.8976279650437,False
RAIN.NS,1602,0,0.0,100.0,True
RAINBOW.NS,1018,584,0.3645443196004994,63.54556803995006,False
RAJESHEXPO.NS,1602,0,0.0,100.0,True
RAJMET.NS,1602,0,0.0,100.0,True
RAJRATAN.NS,1507,95,0.05930087390761548,94.06991260923844,True
RAJRILTD.NS,1602,0,0.0,100.0,True
RAJSREESUG.NS,1602,0,0.0,100.0,True
RAJTV.NS,1602,0,0.0,100.0,True
RALLIS.NS,1602,0,0.0,100.0,True
RAMANEWS.NS,1602,0,0.0,100.0,True
RAMAPHO.NS,955,647,0.4038701622971286,59.612983770287144,False
RAMASTEEL.NS,1602,0,0.0,100.0,True
RAMCOCEM.NS,1602,0,0.0,100.0,True
RAMCOIND.NS,1602,0,0.0,100.0,True
RAMCOSYS.NS,1602,0,0.0,100.0,True
RAMKY.NS,1602,0,0.0,100.0,True
RAMRAT.NS,960,642,0.40074906367041196,59.925093632958806,False
RANASUG.NS,1602,0,0.0,100.0,True
RANEHOLDIN.NS,1602,0,0.0,100.0,True
RATEGAIN.NS,1114,488,0.3046192259675406,69.53807740324594,False
RATNAMANI.NS,1602,0,0.0,100.0,True
RATNAVEER.NS,684,918,0.5730337078651685,42.69662921348315,False
RAYMOND.NS,1602,0,0.0,100.0,True
RBA.NS,1364,238,0.14856429463171036,85.14357053682896,False
RBLBANK.NS,1602,0,0.0,100.0,True
RBMINFRA.NS,853,749,0.4675405742821473,53.24594257178528,False
RBS.NS,536,1066,0.66541822721598,33.458177278402005,False
RBZJEWEL.NS,613,989,0.6173533083645443,38.26466916354557,False
RCDL.NS,651,951,0.5936329588014981,40.63670411985019,False
RCF.NS,1602,0,0.0,100.0,True
RCOM.NS,1602,0,0.0,100.0,True
RECLTD.NS,1602,0,0.0,100.0,True
REDINGTON.NS,1602,0,0.0,100.0,True
REDTAPE.NS,704,898,0.5605493133583022,43.94506866416978,False
REFEX.NS,1602,0,0.0,100.0,True
REFRACTORY.NS,522,1080,0.6741573033707865,32.58426966292135,False
REGENCERAM.NS,1602,0,0.0,100.0,True
RELAXO.NS,1602,0,0.0,100.0,True
RELCHEMQ.NS,1007,595,0.3714107365792759,62.85892634207241,False
RELIABLE.NS,1602,0,0.0,100.0,True
RELIANCE.NS,1602,0,0.0,100.0,True
RELIGARE.NS,1602,0,0.0,100.0,True
REMSONSIND.NS,1602,0,0.0,100.0,True
REMUS.NS,757,845,0.5274656679151061,47.25343320848939,False
RENUKA.NS,1602,0,0.0,100.0,True
REPCOHOME.NS,1602,0,0.0,100.0,True
REPL.NS,1602,0,0.0,100.0,True
REPRO.NS,1602,0,0.0,100.0,True
RESPONIND.NS,1602,0,0.0,100.0,True
REXPIPES.NS,1177,425,0.26529338327091134,73.47066167290886,False
RGL.NS,1602,0,0.0,100.0,True
RHFL.NS,1602,0,0.0,100.0,True
RHIM.NS,1602,0,0.0,100.0,True
RHL.NS,780,822,0.5131086142322098,48.68913857677902,False
RICOAUTO.NS,1602,0,0.0,100.0,True
RIIL.NS,1602,0,0.0,100.0,True
RILINFRA.NS,985,617,0.38514357053682896,61.48564294631711,False
RISHABH.NS,684,918,0.5730337078651685,42.69662921348315,False
RITCO.NS,1035,567,0.3539325842696629,64.60674157303372,False
RITES.NS,1602,0,0.0,100.0,True
RITEZONE.NS,890,712,0.4444444444444444,55.55555555555556,False
RKDL.NS,1602,0,0.0,100.0,True
RKEC.NS,1602,0,0.0,100.0,True
RKFORGE.NS,1602,0,0.0,100.0,True
RKSWAMY.NS,562,1040,0.6491885143570537,35.08114856429463,False
RMDRIP.NS,1602,0,0.0,100.0,True
RML.NS,1602,0,0.0,100.0,True
ROCKINGDCE.NS,631,971,0.6061173533083646,39.38826466916354,False
ROHLTD.NS,1602,0,0.0,100.0,True
ROLEXRINGS.NS,1203,399,0.24906367041198502,75.09363295880149,False
ROLLT.NS,1602,0,0.0,100.0,True
ROML.NS,1602,0,0.0,100.0,True
ROSSARI.NS,1464,138,0.08614232209737828,91.38576779026218,True
ROSSELLIND.NS,1602,0,0.0,100.0,True
ROTO.NS,1030,572,0.3570536828963795,64.29463171036205,False
ROUTE.NS,1422,180,0.11235955056179775,88.76404494382022,False
ROXHITECH.NS,640,962,0.6004993757802747,39.95006242197253,False
RPGLIFE.NS,1602,0,0.0,100.0,True
RPOWER.NS,1602,0,0.0,100.0,True
RPPINFRA.NS,1602,0,0.0,100.0,True
RPPL.NS,1602,0,0.0,100.0,True
RPSGVENT.NS,1602,0,0.0,100.0,True
RPTECH.NS,580,1022,0.6379525593008739,36.20474406991261,False
RRKABEL.NS,678,924,0.5767790262172284,42.32209737827716,False
RSSOFTWARE.NS,1602,0,0.0,100.0,True
RSWM.NS,1602,0,0.0,100.0,True
RSYSTEMS.NS,1602,0,0.0,100.0,True
RTNINDIA.NS,1602,0,0.0,100.0,True
RTNPOWER.NS,1602,0,0.0,100.0,True
RUBYMILLS.NS,1602,0,0.0,100.0,True
RUCHINFRA.NS,1602,0,0.0,100.0,True
RUCHIRA.NS,1602,0,0.0,100.0,True
RULKA.NS,515,1087,0.6785268414481898,32.14731585518103,False
RUPA.NS,1602,0,0.0,100.0,True
RUSHIL.NS,1602,0,0.0,100.0,True
RUSTOMJEE.NS,882,720,0.449438202247191,55.0561797752809,False
RVHL.NS,1360,242,0.15106117353308365,84.89388264669164,False
RVNL.NS,1602,0,0.0,100.0,True
S&SPOWER.NS,1541,61,0.038077403245942575,96.19225967540575,True
SAAKSHI.NS,670,932,0.581772784019975,41.8227215980025,False
SABAR.NS,925,677,0.4225967540574282,57.740324594257174,False
SADBHAV.NS,1602,0,0.0,100.0,True
SADBHIN.NS,1602,0,0.0,100.0,True
SADHAV.NS,568,1034,0.6454431960049938,35.45568039950062,False
SADHNANIQ.NS,773,829,0.517478152309613,48.2521847690387,False
SAFARI.NS,1602,0,0.0,100.0,True
SAGARDEEP.NS,1602,0,0.0,100.0,True
SAGCEM.NS,1602,0,0.0,100.0,True
SAHANA.NS,747,855,0.5337078651685393,46.62921348314607,False
SAHYADRI.NS,791,811,0.5062421972534332,49.37578027465668,False
SAIFL.NS,610,992,0.6192259675405742,38.07740324594258,False
SAIL.NS,1602,0,0.0,100.0,True
SAKAR.NS,1602,0,0.0,100.0,True
SAKHTISUG.NS,1602,0,0.0,100.0,True
SAKSOFT.NS,1602,0,0.0,100.0,True
SAKUMA.NS,1602,0,0.0,100.0,True
SALASAR.NS,1602,0,0.0,100.0,True
SALONA.NS,1602,0,0.0,100.0,True
SALSTEEL.NS,1602,0,0.0,100.0,True
SALZERELEC.NS,1602,0,0.0,100.0,True
SAMBHAAV.NS,1602,0,0.0,100.0,True
SAMHI.NS,676,926,0.5780274656679151,42.197253433208495,False
SAMMAANCAP.NS,1602,0,0.0,100.0,True
SAMPANN.NS,1602,0,0.0,100.0,True
SANCO.NS,1602,0,0.0,100.0,True
SANDESH.NS,1602,0,0.0,100.0,True
SANDHAR.NS,1602,0,0.0,100.0,True
SANDUMA.NS,686,916,0.5717852684144819,42.82147315855182,False
SANGAMIND.NS,1602,0,0.0,100.0,True
SANGANI.NS,701,901,0.5624219725343321,43.75780274656679,False
SANGHVIMOV.NS,1602,0,0.0,100.0,True
SANGINITA.NS,1602,0,0.0,100.0,True
SANOFI.NS,1602,0,0.0,100.0,True
SANSERA.NS,1171,431,0.2690387016229713,73.09612983770288,False
SANWARIA.NS,1602,0,0.0,100.0,True
SAPPHIRE.NS,1134,468,0.29213483146067415,70.78651685393258,False
SARDAEN.NS,1602,0,0.0,100.0,True
SAREGAMA.NS,1602,0,0.0,100.0,True
SARLAPOLY.NS,1602,0,0.0,100.0,True
SAROJA.NS,682,920,0.5742821473158551,42.57178526841449,False
SARTELE.NS,645,957,0.5973782771535581,40.262172284644194,False
SARVESHWAR.NS,1602,0,0.0,100.0,True
SASKEN.NS,1602,0,0.0,100.0,True
SATIA.NS,1602,0,0.0,100.0,True
SATIN.NS,1602,0,0.0,100.0,True
SAURASHCEM.NS,571,1031,0.6435705368289638,35.64294631710362,False
SBC.NS,1132,470,0.2933832709113608,70.66167290886392,False
SBCL.NS,1234,368,0.22971285892634208,77.02871410736579,False
SBFC.NS,702,900,0.5617977528089888,43.82022471910112,False
SBGLP.NS,827,775,0.4837702871410737,51.62297128589264,False
SBICARD.NS,1551,51,0.031835205992509365,96.81647940074907,True
SBILIFE.NS,1602,0,0.0,100.0,True
SBIN.NS,1602,0,0.0,100.0,True
SCHAEFFLER.NS,1602,0,0.0,100.0,True
SCHAND.NS,1602,0,0.0,100.0,True
SCHNEIDER.NS,1602,0,0.0,100.0,True
SCI.NS,1602,0,0.0,100.0,True
SCILAL.NS,557,1045,0.6523096129837703,34.76903870162297,False
SCML.NS,663,939,0.5861423220973783,41.38576779026217,False
SCPL.NS,884,718,0.44818976279650435,55.181023720349565,False
SDBL.NS,1602,0,0.0,100.0,True
SEAMECLTD.NS,1602,0,0.0,100.0,True
SECMARK.NS,661,941,0.5873907615480649,41.26092384519351,False
SECURKLOUD.NS,1602,0,0.0,100.0,True
SEJALLTD.NS,1602,0,0.0,100.0,True
SEL.NS,691,911,0.5686641697877652,43.13358302122347,False
SELMC.NS,1602,0,0.0,100.0,True
SEMAC.NS,1602,0,0.0,100.0,True
SENCO.NS,724,878,0.5480649188514357,45.19350811485643,False
SEPC.NS,1602,0,0.0,100.0,True
SERVICE.NS,716,886,0.5530586766541823,44.694132334581774,False
SERVOTECH.NS,1602,0,0.0,100.0,True
SESHAPAPER.NS,1602,0,0.0,100.0,True
SETCO.NS,1602,0,0.0,100.0,True
SEYAIND.NS,1602,0,0.0,100.0,True
SFL.NS,1602,0,0.0,100.0,True
SGIL.NS,1211,391,0.24406991260923847,75.59300873907615,False
SGL.NS,1602,0,0.0,100.0,True
SHAH.NS,1602,0,0.0,100.0,True
SHAHALLOYS.NS,1602,0,0.0,100.0,True
SHAILY.NS,1041,561,0.350187265917603,64.98127340823969,False
SHAIVAL.NS,1602,0,0.0,100.0,True
SHAKTIPUMP.NS,1602,0,0.0,100.0,True
SHALBY.NS,1602,0,0.0,100.0,True
SHALPAINTS.NS,1602,0,0.0,100.0,True
SHANKARA.NS,1602,0,0.0,100.0,True
SHANTHALA.NS,648,954,0.5955056179775281,40.44943820224719,False
SHANTI.NS,1602,0,0.0,100.0,True
SHANTIGEAR.NS,1602,0,0.0,100.0,True
SHARDACROP.NS,1602,0,0.0,100.0,True
SHARDAMOTR.NS,1602,0,0.0,100.0,True
SHAREINDIA.NS,1422,180,0.11235955056179775,88.76404494382022,False
SHEETAL.NS,624,978,0.6104868913857678,38.95131086142322,False
SHEKHAWATI.NS,1602,0,0.0,100.0,True
SHEMAROO.NS,1602,0,0.0,100.0,True
SHERA.NS,822,780,0.4868913857677903,51.31086142322096,False
SHIGAN.NS,1046,556,0.3470661672908864,65.29338327091136,False
SHILPAMED.NS,1602,0,0.0,100.0,True
SHIVALIK.NS,1120,482,0.30087390761548066,69.91260923845192,False
SHIVAMAUTO.NS,1602,0,0.0,100.0,True
SHIVAMILLS.NS,1602,0,0.0,100.0,True
SHIVATEX.NS,1602,0,0.0,100.0,True
SHIVAUM.NS,1602,0,0.0,100.0,True
SHK.NS,1602,0,0.0,100.0,True
SHOPERSTOP.NS,1602,0,0.0,100.0,True
SHRADHA.NS,1602,0,0.0,100.0,True
SHREDIGCEM.NS,1602,0,0.0,100.0,True
SHREECEM.NS,1602,0,0.0,100.0,True
SHREEKARNI.NS,560,1042,0.6504369538077404,34.95630461922596,False
SHREEOSFM.NS,616,986,0.6154806491885143,38.45193508114857,False
SHREEPUSHK.NS,1602,0,0.0,100.0,True
SHREERAMA.NS,1602,0,0.0,100.0,True
SHREMINVIT.NS,1173,429,0.26779026217228463,73.22097378277154,False
SHRENIK.NS,1602,0,0.0,100.0,True
SHREYANIND.NS,1602,0,0.0,100.0,True
SHRIPISTON.NS,1602,0,0.0,100.0,True
SHRIRAMFIN.NS,1602,0,0.0,100.0,True
SHRIRAMPPS.NS,1113,489,0.3052434456928839,69.47565543071161,False
SHRITECH.NS,709,893,0.5574282147315855,44.25717852684144,False
SHUBHLAXMI.NS,1602,0,0.0,100.0,True
SHYAMCENT.NS,1602,0,0.0,100.0,True
SHYAMMETL.NS,1234,368,0.22971285892634208,77.02871410736579,False
SHYAMTEL.NS,1602,0,0.0,100.0,True
SICALLOG.NS,1602,0,0.0,100.0,True
SIDDHIKA.NS,1260,342,0.21348314606741572,78.65168539325843,False
SIEMENS.NS,1602,0,0.0,100.0,True
SIGACHI.NS,1137,465,0.2902621722846442,70.97378277153558,False
SIGIND.NS,1602,0,0.0,100.0,True
SIGMA.NS,1385,217,0.13545568039950062,86.45443196004993,False
SIGMAADV.NS,1602,0,0.0,100.0,True
SIGNATURE.NS,673,929,0.579900124843945,42.009987515605495,False
SIGNORIA.NS,557,1045,0.6523096129837703,34.76903870162297,False
SIGNPOST.NS,580,1022,0.6379525593008739,36.20474406991261,False
SIKKO.NS,1602,0,0.0,100.0,True
SIL.NS,1602,0,0.0,100.0,True
SILGO.NS,1602,0,0.0,100.0,True
SILINV.NS,1602,0,0.0,100.0,True
SILKFLEX.NS,521,1081,0.6747815230961298,32.52184769038702,False
SILLYMONKS.NS,1602,0,0.0,100.0,True
SIMPLEXINF.NS,1602,0,0.0,100.0,True
SINCLAIR.NS,543,1059,0.6610486891385767,33.89513108614233,False
SINDHUTRAD.NS,741,861,0.5374531835205992,46.254681647940075,False
SINTERCOM.NS,1602,0,0.0,100.0,True
SIRCA.NS,1602,0,0.0,100.0,True
SIS.NS,1602,0,0.0,100.0,True
SITINET.NS,1602,0,0.0,100.0,True
SIYSIL.NS,1602,0,0.0,100.0,True
SJLOGISTIC.NS,618,984,0.6142322097378277,38.57677902621723,False
SJS.NS,1137,465,0.2902621722846442,70.97378277153558,False
SJVN.NS,1602,0,0.0,100.0,True
SKFINDIA.NS,1602,0,0.0,100.0,True
SKIPPER.NS,1602,0,0.0,100.0,True
SKMEGGPROD.NS,1602,0,0.0,100.0,True
SKP.NS,962,640,0.3995006242197253,60.04993757802747,False
SKYGOLD.NS,851,751,0.46878901373283394,53.12109862671661,False
SLONE.NS,524,1078,0.6729088639200999,32.70911360799001,False
SMARTLINK.NS,1602,0,0.0,100.0,True
SMCGLOBAL.NS,1314,288,0.1797752808988764,82.02247191011236,False
SMLMAH.NS,1602,0,0.0,100.0,True
SMLT.NS,1130,472,0.29463171036204744,70.53682896379524,False
SMSPHARMA.NS,1602,0,0.0,100.0,True
SMVD.NS,1602,0,0.0,100.0,True
SNOWMAN.NS,1602,0,0.0,100.0,True
SOBHA.NS,1602,0,0.0,100.0,True
SOFTTECH.NS,1602,0,0.0,100.0,True
SOLARA.NS,1602,0,0.0,100.0,True
SOLARINDS.NS,1602,0,0.0,100.0,True
SOLEX.NS,1602,0,0.0,100.0,True
SOMANYCERA.NS,1602,0,0.0,100.0,True
SOMATEX.NS,1602,0,0.0,100.0,True
SOMICONVEY.NS,1602,0,0.0,100.0,True
SONACOMS.NS,1234,368,0.22971285892634208,77.02871410736579,False
SONAMAC.NS,561,1041,0.649812734082397,35.0187265917603,False
SONAMLTD.NS,1602,0,0.0,100.0,True
SONATSOFTW.NS,1602,0,0.0,100.0,True
SONUINFRA.NS,1005,597,0.37265917602996257,62.734082397003746,False
SOTAC.NS,787,815,0.5087390761548065,49.126092384519346,False
SOTL.NS,1602,0,0.0,100.0,True
SOUTHBANK.NS,1602,0,0.0,100.0,True
SOUTHWEST.NS,1602,0,0.0,100.0,True
SPAL.NS,1602,0,0.0,100.0,True
SPANDANA.NS,1602,0,0.0,100.0,True
SPARC.NS,1602,0,0.0,100.0,True
SPCENET.NS,1602,0,0.0,100.0,True
SPECIALITY.NS,1602,0,0.0,100.0,True
SPECTRUM.NS,1602,0,0.0,100.0,True
SPECTSTM.NS,739,863,0.5387016229712859,46.12983770287141,False
SPENCERS.NS,1602,0,0.0,100.0,True
SPIC.NS,1602,0,0.0,100.0,True
SPLIL.NS,1602,0,0.0,100.0,True
SPLPETRO.NS,1602,0,0.0,100.0,True
SPMLINFRA.NS,1602,0,0.0,100.0,True
SPORTKING.NS,944,658,0.4107365792759051,58.92634207240949,False
SPRL.NS,1040,562,0.35081148564294634,64.91885143570538,False
SREEL.NS,1602,0,0.0,100.0,True
SRF.NS,1602,0,0.0,100.0,True
SRGHFL.NS,699,903,0.5636704119850188,43.63295880149812,False
SRHHYPOLTD.NS,1602,0,0.0,100.0,True
SRIVASAVI.NS,809,793,0.4950062421972534,50.49937578027466,False
SRM.NS,548,1054,0.6579275905118602,34.207240948813975,False
SSFL.NS,700,902,0.5630461922596754,43.69538077403246,False
SSWL.NS,1602,0,0.0,100.0,True
STAR.NS,1602,0,0.0,100.0,True
STARCEMENT.NS,1602,0,0.0,100.0,True
STARHEALTH.NS,1119,483,0.301498127340824,69.85018726591761,False
STARPAPER.NS,1602,0,0.0,100.0,True
STARTECK.NS,1022,580,0.3620474406991261,63.79525593008739,False
STCINDIA.NS,1602,0,0.0,100.0,True
STEELCAS.NS,1132,470,0.2933832709113608,70.66167290886392,False
STEELCITY.NS,1602,0,0.0,100.0,True
STEELXIND.NS,1602,0,0.0,100.0,True
STEL.NS,1602,0,0.0,100.0,True
STERTOOLS.NS,1602,0,0.0,100.0,True
STLTECH.NS,1602,0,0.0,100.0,True
STOVEKRAFT.NS,1326,276,0.17228464419475656,82.77153558052434,False
STYLAMIND.NS,1208,394,0.2459425717852684,75.40574282147317,False
STYRENIX.NS,1602,0,0.0,100.0,True
SUBEXLTD.NS,1602,0,0.0,100.0,True
SUBROS.NS,1602,0,0.0,100.0,True
SUDARCOLOR.NS,1602,0,0.0,100.0,True
SUDARSCHEM.NS,1602,0,0.0,100.0,True
SUKHJITS.NS,894,708,0.4419475655430712,55.80524344569289,False
SULA.NS,862,740,0.46192259675405745,53.807740324594256,False
SUMEETINDS.NS,1602,0,0.0,100.0,True
SUMICHEM.NS,1584,18,0.011235955056179775,98.87640449438202,True
SUMIT.NS,1602,0,0.0,100.0,True
SUMMITSEC.NS,1602,0,0.0,100.0,True
SUNCLAY.NS,611,991,0.6186017478152309,38.13982521847691,False
SUNDARAM.NS,1602,0,0.0,100.0,True
SUNDARMFIN.NS,1602,0,0.0,100.0,True
SUNDRMBRAK.NS,1602,0,0.0,100.0,True
SUNDRMFAST.NS,1602,0,0.0,100.0,True
SUNDROP.NS,1602,0,0.0,100.0,True
SUNFLAG.NS,1602,0,0.0,100.0,True
SUNPHARMA.NS,1602,0,0.0,100.0,True
SUNREST.NS,638,964,0.6017478152309613,39.82521847690387,False
SUNTECK.NS,1602,0,0.0,100.0,True
SUNTV.NS,1602,0,0.0,100.0,True
SUPERHOUSE.NS,1602,0,0.0,100.0,True
SUPERSPIN.NS,1602,0,0.0,100.0,True
SUPRAJIT.NS,1602,0,0.0,100.0,True
SUPREMEENG.NS,1602,0,0.0,100.0,True
SUPREMEIND.NS,1602,0,0.0,100.0,True
SUPREMEINF.NS,1602,0,0.0,100.0,True
SUPREMEPWR.NS,611,991,0.6186017478152309,38.13982521847691,False
SUPRIYA.NS,1107,495,0.3089887640449438,69.10112359550563,False
SURAJEST.NS,614,988,0.616729088639201,38.32709113607991,False
SURANASOL.NS,1602,0,0.0,100.0,True
SURANAT&P.NS,1602,0,0.0,100.0,True
SURANI.NS,1602,0,0.0,100.0,True
SURYALAXMI.NS,1602,0,0.0,100.0,True
SURYAROSNI.NS,1602,0,0.0,100.0,True
SURYODAY.NS,1293,309,0.19288389513108614,80.71161048689139,False
SUTLEJTEX.NS,1602,0,0.0,100.0,True
SUVEN.NS,1602,0,0.0,100.0,True
SUVIDHAA.NS,1291,311,0.1941323345817728,80.58676654182271,False
SUZLON.NS,1602,0,0.0,100.0,True
SVLL.NS,1602,0,0.0,100.0,True
SVPGLOB.NS,1220,382,0.23845193508114856,76.15480649188514,False
SWANCORP.NS,1602,0,0.0,100.0,True
SWANDEF.NS,1602,0,0.0,100.0,True
SWARAJ.NS,1036,566,0.3533083645443196,64.66916354556804,False
SWARAJENG.NS,1602,0,0.0,100.0,True
SWASTIK.NS,911,691,0.4313358302122347,56.86641697877653,False
SWELECTES.NS,1602,0,0.0,100.0,True
SWSOLAR.NS,1602,0,0.0,100.0,True
SYMPHONY.NS,1602,0,0.0,100.0,True
SYNCOMF.NS,886,716,0.4469413233458177,55.305867665418226,False
SYNGENE.NS,1602,0,0.0,100.0,True
SYNOPTICS.NS,725,877,0.5474406991260924,45.25593008739076,False
SYRMA.NS,942,660,0.41198501872659177,58.80149812734082,False
SYSTANGO.NS,805,797,0.4975031210986267,50.24968789013733,False
TAC.NS,546,1056,0.6591760299625468,34.08239700374532,False
TAINWALCHM.NS,1602,0,0.0,100.0,True
TAJGVK.NS,1602,0,0.0,100.0,True
TAKE.NS,1602,0,0.0,100.0,True
TALBROAUTO.NS,1602,0,0.0,100.0,True
TANLA.NS,1602,0,0.0,100.0,True
TAPIFRUIT.NS,923,679,0.42384519350811484,57.61548064918851,False
TARACHAND.NS,1602,0,0.0,100.0,True
TARAPUR.NS,1602,0,0.0,100.0,True
TARC.NS,1360,242,0.15106117353308365,84.89388264669164,False
TARIL.NS,1602,0,0.0,100.0,True
TARMAT.NS,1602,0,0.0,100.0,True
TARSONS.NS,1129,473,0.29525593008739076,70.47440699126093,False
TASTYBITE.NS,1602,0,0.0,100.0,True
TATACHEM.NS,1602,0,0.0,100.0,True
TATACOMM.NS,1602,0,0.0,100.0,True
TATACONSUM.NS,1602,0,0.0,100.0,True
TATAELXSI.NS,1602,0,0.0,100.0,True
TATAINVEST.NS,1602,0,0.0,100.0,True
TATAPOWER.NS,1602,0,0.0,100.0,True
TATASTEEL.NS,1602,0,0.0,100.0,True
TATATECH.NS,631,971,0.6061173533083646,39.38826466916354,False
TATSILV.NS,597,1005,0.6273408239700374,37.265917602996254,False
TATVA.NS,1210,392,0.24469413233458176,75.53058676654183,False
TBOTEK.NS,521,1081,0.6747815230961298,32.52184769038702,False
TBZ.NS,1602,0,0.0,100.0,True
TCI.NS,1602,0,0.0,100.0,True
TCIEXP.NS,1602,0,0.0,100.0,True
TCIFINANCE.NS,1602,0,0.0,100.0,True
TCL.NS,573,1029,0.6423220973782772,35.767790262172284,False
TCPLPACK.NS,1602,0,0.0,100.0,True
TCS.NS,1602,0,0.0,100.0,True
TDPOWERSYS.NS,1602,0,0.0,100.0,True
TEAMGTY.NS,1602,0,0.0,100.0,True
TEAMLEASE.NS,1602,0,0.0,100.0,True
TECHLABS.NS,611,991,0.6186017478152309,38.13982521847691,False
TECHM.NS,1602,0,0.0,100.0,True
TECHNOE.NS,1602,0,0.0,100.0,True
TECILCHEM.NS,783,819,0.5112359550561798,48.87640449438202,False
TEGA.NS,1118,484,0.3021223470661673,69.78776529338326,False
TEJASNET.NS,1602,0,0.0,100.0,True
TEMBO.NS,1602,0,0.0,100.0,True
TERASOFT.NS,1602,0,0.0,100.0,True
TEXINFRA.NS,1602,0,0.0,100.0,True
TEXMOPIPES.NS,1602,0,0.0,100.0,True
TEXRAIL.NS,1602,0,0.0,100.0,True
TFCILTD.NS,1602,0,0.0,100.0,True
TFL.NS,1602,0,0.0,100.0,True
TGBHOTELS.NS,1602,0,0.0,100.0,True
TGL.NS,540,1062,0.6629213483146067,33.70786516853933,False
THANGAMAYL.NS,1602,0,0.0,100.0,True
THEINVEST.NS,1602,0,0.0,100.0,True
THEJO.NS,1602,0,0.0,100.0,True
THEMISMED.NS,1602,0,0.0,100.0,True
THERMAX.NS,1602,0,0.0,100.0,True
THOMASCOOK.NS,1602,0,0.0,100.0,True
THOMASCOTT.NS,1602,0,0.0,100.0,True
THYROCARE.NS,1602,0,0.0,100.0,True
TI.NS,1602,0,0.0,100.0,True
TICL.NS,1602,0,0.0,100.0,True
TIIL.NS,1602,0,0.0,100.0,True
TIINDIA.NS,1602,0,0.0,100.0,True
TIJARIA.NS,1602,0,0.0,100.0,True
TIL.NS,1602,0,0.0,100.0,True
TIMESCAN.NS,1086,516,0.32209737827715357,67.79026217228464,False
TIMETECHNO.NS,1602,0,0.0,100.0,True
TIMKEN.NS,1602,0,0.0,100.0,True
TIPSFILMS.NS,915,687,0.4288389513108614,57.11610486891385,False
TIPSMUSIC.NS,1602,0,0.0,100.0,True
TIRUMALCHM.NS,1602,0,0.0,100.0,True
TIRUPATI.NS,1602,0,0.0,100.0,True
TIRUPATIFL.NS,1602,0,0.0,100.0,True
TITAGARH.NS,1602,0,0.0,100.0,True
TITAN.NS,1602,0,0.0,100.0,True
TMB.NS,929,673,0.42009987515605496,57.990012484394505,False
TMPV.NS,1602,0,0.0,100.0,True
TNPETRO.NS,1602,0,0.0,100.0,True
TNPL.NS,1602,0,0.0,100.0,True
TNTELE.NS,1602,0,0.0,100.0,True
TOKYOPLAST.NS,1602,0,0.0,100.0,True
TORNTPHARM.NS,1602,0,0.0,100.0,True
TORNTPOWER.NS,1602,0,0.0,100.0,True
TOTAL.NS,1602,0,0.0,100.0,True
TOUCHWOOD.NS,1602,0,0.0,100.0,True
TPHQ.NS,1602,0,0.0,100.0,True
TPLPLASTEH.NS,1602,0,0.0,100.0,True
TRACXN.NS,905,697,0.43508114856429464,56.49188514357053,False
TRANSTEEL.NS,647,955,0.5961298377028714,40.387016229712856,False
TRANSWIND.NS,1602,0,0.0,100.0,True
TRANSWORLD.NS,1602,0,0.0,100.0,True
TREEHOUSE.NS,1602,0,0.0,100.0,True
TREJHARA.NS,1602,0,0.0,100.0,True
TREL.NS,705,897,0.5599250936329588,44.00749063670412,False
TRENT.NS,1602,0,0.0,100.0,True
TRF.NS,1602,0,0.0,100.0,True
TRIDENT.NS,1602,0,0.0,100.0,True
TRIDHYA.NS,725,877,0.5474406991260924,45.25593008739076,False
TRIGYN.NS,1602,0,0.0,100.0,True
TRITURBINE.NS,1602,0,0.0,100.0,True
TRIVENI.NS,1602,0,0.0,100.0,True
TRU.NS,1018,584,0.3645443196004994,63.54556803995006,False
TRUST.NS,547,1055,0.6585518102372035,34.144818976279645,False
TSFINV.NS,1602,0,0.0,100.0,True
TTKHLTCARE.NS,1602,0,0.0,100.0,True
TTKPRESTIG.NS,1602,0,0.0,100.0,True
TTL.NS,1602,0,0.0,100.0,True
TTML.NS,1602,0,0.0,100.0,True
TVSELECT.NS,1602,0,0.0,100.0,True
TVSHLTD.NS,1602,0,0.0,100.0,True
TVSMOTOR.NS,1602,0,0.0,100.0,True
TVSSCS.NS,697,905,0.5649188514357054,43.50811485642946,False
TVSSRICHAK.NS,1602,0,0.0,100.0,True
TVTODAY.NS,1602,0,0.0,100.0,True
TVVISION.NS,1602,0,0.0,100.0,True
UBL.NS,1602,0,0.0,100.0,True
UCAL.NS,1602,0,0.0,100.0,True
UCL.NS,1602,0,0.0,100.0,True
UCOBANK.NS,1602,0,0.0,100.0,True
UDS.NS,669,933,0.5823970037453183,41.760299625468164,False
UEL.NS,1602,0,0.0,100.0,True
UFBL.NS,1287,315,0.19662921348314608,80.33707865168539,False
UFLEX.NS,1602,0,0.0,100.0,True
UFO.NS,1602,0,0.0,100.0,True
UGARSUGAR.NS,1602,0,0.0,100.0,True
UGROCAP.NS,1201,401,0.25031210986267166,74.96878901373283,False
UJJIVANSFB.NS,1602,0,0.0,100.0,True
ULTRACEMCO.NS,1602,0,0.0,100.0,True
UMA.NS,857,745,0.46504369538077406,53.495630461922595,False
UMAEXPORTS.NS,1038,564,0.352059925093633,64.7940074906367,False
UMESLTD.NS,1602,0,0.0,100.0,True
UMIYA-MRO.NS,1602,0,0.0,100.0,True
UNICHEMLAB.NS,1602,0,0.0,100.0,True
UNIDT.NS,1418,184,0.11485642946317104,88.51435705368289,False
UNIENTER.NS,1602,0,0.0,100.0,True
UNIHEALTH.NS,677,925,0.5774032459425718,42.259675405742826,False
UNIINFO.NS,1602,0,0.0,100.0,True
UNIONBANK.NS,1602,0,0.0,100.0,True
UNIPARTS.NS,870,732,0.45692883895131087,54.30711610486891,False
UNITDSPR.NS,1602,0,0.0,100.0,True
UNITECH.NS,1602,0,0.0,100.0,True
UNITEDPOLY.NS,1602,0,0.0,100.0,True
UNITEDTEA.NS,1602,0,0.0,100.0,True
UNIVASTU.NS,1602,0,0.0,100.0,True
UNIVCABLES.NS,1602,0,0.0,100.0,True
UNIVPHOTO.NS,1570,32,0.019975031210986267,98.00249687890137,True
UNOMINDA.NS,1602,0,0.0,100.0,True
UPL.NS,1602,0,0.0,100.0,True
URAVIDEF.NS,1602,0,0.0,100.0,True
URBAN.NS,739,863,0.5387016229712859,46.12983770287141,False
URJA.NS,1602,0,0.0,100.0,True
USASEEDS.NS,952,650,0.40574282147315854,59.425717852684144,False
USHAMART.NS,1602,0,0.0,100.0,True
USK.NS,793,809,0.5049937578027466,49.50062421972534,False
UTIAMC.NS,1407,195,0.12172284644194757,87.82771535580525,False
UTKARSHBNK.NS,719,883,0.5511860174781523,44.881398252184766,False
UTTAMSUGAR.NS,1602,0,0.0,100.0,True
UWCSL.NS,1602,0,0.0,100.0,True
V2RETAIL.NS,1602,0,0.0,100.0,True
VADILALIND.NS,1602,0,0.0,100.0,True
VAIBHAVGBL.NS,1602,0,0.0,100.0,True
VAISHALI.NS,1602,0,0.0,100.0,True
VAKRANGEE.NS,1602,0,0.0,100.0,True
VALIANTLAB.NS,667,935,0.583645443196005,41.6354556803995,False
VALIANTORG.NS,1413,189,0.11797752808988764,88.20224719101124,False
VARDHACRLC.NS,1602,0,0.0,100.0,True
VARDMNPOLY.NS,1602,0,0.0,100.0,True
VARROC.NS,1602,0,0.0,100.0,True
VASA.NS,1602,0,0.0,100.0,True
VASCONEQ.NS,1602,0,0.0,100.0,True
VASWANI.NS,1602,0,0.0,100.0,True
VBL.NS,1602,0,0.0,100.0,True
VCL.NS,1032,570,0.35580524344569286,64.41947565543072,False
VEDL.NS,1602,0,0.0,100.0,True
VEEDOL.NS,1602,0,0.0,100.0,True
VEEKAYEM.NS,946,656,0.4094881398252185,59.05118601747815,False
VELS.NS,800,802,0.5006242197253433,49.93757802746567,False
VENKEYS.NS,1602,0,0.0,100.0,True
VENUSPIPES.NS,1008,594,0.3707865168539326,62.92134831460674,False
VENUSREM.NS,1602,0,0.0,100.0,True
VERA.NS,1602,0,0.0,100.0,True
VERANDA.NS,1036,566,0.3533083645443196,64.66916354556804,False
VERITAAS.NS,518,1084,0.6766541822721598,32.33458177278402,False
VERTEXPLUS.NS,805,797,0.4975031210986267,50.24968789013733,False
VERTOZ.NS,1602,0,0.0,100.0,True
VESUVIUS.NS,1602,0,0.0,100.0,True
VETO.NS,1602,0,0.0,100.0,True
VGL.NS,1602,0,0.0,100.0,True
VGUARD.NS,1602,0,0.0,100.0,True
VHL.NS,1602,0,0.0,100.0,True
VHLTD.NS,1602,0,0.0,100.0,True
VIAZ.NS,814,788,0.4918851435705368,50.811485642946316,False
VIDHIING.NS,1602,0,0.0,100.0,True
VIJAYA.NS,1179,423,0.2640449438202247,73.59550561797754,False
VIJIFIN.NS,1602,0,0.0,100.0,True
VIKASECO.NS,1602,0,0.0,100.0,True
VIKASLIFE.NS,1602,0,0.0,100.0,True
VILAS.NS,509,1093,0.6822721598002497,31.77278401997503,False
VILINBIO.NS,734,868,0.5418227215980025,45.81772784019975,False
VIMTALABS.NS,1602,0,0.0,100.0,True
VINATIORGA.NS,1602,0,0.0,100.0,True
VINDHYATEL.NS,1602,0,0.0,100.0,True
VINEETLAB.NS,1241,361,0.22534332084893882,77.46566791510612,False
VINNY.NS,1602,0,0.0,100.0,True
VINSYS.NS,704,898,0.5605493133583022,43.94506866416978,False
VINYAS.NS,667,935,0.583645443196005,41.6354556803995,False
VINYLINDIA.NS,1602,0,0.0,100.0,True
VIPCLOTHNG.NS,1602,0,0.0,100.0,True
VIPIND.NS,1602,0,0.0,100.0,True
VIPULLTD.NS,1602,0,0.0,100.0,True
VIRINCHI.NS,775,827,0.5162297128589264,48.37702871410736,False
VISAKAIND.NS,1602,0,0.0,100.0,True
VISASTEEL.NS,1602,0,0.0,100.0,True
VISHNU.NS,1602,0,0.0,100.0,True
VISHNUINFR.NS,665,937,0.5848938826466916,41.51061173533084,False
VISHWARAJ.NS,1602,0,0.0,100.0,True
VISHWAS.NS,550,1052,0.6566791510611736,34.332084893882644,False
VITAL.NS,890,712,0.4444444444444444,55.55555555555556,False
VIVIANA.NS,928,674,0.4207240948813982,57.92759051186018,False
VIVIDHA.NS,1602,0,0.0,100.0,True
VIVIMEDLAB.NS,1602,0,0.0,100.0,True
VIVO.NS,1094,508,0.317103620474407,68.2896379525593,False
VIYASH.NS,1602,0,0.0,100.0,True
VLEGOV.NS,703,899,0.5611735330836455,43.88264669163545,False
VLSFINANCE.NS,1602,0,0.0,100.0,True
VMARCIND.NS,1260,342,0.21348314606741572,78.65168539325843,False
VMART.NS,1602,0,0.0,100.0,True
VOLTAMP.NS,1602,0,0.0,100.0,True
VOLTAS.NS,1602,0,0.0,100.0,True
VPRPL.NS,688,914,0.5705368289637952,42.94631710362048,False
VR.NS,562,1040,0.6491885143570537,35.08114856429463,False
VRLLOG.NS,1602,0,0.0,100.0,True
VSCL.NS,1602,0,0.0,100.0,True
VSSL.NS,1602,0,0.0,100.0,True
VSTIND.NS,1602,0,0.0,100.0,True
VSTL.NS,576,1026,0.6404494382022472,35.95505617977528,False
VSTTILLERS.NS,1602,0,0.0,100.0,True
VTL.NS,1602,0,0.0,100.0,True
WAAREEINDO.NS,1602,0,0.0,100.0,True
WABAG.NS,1602,0,0.0,100.0,True
WALCHANNAG.NS,1602,0,0.0,100.0,True
WALPAR.NS,1211,391,0.24406991260923847,75.59300873907615,False
WANBURY.NS,1602,0,0.0,100.0,True
WEALTH.NS,1602,0,0.0,100.0,True
WEBELSOLAR.NS,1602,0,0.0,100.0,True
WEIZMANIND.NS,1602,0,0.0,100.0,True
WEL.NS,1602,0,0.0,100.0,True
WELCORP.NS,1602,0,0.0,100.0,True
WELENT.NS,1602,0,0.0,100.0,True
WELINV.NS,1602,0,0.0,100.0,True
WELSPUNLIV.NS,1602,0,0.0,100.0,True
WENDT.NS,1602,0,0.0,100.0,True
WESTLIFE.NS,1602,0,0.0,100.0,True
WEWIN.NS,1602,0,0.0,100.0,True
WHEELS.NS,1602,0,0.0,100.0,True
WHIRLPOOL.NS,1602,0,0.0,100.0,True
WILLAMAGOR.NS,1602,0,0.0,100.0,True
WINDLAS.NS,1198,404,0.25218476903870163,74.78152309612985,False
WINDMACHIN.NS,1602,0,0.0,100.0,True
WINSOL.NS,522,1080,0.6741573033707865,32.58426966292135,False
WINSOME.NS,1602,0,0.0,100.0,True
WIPL.NS,1602,0,0.0,100.0,True
WIPRO.NS,1602,0,0.0,100.0,True
WOCKPHARMA.NS,1602,0,0.0,100.0,True
WOMANCART.NS,653,949,0.5923845193508115,40.76154806491885,False
WONDERLA.NS,1602,0,0.0,100.0,True
WORTHPERI.NS,1602,0,0.0,100.0,True
WSI.NS,1602,0,0.0,100.0,True
WSTCSTPAPR.NS,1602,0,0.0,100.0,True
WTICAB.NS,577,1025,0.6398252184769039,36.017478152309614,False
XCHANGING.NS,1602,0,0.0,100.0,True
XELPMOC.NS,1602,0,0.0,100.0,True
XPROINDIA.NS,1602,0,0.0,100.0,True
YASHO.NS,699,903,0.5636704119850188,43.63295880149812,False
YASHOPTICS.NS,545,1057,0.6598002496878901,34.01997503121099,False
YATHARTH.NS,708,894,0.5580524344569289,44.19475655430711,False
YATRA.NS,672,930,0.5805243445692884,41.947565543071164,False
YCCL.NS,710,892,0.5568039950062422,44.31960049937578,False
YESBANK.NS,1602,0,0.0,100.0,True
YUDIZ.NS,701,901,0.5624219725343321,43.75780274656679,False
YUKEN.NS,1186,416,0.2596754057428215,74.03245942571786,False
ZAGGLE.NS,676,926,0.5780274656679151,42.197253433208495,False
ZEAL.NS,706,896,0.5593008739076155,44.06991260923845,False
ZEEL.NS,1602,0,0.0,100.0,True
ZEELEARN.NS,1602,0,0.0,100.0,True
ZEEMEDIA.NS,1602,0,0.0,100.0,True
ZENITHDRUG.NS,571,1031,0.6435705368289638,35.64294631710362,False
ZENITHEXPO.NS,1602,0,0.0,100.0,True
ZENITHSTL.NS,1602,0,0.0,100.0,True
ZENSARTECH.NS,1602,0,0.0,100.0,True
ZENTEC.NS,1602,0,0.0,100.0,True
ZFCVINDIA.NS,1602,0,0.0,100.0,True
ZIMLAB.NS,881,721,0.4500624219725343,54.993757802746565,False
ZODIAC.NS,1569,33,0.020599250936329586,97.94007490636703,True
ZODIACLOTH.NS,1602,0,0.0,100.0,True
ZOTA.NS,1602,0,0.0,100.0,True
ZTECH.NS,507,1095,0.6835205992509363,31.647940074906366,False
ZUARI.NS,1602,0,0.0,100.0,True
ZUARIIND.NS,1602,0,0.0,100.0,True
ZYDUSLIFE.NS,1602,0,0.0,100.0,True
ZYDUSWELL.NS,1602,0,0.0,100.0,True
