Symbol,Observations,Missing_Count,Missing_Pct,Coverage_Pct,Eligible
20MICRONS.NS,1599,0,0.0,100.0,True
21STCENMGM.NS,1599,0,0.0,100.0,True
360ONE.NS,1599,0,0.0,100.0,True
3IINFOLTD.NS,1599,0,0.0,100.0,True
3MINDIA.NS,1599,0,0.0,100.0,True
3PLAND.NS,1599,0,0.0,100.0,True
5PAISA.NS,1599,0,0.0,100.0,True
63MOONS.NS,1599,0,0.0,100.0,True
A2ZINFRA.NS,1599,0,0.0,100.0,True
AAATECH.NS,1382,217,0.1357098186366479,86.42901813633522,False
AADHARHFC.NS,518,1081,0.6760475297060663,32.39524702939337,False
AAKASH.NS,1599,0,0.0,100.0,True
AAREYDRUGS.NS,1201,398,0.2489055659787367,75.10944340212633,False
AARON.NS,1599,0,0.0,100.0,True
AARTECH.NS,725,874,0.5465916197623515,45.34083802376485,False
AARTIDRUGS.NS,1599,0,0.0,100.0,True
AARTIIND.NS,1599,0,0.0,100.0,True
AARTIPHARM.NS,833,766,0.4790494058786742,52.095059412132585,False
AARTISURF.NS,1468,131,0.08192620387742339,91.80737961225766,True
AARVI.NS,1599,0,0.0,100.0,True
AATMAJ.NS,731,868,0.5428392745465916,45.716072545340836,False
AAVAS.NS,1599,0,0.0,100.0,True
ABAN.NS,1599,0,0.0,100.0,True
ABB.NS,1599,0,0.0,100.0,True
ABBOTINDIA.NS,1599,0,0.0,100.0,True
ABCAPITAL.NS,1599,0,0.0,100.0,True
ABCOTS.NS,1084,515,0.3220762976860538,67.79237023139461,False
ABFRL.NS,1599,0,0.0,100.0,True
ABINFRA.NS,1599,0,0.0,100.0,True
ABMINTLLTD.NS,1599,0,0.0,100.0,True
ABREL.NS,1599,0,0.0,100.0,True
ABSLAMC.NS,1157,442,0.2764227642276423,72.35772357723577,False
ABSMARINE.NS,515,1084,0.6779237023139462,32.207629768605386,False
ACC.NS,1599,0,0.0,100.0,True
ACCELYA.NS,1599,0,0.0,100.0,True
ACCENTMIC.NS,617,982,0.6141338336460288,38.58661663539712,False
ACCORD.NS,1599,0,0.0,100.0,True
ACCURACY.NS,1599,0,0.0,100.0,True
ACE.NS,1599,0,0.0,100.0,True
ACEINTEG.NS,1599,0,0.0,100.0,True
ACI.NS,882,717,0.44840525328330205,55.1594746716698,False
ACL.NS,1599,0,0.0,100.0,True
ACUTAAS.NS,1176,423,0.26454033771106944,73.54596622889305,False
ADANIENSOL.NS,1599,0,0.0,100.0,True
ADANIENT.NS,1599,0,0.0,100.0,True
ADANIGREEN.NS,1599,0,0.0,100.0,True
ADANIPORTS.NS,1599,0,0.0,100.0,True
ADANIPOWER.NS,1599,0,0.0,100.0,True
ADFFOODS.NS,1599,0,0.0,100.0,True
ADL.NS,1411,188,0.11757348342714197,88.24265165728579,False
ADOR.NS,1599,0,0.0,100.0,True
ADROITINFO.NS,1599,0,0.0,100.0,True
ADSL.NS,1599,0,0.0,100.0,True
ADVANIHOTR.NS,1599,0,0.0,100.0,True
ADVENZYMES.NS,1599,0,0.0,100.0,True
AEGISLOG.NS,1599,0,0.0,100.0,True
AEROENTER.NS,882,717,0.44840525328330205,55.1594746716698,False
AEROFLEX.NS,688,911,0.5697310819262039,43.026891807379606,False
AERONEU.NS,844,755,0.4721701063164478,52.78298936835522,False
AETHER.NS,997,602,0.3764853033145716,62.35146966854283,False
AFFLE.NS,1599,0,0.0,100.0,True
AFSL.NS,858,741,0.4634146341463415,53.65853658536586,False
AGARIND.NS,1599,0,0.0,100.0,True
AGARWALFT.NS,815,784,0.4903064415259537,50.96935584740463,False
AGI.NS,1599,0,0.0,100.0,True
AGNI.NS,956,643,0.40212632895559725,59.78736710444028,False
AGRITECH.NS,1599,0,0.0,100.0,True
AGROPHOS.NS,1599,0,0.0,100.0,True
AGUL.NS,778,821,0.5134459036898061,48.65540963101939,False
AHIMSA.NS,1599,0,0.0,100.0,True
AHLADA.NS,1599,0,0.0,100.0,True
AHLEAST.NS,1599,0,0.0,100.0,True
AHLUCONT.NS,1599,0,0.0,100.0,True
AHLWEST.NS,1599,0,0.0,100.0,True
AIAENG.NS,1599,0,0.0,100.0,True
AIIL.NS,533,1066,0.6666666666666666,33.333333333333336,False
AILIMITED.NS,1221,378,0.23639774859287055,76.36022514071294,False
AIRAN.NS,1599,0,0.0,100.0,True
AIROLAM.NS,1599,0,0.0,100.0,True
AISL.NS,1599,0,0.0,100.0,True
AJANTPHARM.NS,1599,0,0.0,100.0,True
AJMERA.NS,1599,0,0.0,100.0,True
AJOONI.NS,1599,0,0.0,100.0,True
AKASH.NS,1599,0,0.0,100.0,True
AKG.NS,1599,0,0.0,100.0,True
AKI.NS,788,811,0.5071919949968731,49.280800500312694,False
AKSHAR.NS,1006,593,0.3708567854909318,62.91432145090682,False
AKSHARCHEM.NS,1599,0,0.0,100.0,True
AKSHOPTFBR.NS,1599,0,0.0,100.0,True
ALANKIT.NS,1599,0,0.0,100.0,True
ALBERTDAVD.NS,1599,0,0.0,100.0,True
ALEMBICLTD.NS,1599,0,0.0,100.0,True
ALICON.NS,1599,0,0.0,100.0,True
ALIVUS.NS,1201,398,0.2489055659787367,75.10944340212633,False
ALKALI.NS,1599,0,0.0,100.0,True
ALKEM.NS,1599,0,0.0,100.0,True
ALKYLAMINE.NS,1599,0,0.0,100.0,True
ALLCARGO.NS,1599,0,0.0,100.0,True
ALLDIGI.NS,1599,0,0.0,100.0,True
ALLETEC.NS,860,739,0.46216385240775487,53.783614759224506,False
ALMONDZ.NS,1599,0,0.0,100.0,True
ALOKINDS.NS,1599,0,0.0,100.0,True
ALPA.NS,1599,0,0.0,100.0,True
ALPEXSOLAR.NS,576,1023,0.6397748592870544,36.022514071294566,False
ALPHA.NS,1104,495,0.30956848030018763,69.04315196998124,False
ALPHAGEO.NS,1599,0,0.0,100.0,True
ALUWIND.NS,541,1058,0.6616635397123202,33.83364602876798,False
AMBER.NS,1599,0,0.0,100.0,True
AMBICAAGAR.NS,1599,0,0.0,100.0,True
AMBIKCO.NS,1599,0,0.0,100.0,True
AMBUJACEM.NS,1599,0,0.0,100.0,True
AMDIND.NS,1599,0,0.0,100.0,True
AMEYA.NS,931,668,0.41776110068792993,58.223889931207005,False
AMIABLE.NS,885,714,0.44652908067542213,55.34709193245779,False
AMJLAND.NS,1599,0,0.0,100.0,True
AMNPLST.NS,640,959,0.5997498436522827,40.025015634771734,False
AMRUTANJAN.NS,1599,0,0.0,100.0,True
ANANDRATHI.NS,1114,485,0.30331457160725456,69.66854283927455,False
ANANTRAJ.NS,1599,0,0.0,100.0,True
ANDHRAPAP.NS,1599,0,0.0,100.0,True
ANDHRSUGAR.NS,1599,0,0.0,100.0,True
ANGELONE.NS,1410,189,0.11819887429643527,88.18011257035647,False
ANIKINDS.NS,1599,0,0.0,100.0,True
ANKITMETAL.NS,1599,0,0.0,100.0,True
ANLON.NS,846,753,0.4709193245778612,52.908067542213885,False
ANMOL.NS,1245,354,0.22138836772983114,77.86116322701689,False
ANNAPURNA.NS,918,681,0.425891181988743,57.410881801125704,False
ANSALAPI.NS,1599,0,0.0,100.0,True
ANTELOPUS.NS,1599,0,0.0,100.0,True
ANTGRAPHIC.NS,1599,0,0.0,100.0,True
ANUP.NS,1599,0,0.0,100.0,True
ANURAS.NS,1292,307,0.19199499687304566,80.80050031269543,False
APARINDS.NS,1599,0,0.0,100.0,True
APCL.NS,1599,0,0.0,100.0,True
APCOTEXIND.NS,1599,0,0.0,100.0,True
APEX.NS,1599,0,0.0,100.0,True
APLAPOLLO.NS,1599,0,0.0,100.0,True
APLLTD.NS,1599,0,0.0,100.0,True
APOLLO.NS,1599,0,0.0,100.0,True
APOLLOHOSP.NS,1599,0,0.0,100.0,True
APOLLOPIPE.NS,1599,0,0.0,100.0,True
APOLLOTYRE.NS,1599,0,0.0,100.0,True
APOLSINHOT.NS,1599,0,0.0,100.0,True
APS.NS,594,1005,0.6285178236397748,37.148217636022515,False
APTECHT.NS,1599,0,0.0,100.0,True
APTUS.NS,1190,409,0.2557848655409631,74.42151344590368,False
AQYLON.NS,1599,0,0.0,100.0,True
ARABIAN.NS,663,936,0.5853658536585366,41.463414634146346,False
ARCHIDPLY.NS,1599,0,0.0,100.0,True
ARCHIES.NS,1599,0,0.0,100.0,True
ARE&M.NS,1599,0,0.0,100.0,True
ARENTERP.NS,1599,0,0.0,100.0,True
ARIES.NS,1599,0,0.0,100.0,True
ARIHANT.NS,575,1024,0.6404002501563477,35.95997498436523,False
ARIHANTACA.NS,852,747,0.46716697936210133,53.28330206378986,False
ARIHANTCAP.NS,1238,361,0.2257661038148843,77.42338961851158,False
ARIHANTSUP.NS,1599,0,0.0,100.0,True
ARISTO.NS,833,766,0.4790494058786742,52.095059412132585,False
ARMANFIN.NS,1599,0,0.0,100.0,True
AROGRANITE.NS,1599,0,0.0,100.0,True
ARROWGREEN.NS,1599,0,0.0,100.0,True
ARSHIYA.NS,1599,0,0.0,100.0,True
ARTEMISMED.NS,1581,18,0.01125703564727955,98.87429643527204,True
ARTNIRMAN.NS,1599,0,0.0,100.0,True
ARVEE.NS,1599,0,0.0,100.0,True
ARVIND.NS,1599,0,0.0,100.0,True
ARVINDFASN.NS,1599,0,0.0,100.0,True
ARVSMART.NS,1599,0,0.0,100.0,True
ASAHIINDIA.NS,1599,0,0.0,100.0,True
ASAHISONG.NS,1599,0,0.0,100.0,True
ASAL.NS,1599,0,0.0,100.0,True
ASALCBR.NS,1569,30,0.01876172607879925,98.12382739212008,True
ASCOM.NS,1599,0,0.0,100.0,True
ASHAPURMIN.NS,1599,0,0.0,100.0,True
ASHIANA.NS,1599,0,0.0,100.0,True
ASHIMASYN.NS,1599,0,0.0,100.0,True
ASHOKA.NS,1599,0,0.0,100.0,True
ASHOKAMET.NS,733,866,0.541588492808005,45.8411507191995,False
ASHOKLEY.NS,1599,0,0.0,100.0,True
ASIANENE.NS,1117,482,0.30143839899937463,69.85616010006254,False
ASIANHOTNR.NS,1599,0,0.0,100.0,True
ASIANPAINT.NS,1599,0,0.0,100.0,True
ASIANTILES.NS,1599,0,0.0,100.0,True
ASKAUTOLTD.NS,638,961,0.6010006253908693,39.89993746091307,False
ASMS.NS,1599,0,0.0,100.0,True
ASPINWALL.NS,1599,0,0.0,100.0,True
ASPIRE.NS,545,1054,0.6591619762351469,34.08380237648531,False
ASTEC.NS,1599,0,0.0,100.0,True
ASTERDM.NS,1599,0,0.0,100.0,True
ASTRAL.NS,1599,0,0.0,100.0,True
ASTRAMICRO.NS,1599,0,0.0,100.0,True
ASTRAZEN.NS,1599,0,0.0,100.0,True
ASTRON.NS,1599,0,0.0,100.0,True
ATALREAL.NS,1377,222,0.13883677298311445,86.11632270168855,False
ATAM.NS,767,832,0.5203252032520326,47.96747967479674,False
ATGL.NS,1599,0,0.0,100.0,True
ATL.NS,702,897,0.5609756097560976,43.90243902439024,False
ATLANTAA.NS,1599,0,0.0,100.0,True
ATLASCYCLE.NS,1599,0,0.0,100.0,True
ATMASTCO.NS,570,1029,0.6435272045028143,35.64727954971857,False
ATUL.NS,1599,0,0.0,100.0,True
ATULAUTO.NS,1599,0,0.0,100.0,True
AUBANK.NS,1599,0,0.0,100.0,True
AURIGROW.NS,1599,0,0.0,100.0,True
AURIONPRO.NS,1599,0,0.0,100.0,True
AUROIMPEX.NS,758,841,0.5259537210756723,47.40462789243277,False
AUROPHARMA.NS,1599,0,0.0,100.0,True
AURUM.NS,1599,0,0.0,100.0,True
AUSOMENT.NS,1599,0,0.0,100.0,True
AUTOAXLES.NS,1599,0,0.0,100.0,True
AUTOIND.NS,1599,0,0.0,100.0,True
AVADHSUGAR.NS,1599,0,0.0,100.0,True
AVALON.NS,782,817,0.5109443402126329,48.90556597873671,False
AVANTIFEED.NS,1599,0,0.0,100.0,True
AVG.NS,1599,0,0.0,100.0,True
AVONMORE.NS,850,749,0.46841776110068795,53.15822388993121,False
AVPINFRA.NS,553,1046,0.6541588492808005,34.58411507191995,False
AVROIND.NS,1599,0,0.0,100.0,True
AVSL.NS,1599,0,0.0,100.0,True
AVTNPL.NS,1599,0,0.0,100.0,True
AWFIS.NS,508,1091,0.6823014383989994,31.769856160100062,False
AWHCL.NS,1348,251,0.1569731081926204,84.30268918073796,False
AWL.NS,1075,524,0.32770481550969355,67.22951844903065,False
AXISBANK.NS,1599,0,0.0,100.0,True
AXISCADES.NS,1599,0,0.0,100.0,True
AXITA.NS,985,614,0.38398999374609133,61.60100062539087,False
AYMSYNTEX.NS,1599,0,0.0,100.0,True
AZAD.NS,609,990,0.6191369606003753,38.08630393996248,False
BABAFP.NS,638,961,0.6010006253908693,39.89993746091307,False
BAFNAPH.NS,1599,0,0.0,100.0,True
BAGFILMS.NS,1599,0,0.0,100.0,True
BAHETI.NS,869,730,0.45653533458411505,54.3464665415885,False
BAIDFIN.NS,838,761,0.47592245153220764,52.40775484677924,False
BAJAJ-AUTO.NS,1599,0,0.0,100.0,True
BAJAJCON.NS,1599,0,0.0,100.0,True
BAJAJELEC.NS,1599,0,0.0,100.0,True
BAJAJFINSV.NS,1599,0,0.0,100.0,True
BAJAJHCARE.NS,1127,472,0.2951844903064415,70.48155096935585,False
BAJAJHIND.NS,1599,0,0.0,100.0,True
BAJAJHLDNG.NS,1599,0,0.0,100.0,True
BAJEL.NS,615,984,0.6153846153846154,38.46153846153846,False
BAJFINANCE.NS,1599,0,0.0,100.0,True
BALAJITELE.NS,1599,0,0.0,100.0,True
BALAMINES.NS,1599,0,0.0,100.0,True
BALAXI.NS,1599,0,0.0,100.0,True
BALKRISHNA.NS,1599,0,0.0,100.0,True
BALKRISIND.NS,1599,0,0.0,100.0,True
BALMLAWRIE.NS,1599,0,0.0,100.0,True
BALPHARMA.NS,1599,0,0.0,100.0,True
BALRAMCHIN.NS,1599,0,0.0,100.0,True
BALUFORGE.NS,529,1070,0.6691682301438399,33.083176985616014,False
BANARBEADS.NS,1599,0,0.0,100.0,True
BANARISUG.NS,1599,0,0.0,100.0,True
BANCOINDIA.NS,1599,0,0.0,100.0,True
BANDHANBNK.NS,1599,0,0.0,100.0,True
BANG.NS,1599,0,0.0,100.0,True
BANKA.NS,1599,0,0.0,100.0,True
BANKBARODA.NS,1599,0,0.0,100.0,True
BANKINDIA.NS,1599,0,0.0,100.0,True
BANSWRAS.NS,1599,0,0.0,100.0,True
BASF.NS,1599,0,0.0,100.0,True
BASILIC.NS,681,918,0.574108818011257,42.589118198874296,False
BASML.NS,1599,0,0.0,100.0,True
BATAINDIA.NS,1599,0,0.0,100.0,True
BAWEJA.NS,583,1016,0.6353971232020013,36.460287679799876,False
BAYERCROP.NS,1599,0,0.0,100.0,True
BBL.NS,1599,0,0.0,100.0,True
BBOX.NS,1599,0,0.0,100.0,True
BBTC.NS,1599,0,0.0,100.0,True
BBTCL.NS,1599,0,0.0,100.0,True
BCG.NS,1599,0,0.0,100.0,True
BCLIND.NS,1305,294,0.18386491557223264,81.61350844277673,False
BCONCEPTS.NS,1599,0,0.0,100.0,True
BDL.NS,1599,0,0.0,100.0,True
BEARDSELL.NS,1599,0,0.0,100.0,True
BECTORFOOD.NS,1353,246,0.15384615384615385,84.61538461538461,False
BEDMUTHA.NS,1599,0,0.0,100.0,True
BEL.NS,1599,0,0.0,100.0,True
BEML.NS,1599,0,0.0,100.0,True
BEPL.NS,1599,0,0.0,100.0,True
BERGEPAINT.NS,1599,0,0.0,100.0,True
BESTAGRO.NS,1313,286,0.17886178861788618,82.11382113821138,False
BEWLTD.NS,1163,436,0.27267041901188244,72.73295809881175,False
BFINVEST.NS,1599,0,0.0,100.0,True
BFSI.NS,690,909,0.5684803001876173,43.15196998123827,False
BFUTILITIE.NS,1599,0,0.0,100.0,True
BGRENERGY.NS,1599,0,0.0,100.0,True
BHAGCHEM.NS,1153,446,0.2789243277048155,72.10756722951845,False
BHAGERIA.NS,1599,0,0.0,100.0,True
BHAGYANGR.NS,1599,0,0.0,100.0,True
BHANDARI.NS,1599,0,0.0,100.0,True
BHARATFORG.NS,1599,0,0.0,100.0,True
BHARATGEAR.NS,1599,0,0.0,100.0,True
BHARATRAS.NS,1599,0,0.0,100.0,True
BHARATWIRE.NS,1599,0,0.0,100.0,True
BHARTIARTL.NS,1599,0,0.0,100.0,True
BHARTIHEXA.NS,539,1060,0.6629143214509068,33.70856785490932,False
BHEL.NS,1599,0,0.0,100.0,True
BIGBLOC.NS,1599,0,0.0,100.0,True
BIKAJI.NS,885,714,0.44652908067542213,55.34709193245779,False
BIL.NS,1599,0,0.0,100.0,True
BIOCON.NS,1599,0,0.0,100.0,True
BIOFILCHEM.NS,1599,0,0.0,100.0,True
BIRDYS.NS,533,1066,0.6666666666666666,33.333333333333336,False
BIRET.NS,1317,282,0.17636022514071295,82.36397748592871,False
BIRLACABLE.NS,1599,0,0.0,100.0,True
BIRLACORPN.NS,1599,0,0.0,100.0,True
BIRLAMONEY.NS,1599,0,0.0,100.0,True
BIRLANU.NS,1599,0,0.0,100.0,True
BLAL.NS,781,818,0.5115697310819262,48.84302689180738,False
BLBLIMITED.NS,1599,0,0.0,100.0,True
BLISSGVS.NS,1599,0,0.0,100.0,True
BLKASHYAP.NS,1599,0,0.0,100.0,True
BLS.NS,1599,0,0.0,100.0,True
BLSE.NS,583,1016,0.6353971232020013,36.460287679799876,False
BLUECHIP.NS,1599,0,0.0,100.0,True
BLUECOAST.NS,1599,0,0.0,100.0,True
BLUEDART.NS,1599,0,0.0,100.0,True
BLUEJET.NS,647,952,0.5953721075672295,40.46278924327705,False
BLUEPEBBLE.NS,545,1054,0.6591619762351469,34.08380237648531,False
BLUESTARCO.NS,1599,0,0.0,100.0,True
BMETRICS.NS,1146,453,0.28330206378986866,71.66979362101313,False
BODALCHEM.NS,1599,0,0.0,100.0,True
BOHRAIND.NS,1599,0,0.0,100.0,True
BOMDYEING.NS,1599,0,0.0,100.0,True
BOROLTD.NS,1462,137,0.08567854909318325,91.43214509068167,True
BORORENEW.NS,1599,0,0.0,100.0,True
BOSCH-HCIL.NS,1599,0,0.0,100.0,True
BOSCHLTD.NS,1599,0,0.0,100.0,True
BPCL.NS,1599,0,0.0,100.0,True
BPL.NS,1599,0,0.0,100.0,True
BRIGADE.NS,1599,0,0.0,100.0,True
BRITANNIA.NS,1599,0,0.0,100.0,True
BRNL.NS,1599,0,0.0,100.0,True
BROOKS.NS,1599,0,0.0,100.0,True
BSE.NS,1599,0,0.0,100.0,True
BSHSL.NS,1599,0,0.0,100.0,True
BSL.NS,1599,0,0.0,100.0,True
BSOFT.NS,1599,0,0.0,100.0,True
BTML.NS,1382,217,0.1357098186366479,86.42901813633522,False
BUTTERFLY.NS,1599,0,0.0,100.0,True
BVCL.NS,1599,0,0.0,100.0,True
BYKE.NS,1599,0,0.0,100.0,True
CADSYS.NS,1599,0,0.0,100.0,True
CALSOFT.NS,1599,0,0.0,100.0,True
CAMLINFINE.NS,1599,0,0.0,100.0,True
CAMPUS.NS,1016,583,0.36460287679799874,63.539712320200124,False
CAMS.NS,1410,189,0.11819887429643527,88.18011257035647,False
CANARYS.NS,661,938,0.5866166353971232,41.338336460287685,False
CANBK.NS,1599,0,0.0,100.0,True
CANFINHOME.NS,1599,0,0.0,100.0,True
CANTABIL.NS,1599,0,0.0,100.0,True
CAPACITE.NS,1599,0,0.0,100.0,True
CAPITALSFB.NS,577,1022,0.6391494684177611,36.08505315822389,False
CAPLIPOINT.NS,1599,0,0.0,100.0,True
CAPTRUST.NS,1599,0,0.0,100.0,True
CARBORUNIV.NS,1599,0,0.0,100.0,True
CARERATING.NS,1599,0,0.0,100.0,True
CARTRADE.NS,1192,407,0.25453408380237647,74.54659161976235,False
CARYSIL.NS,1339,260,0.16260162601626016,83.73983739837398,False
CASTROLIND.NS,1599,0,0.0,100.0,True
CBAZAAR.NS,622,977,0.6110068792995622,38.89931207004378,False
CCAVENUE.NS,1599,0,0.0,100.0,True
CCCL.NS,1599,0,0.0,100.0,True
CCHHL.NS,1599,0,0.0,100.0,True
CCL.NS,1599,0,0.0,100.0,True
CDSL.NS,1599,0,0.0,100.0,True
CEATLTD.NS,1599,0,0.0,100.0,True
CELEBRITY.NS,1599,0,0.0,100.0,True
CELLECOR.NS,669,930,0.5816135084427767,41.83864915572233,False
CELLO.NS,644,955,0.5972482801751094,40.275171982489056,False
CELLPOINT.NS,732,867,0.5422138836772983,45.77861163227017,False
CEMPRO.NS,1599,0,0.0,100.0,True
CENTENKA.NS,1599,0,0.0,100.0,True
CENTEXT.NS,1599,0,0.0,100.0,True
CENTRALBK.NS,1599,0,0.0,100.0,True
CENTRUM.NS,1599,0,0.0,100.0,True
CENTUM.NS,1599,0,0.0,100.0,True
CENTURYPLY.NS,1599,0,0.0,100.0,True
CERA.NS,1599,0,0.0,100.0,True
CEREBRAINT.NS,1599,0,0.0,100.0,True
CESC.NS,1599,0,0.0,100.0,True
CGCL.NS,1599,0,0.0,100.0,True
CGPOWER.NS,1599,0,0.0,100.0,True
CGRAPHICS.NS,541,1058,0.6616635397123202,33.83364602876798,False
CHALET.NS,1599,0,0.0,100.0,True
CHAMBLFERT.NS,1599,0,0.0,100.0,True
CHAVDA.NS,672,927,0.5797373358348968,42.02626641651032,False
CHEMBOND.NS,1599,0,0.0,100.0,True
CHEMCON.NS,1411,188,0.11757348342714197,88.24265165728579,False
CHEMFAB.NS,1599,0,0.0,100.0,True
CHEMPLASTS.NS,1190,409,0.2557848655409631,74.42151344590368,False
CHENNPETRO.NS,1599,0,0.0,100.0,True
CHEVIOT.NS,986,613,0.383364602876798,61.663539712320194,False
CHOICEIN.NS,1034,565,0.3533458411507192,64.66541588492808,False
CHOLAFIN.NS,1599,0,0.0,100.0,True
CHOLAHLDNG.NS,1599,0,0.0,100.0,True
CIEINDIA.NS,1599,0,0.0,100.0,True
CINELINE.NS,1599,0,0.0,100.0,True
CINEVISTA.NS,1599,0,0.0,100.0,True
CIPLA.NS,1599,0,0.0,100.0,True
CLEAN.NS,1214,385,0.2407754846779237,75.92245153220762,False
CLEDUCATE.NS,1599,0,0.0,100.0,True
CLSEL.NS,1261,338,0.21138211382113822,78.86178861788618,False
CLSL.NS,689,910,0.5691056910569106,43.08943089430895,False
CMNL.NS,842,757,0.4734208880550344,52.65791119449656,False
CMRSL.NS,910,689,0.43089430894308944,56.91056910569105,False
CMSINFO.NS,1101,498,0.31144465290806755,68.85553470919325,False
CNL.NS,1599,0,0.0,100.0,True
COALINDIA.NS,1599,0,0.0,100.0,True
COASTCORP.NS,1158,441,0.275797373358349,72.42026266416511,False
COCHINSHIP.NS,1599,0,0.0,100.0,True
COFFEEDAY.NS,1599,0,0.0,100.0,True
COFORGE.NS,1599,0,0.0,100.0,True
COHANCE.NS,1552,47,0.029393370856785492,97.06066291432145,True
COLPAL.NS,1599,0,0.0,100.0,True
COMMITTED.NS,656,943,0.5897435897435898,41.02564102564102,False
COMPINFO.NS,1599,0,0.0,100.0,True
COMPUSOFT.NS,1599,0,0.0,100.0,True
COMSYN.NS,592,1007,0.6297686053783614,37.023139462163854,False
CONCOR.NS,1599,0,0.0,100.0,True
CONCORDBIO.NS,697,902,0.5641025641025641,43.58974358974359,False
CONFIPET.NS,1396,203,0.12695434646654158,87.30456535334584,False
CONS.NS,955,644,0.40275171982489055,59.724828017510944,False
CONSOFINVT.NS,1599,0,0.0,100.0,True
CONTI.NS,1599,0,0.0,100.0,True
CONTROLPR.NS,1599,0,0.0,100.0,True
COOLCAPS.NS,1035,564,0.3527204502814259,64.72795497185741,False
CORALFINAC.NS,1599,0,0.0,100.0,True
CORDSCABLE.NS,1599,0,0.0,100.0,True
COROMANDEL.NS,1599,0,0.0,100.0,True
COSMOFIRST.NS,1599,0,0.0,100.0,True
COUNCODOS.NS,1599,0,0.0,100.0,True
CPCAP.NS,1599,0,0.0,100.0,True
CPS.NS,683,916,0.5728580362726704,42.71419637273296,False
CRAFTSMAN.NS,1291,308,0.19262038774233897,80.73796122576611,False
CRAYONS.NS,750,849,0.5309568480300187,46.90431519699813,False
CREATIVEYE.NS,1599,0,0.0,100.0,True
CREDITACC.NS,1599,0,0.0,100.0,True
CREST.NS,1599,0,0.0,100.0,True
CRISIL.NS,1599,0,0.0,100.0,True
CROMPTON.NS,1599,0,0.0,100.0,True
CROWN.NS,1599,0,0.0,100.0,True
CSBBANK.NS,1599,0,0.0,100.0,True
CSLFINANCE.NS,963,636,0.3977485928705441,60.22514071294559,False
CTE.NS,1599,0,0.0,100.0,True
CUB.NS,1599,0,0.0,100.0,True
CUBEXTUB.NS,1599,0,0.0,100.0,True
CUMMINSIND.NS,1599,0,0.0,100.0,True
CUPID.NS,1599,0,0.0,100.0,True
CURAA.NS,1599,0,0.0,100.0,True
CYBERMEDIA.NS,1599,0,0.0,100.0,True
CYBERTECH.NS,1599,0,0.0,100.0,True
CYIENT.NS,1599,0,0.0,100.0,True
CYIENTDLM.NS,725,874,0.5465916197623515,45.34083802376485,False
DABUR.NS,1599,0,0.0,100.0,True
DALBHARAT.NS,1599,0,0.0,100.0,True
DALMIASUG.NS,1599,0,0.0,100.0,True
DAMODARIND.NS,1599,0,0.0,100.0,True
DANGEE.NS,1599,0,0.0,100.0,True
DATAMATICS.NS,1599,0,0.0,100.0,True
DATAPATTNS.NS,1106,493,0.308317698561601,69.1682301438399,False
DAVANGERE.NS,590,1009,0.631019387116948,36.89806128830519,False
DBCORP.NS,1599,0,0.0,100.0,True
DBL.NS,1599,0,0.0,100.0,True
DBOL.NS,931,668,0.41776110068792993,58.223889931207005,False
DBREALTY.NS,1599,0,0.0,100.0,True
DBSTOCKBRO.NS,1599,0,0.0,100.0,True
DCAL.NS,1599,0,0.0,100.0,True
DCBBANK.NS,1599,0,0.0,100.0,True
DCG.NS,537,1062,0.6641651031894934,33.58348968105066,False
DCI.NS,1592,7,0.004377736085053158,99.56222639149468,True
DCM.NS,1599,0,0.0,100.0,True
DCMFINSERV.NS,1599,0,0.0,100.0,True
DCMNVL.NS,1599,0,0.0,100.0,True
DCMSHRIRAM.NS,1599,0,0.0,100.0,True
DCMSRIND.NS,1106,493,0.308317698561601,69.1682301438399,False
DCW.NS,1599,0,0.0,100.0,True
DCXINDIA.NS,888,711,0.4446529080675422,55.53470919324578,False
DECCANCE.NS,1599,0,0.0,100.0,True
DEEM.NS,568,1031,0.6447779862414009,35.52220137585991,False
DEEPAKFERT.NS,1599,0,0.0,100.0,True
DEEPAKNTR.NS,1599,0,0.0,100.0,True
DEEPINDS.NS,1272,327,0.2045028142589118,79.54971857410882,False
DELAPLEX.NS,585,1014,0.6341463414634146,36.58536585365854,False
DELHIVERY.NS,1005,594,0.3714821763602251,62.851782363977485,False
DELPHIFX.NS,1599,0,0.0,100.0,True
DELTACORP.NS,1599,0,0.0,100.0,True
DELTAMAGNT.NS,1599,0,0.0,100.0,True
DEN.NS,1599,0,0.0,100.0,True
DENEERS.NS,766,833,0.5209505941213258,47.904940587867415,False
DENORA.NS,1599,0,0.0,100.0,True
DENTALKART.NS,750,849,0.5309568480300187,46.90431519699813,False
DESTINY.NS,1141,458,0.2864290181363352,71.35709818636649,False
DEVIT.NS,1599,0,0.0,100.0,True
DEVYANI.NS,1195,404,0.25265791119449654,74.73420888055034,False
DGCONTENT.NS,1599,0,0.0,100.0,True
DHAMPURSUG.NS,1599,0,0.0,100.0,True
DHANBANK.NS,1599,0,0.0,100.0,True
DHANUKA.NS,1599,0,0.0,100.0,True
DHARMAJ.NS,869,730,0.45653533458411505,54.3464665415885,False
DHRUV.NS,1127,472,0.2951844903064415,70.48155096935585,False
DHTL.NS,585,1014,0.6341463414634146,36.58536585365854,False
DHUNINV.NS,1599,0,0.0,100.0,True
DIACABS.NS,1599,0,0.0,100.0,True
DIAMINESQ.NS,672,927,0.5797373358348968,42.02626641651032,False
DIAMONDYD.NS,1599,0,0.0,100.0,True
DICIND.NS,1599,0,0.0,100.0,True
DIGIDRIVE.NS,600,999,0.624765478424015,37.523452157598506,False
DIGIKORE.NS,666,933,0.5834896810506567,41.651031894934334,False
DIGISPICE.NS,1599,0,0.0,100.0,True
DIGJAMLMTD.NS,1599,0,0.0,100.0,True
DISHTV.NS,1599,0,0.0,100.0,True
DIVGIITTS.NS,803,796,0.4978111319574734,50.21888680425266,False
DIVISLAB.NS,1599,0,0.0,100.0,True
DIXON.NS,1599,0,0.0,100.0,True
DJML.NS,872,727,0.4546591619762351,54.534083802376486,False
DKEGL.NS,1139,460,0.2876797998749218,71.23202001250782,False
DLF.NS,1599,0,0.0,100.0,True
DLINKINDIA.NS,1599,0,0.0,100.0,True
DMART.NS,1599,0,0.0,100.0,True
DMCC.NS,1123,476,0.29768605378361473,70.23139462163851,False
DNAMEDIA.NS,1599,0,0.0,100.0,True
DODLA.NS,1229,370,0.2313946216385241,76.86053783614759,False
DOLATALGO.NS,1599,0,0.0,100.0,True
DOLLAR.NS,1599,0,0.0,100.0,True
DOLLEX.NS,855,744,0.4652908067542214,53.47091932457786,False
DOLPHIN.NS,1599,0,0.0,100.0,True
DOMS.NS,614,985,0.6160100062539087,38.39899937460913,False
DONEAR.NS,1599,0,0.0,100.0,True
DPABHUSHAN.NS,1599,0,0.0,100.0,True
DPSCLTD.NS,1599,0,0.0,100.0,True
DPWIRES.NS,1599,0,0.0,100.0,True
DRCSYSTEMS.NS,1301,298,0.18636647904940587,81.36335209505941,False
DREAMFOLKS.NS,933,666,0.4165103189493433,58.348968105065666,False
DREDGECORP.NS,1599,0,0.0,100.0,True
DRONE.NS,716,883,0.5522201375859912,44.77798624140088,False
DRREDDY.NS,1599,0,0.0,100.0,True
DRSDILIP.NS,1599,0,0.0,100.0,True
DSSL.NS,1599,0,0.0,100.0,True
DTIL.NS,1599,0,0.0,100.0,True
DUCOL.NS,839,760,0.47529706066291433,52.47029393370857,False
DUCON.NS,1599,0,0.0,100.0,True
DUGLOBAL.NS,1174,425,0.26579111944965605,73.4208880550344,False
DVL.NS,1599,0,0.0,100.0,True
DWARKESH.NS,1599,0,0.0,100.0,True
DYCL.NS,959,640,0.4002501563477173,59.974984365228266,False
DYNAMATECH.NS,1599,0,0.0,100.0,True
DYNAMIC.NS,1145,454,0.28392745465916197,71.60725453408381,False
DYNPRO.NS,1599,0,0.0,100.0,True
E2E.NS,1599,0,0.0,100.0,True
EASEMYTRIP.NS,1295,304,0.19011882426516574,80.98811757348344,False
EASTSILK.NS,1599,0,0.0,100.0,True
ECLERX.NS,1599,0,0.0,100.0,True
EDELWEISS.NS,1599,0,0.0,100.0,True
EFACTOR.NS,663,936,0.5853658536585366,41.463414634146346,False
EFORCE.NS,610,989,0.6185115697310819,38.14884302689181,False
EICHERMOT.NS,1599,0,0.0,100.0,True
EIDPARRY.NS,1599,0,0.0,100.0,True
EIFFL.NS,1599,0,0.0,100.0,True
EIHAHOTELS.NS,1599,0,0.0,100.0,True
EIHOTEL.NS,1599,0,0.0,100.0,True
EIMCOELECO.NS,1599,0,0.0,100.0,True
EKC.NS,1599,0,0.0,100.0,True
ELDEHSG.NS,1032,567,0.3545966228893058,64.54033771106941,False
ELECON.NS,1599,0,0.0,100.0,True
ELECTCAST.NS,1599,0,0.0,100.0,True
ELECTHERM.NS,1599,0,0.0,100.0,True
ELGIEQUIP.NS,1599,0,0.0,100.0,True
ELGIRUBCO.NS,1599,0,0.0,100.0,True
ELIN.NS,853,746,0.466541588492808,53.345841150719195,False
EMAMILTD.NS,1599,0,0.0,100.0,True
EMAMIREAL.NS,1599,0,0.0,100.0,True
EMBASSY.NS,1599,0,0.0,100.0,True
EMBDL.NS,1599,0,0.0,100.0,True
EMIL.NS,905,694,0.434021263289556,56.59787367104441,False
EMKAY.NS,1599,0,0.0,100.0,True
EMKAYTOOLS.NS,1599,0,0.0,100.0,True
EMMBI.NS,1599,0,0.0,100.0,True
EMMIL.NS,517,1082,0.6766729205753595,32.33270794246405,False
EMSLIMITED.NS,674,925,0.5784865540963102,42.15134459036898,False
EMUDHRA.NS,999,600,0.37523452157598497,62.47654784240151,False
ENDURANCE.NS,1599,0,0.0,100.0,True
ENERGYDEV.NS,1599,0,0.0,100.0,True
ENFUSE.NS,551,1048,0.6554096310193871,34.45903689806129,False
ENGINERSIN.NS,1599,0,0.0,100.0,True
ENIL.NS,1599,0,0.0,100.0,True
ENSER.NS,551,1048,0.6554096310193871,34.45903689806129,False
ENTERO.NS,575,1024,0.6404002501563477,35.95997498436523,False
EPACK.NS,588,1011,0.6322701688555347,36.77298311444653,False
EPIGRAL.NS,1193,406,0.25390869293308316,74.60913070669169,False
EPL.NS,1599,0,0.0,100.0,True
EQUIPPP.NS,1599,0,0.0,100.0,True
EQUITASBNK.NS,1390,209,0.13070669168230145,86.92933083176986,False
ERIS.NS,1599,0,0.0,100.0,True
ESABINDIA.NS,1599,0,0.0,100.0,True
ESAFSFB.NS,640,959,0.5997498436522827,40.025015634771734,False
ESCONET.NS,570,1029,0.6435272045028143,35.64727954971857,False
ESCORTS.NS,1599,0,0.0,100.0,True
ESFL.NS,727,872,0.5453408380237649,45.465916197623514,False
ESG.NS,690,909,0.5684803001876173,43.15196998123827,False
ESSARSHPNG.NS,1599,0,0.0,100.0,True
ESSENTIA.NS,1599,0,0.0,100.0,True
ESTER.NS,1599,0,0.0,100.0,True
ETERNAL.NS,1211,388,0.24265165728580362,75.73483427141964,False
ETHOSLTD.NS,1001,598,0.37398373983739835,62.601626016260155,False
EUROTEXIND.NS,1599,0,0.0,100.0,True
EVEREADY.NS,1599,0,0.0,100.0,True
EVERESTIND.NS,1599,0,0.0,100.0,True
EXCELINDUS.NS,1599,0,0.0,100.0,True
EXICOM.NS,563,1036,0.6479049405878674,35.20950594121326,False
EXIDEIND.NS,1599,0,0.0,100.0,True
EXPLEOSOL.NS,1599,0,0.0,100.0,True
EXXARO.NS,1195,404,0.25265791119449654,74.73420888055034,False
FACT.NS,1599,0,0.0,100.0,True
FAIRCHEMOR.NS,1353,246,0.15384615384615385,84.61538461538461,False
FAZE3Q.NS,883,716,0.44777986241400874,55.22201375859912,False
FCL.NS,1599,0,0.0,100.0,True
FCSSOFT.NS,1599,0,0.0,100.0,True
FDC.NS,1599,0,0.0,100.0,True
FEDERALBNK.NS,1599,0,0.0,100.0,True
FEDFINA.NS,628,971,0.6072545340838024,39.27454659161976,False
FEL.NS,1599,0,0.0,100.0,True
FELDVR.NS,1599,0,0.0,100.0,True
FELIX.NS,1599,0,0.0,100.0,True
FIBERWEB.NS,1069,530,0.3314571607254534,66.85428392745466,False
FIDEL.NS,982,617,0.38586616635397125,61.41338336460287,False
FIEMIND.NS,1599,0,0.0,100.0,True
FILATEX.NS,1599,0,0.0,100.0,True
FILATFASH.NS,525,1074,0.6716697936210131,32.83302063789869,False
FINCABLES.NS,1599,0,0.0,100.0,True
FINEORG.NS,1599,0,0.0,100.0,True
FINOPB.NS,1135,464,0.29018136335209505,70.9818636647905,False
FINPIPE.NS,1599,0,0.0,100.0,True
FIVESTAR.NS,882,717,0.44840525328330205,55.1594746716698,False
FLAIR.NS,627,972,0.6078799249530957,39.212007504690426,False
FLEXITUFF.NS,1599,0,0.0,100.0,True
FLFL.NS,1599,0,0.0,100.0,True
FLUOROCHEM.NS,1599,0,0.0,100.0,True
FMGOETZE.NS,1599,0,0.0,100.0,True
FMNL.NS,1599,0,0.0,100.0,True
FOCUS.NS,1599,0,0.0,100.0,True
FONEBOX.NS,585,1014,0.6341463414634146,36.58536585365854,False
FOODSIN.NS,1133,466,0.29143214509068166,70.85678549093184,False
FORCEMOT.NS,1561,38,0.023764853033145718,97.62351469668543,True
FORTIS.NS,1599,0,0.0,100.0,True
FOSECOIND.NS,1599,0,0.0,100.0,True
FROG.NS,907,692,0.43277048155096937,56.72295184490306,False
FSL.NS,1599,0,0.0,100.0,True
FUSION.NS,886,713,0.4459036898061288,55.40963101938712,False
GABRIEL.NS,1599,0,0.0,100.0,True
GAEL.NS,1599,0,0.0,100.0,True
GAIL.NS,1599,0,0.0,100.0,True
GALAXYSURF.NS,1599,0,0.0,100.0,True
GALLANTT.NS,1599,0,0.0,100.0,True
GANDHAR.NS,628,971,0.6072545340838024,39.27454659161976,False
GANDHITUBE.NS,1599,0,0.0,100.0,True
GANECOS.NS,1599,0,0.0,100.0,True
GANESHBE.NS,1174,425,0.26579111944965605,73.4208880550344,False
GANESHHOU.NS,1599,0,0.0,100.0,True
GANGAFORGE.NS,1599,0,0.0,100.0,True
GANGESSECU.NS,1599,0,0.0,100.0,True
GARFIBRES.NS,1599,0,0.0,100.0,True
GATECH.NS,1599,0,0.0,100.0,True
GATECHDVR.NS,1599,0,0.0,100.0,True
GATEWAY.NS,1047,552,0.3452157598499062,65.47842401500938,False
GAYAHWS.NS,1599,0,0.0,100.0,True
GAYAPROJ.NS,1599,0,0.0,100.0,True
GEECEE.NS,1599,0,0.0,100.0,True
GEEKAYWIRE.NS,1599,0,0.0,100.0,True
GENCON.NS,1317,282,0.17636022514071295,82.36397748592871,False
GENESYS.NS,1599,0,0.0,100.0,True
GENUSPAPER.NS,1599,0,0.0,100.0,True
GENUSPOWER.NS,1599,0,0.0,100.0,True
GEOJITFSL.NS,1599,0,0.0,100.0,True
GESHIP.NS,1599,0,0.0,100.0,True
GFLLIMITED.NS,1599,0,0.0,100.0,True
GHCL.NS,1599,0,0.0,100.0,True
GHCLTEXTIL.NS,744,855,0.5347091932457786,46.52908067542214,False
GICHSGFIN.NS,1599,0,0.0,100.0,True
GICL.NS,1599,0,0.0,100.0,True
GICRE.NS,1599,0,0.0,100.0,True
GILLANDERS.NS,1599,0,0.0,100.0,True
GILLETTE.NS,1599,0,0.0,100.0,True
GINNIFILA.NS,1599,0,0.0,100.0,True
GIPCL.NS,1599,0,0.0,100.0,True
GIRIRAJ.NS,1599,0,0.0,100.0,True
GKWLIMITED.NS,1599,0,0.0,100.0,True
GLAND.NS,1376,223,0.13946216385240776,86.05378361475923,False
GLAXO.NS,1599,0,0.0,100.0,True
GLENMARK.NS,1599,0,0.0,100.0,True
GLFL.NS,1599,0,0.0,100.0,True
GLOBAL.NS,1599,0,0.0,100.0,True
GLOBALPET.NS,725,874,0.5465916197623515,45.34083802376485,False
GLOBALVECT.NS,1599,0,0.0,100.0,True
GLOBE.NS,1599,0,0.0,100.0,True
GLOBUSSPR.NS,1599,0,0.0,100.0,True
GLOSTERLTD.NS,530,1069,0.6685428392745466,33.14571607254534,False
GMBREW.NS,1599,0,0.0,100.0,True
GMDCLTD.NS,1599,0,0.0,100.0,True
GMMPFAUDLR.NS,1599,0,0.0,100.0,True
GMRAIRPORT.NS,1599,0,0.0,100.0,True
GMRP&UI.NS,1046,553,0.3458411507191995,65.41588492808005,False
GNA.NS,1599,0,0.0,100.0,True
GNFC.NS,1599,0,0.0,100.0,True
GOACARBON.NS,1599,0,0.0,100.0,True
GOCLCORP.NS,1599,0,0.0,100.0,True
GOCOLORS.NS,1124,475,0.2970606629143214,70.29393370856786,False
GODFRYPHLP.NS,1599,0,0.0,100.0,True
GODIGIT.NS,513,1086,0.6791744840525328,32.082551594746725,False
GODREJAGRO.NS,1599,0,0.0,100.0,True
GODREJCP.NS,1599,0,0.0,100.0,True
GODREJIND.NS,1599,0,0.0,100.0,True
GODREJPROP.NS,1599,0,0.0,100.0,True
GOKEX.NS,1599,0,0.0,100.0,True
GOKUL.NS,1599,0,0.0,100.0,True
GOKULAGRO.NS,1599,0,0.0,100.0,True
GOODLUCK.NS,1599,0,0.0,100.0,True
GOODYEAR.NS,1023,576,0.3602251407129456,63.97748592870545,False
GOPAL.NS,557,1042,0.6516572858036273,34.834271419637275,False
GOYALALUM.NS,892,707,0.442151344590369,55.784865540963104,False
GOYALSALT.NS,661,938,0.5866166353971232,41.338336460287685,False
GPIL.NS,1599,0,0.0,100.0,True
GPPL.NS,1599,0,0.0,100.0,True
GPTHEALTH.NS,566,1033,0.6460287679799875,35.39712320200125,False
GPTINFRA.NS,1599,0,0.0,100.0,True
GRANULES.NS,1599,0,0.0,100.0,True
GRAPHISAD.NS,619,980,0.6128830519074422,38.71169480925578,False
GRAPHITE.NS,1599,0,0.0,100.0,True
GRASIM.NS,1599,0,0.0,100.0,True
GRAUWEIL.NS,627,972,0.6078799249530957,39.212007504690426,False
GRAVITA.NS,1599,0,0.0,100.0,True
GRCL.NS,827,772,0.482801751094434,51.719824890556595,False
GREAVESCOT.NS,1599,0,0.0,100.0,True
GREENCHEF.NS,727,872,0.5453408380237649,45.465916197623514,False
GREENLAM.NS,1599,0,0.0,100.0,True
GREENPANEL.NS,1599,0,0.0,100.0,True
GREENPLY.NS,1599,0,0.0,100.0,True
GREENPOWER.NS,1599,0,0.0,100.0,True
GRETEX.NS,1599,0,0.0,100.0,True
GRINDWELL.NS,1599,0,0.0,100.0,True
GRINFRA.NS,1214,385,0.2407754846779237,75.92245153220762,False
GRMOVER.NS,932,667,0.4171357098186366,58.286429018136346,False
GROBTEA.NS,1599,0,0.0,100.0,True
GRPLTD.NS,1599,0,0.0,100.0,True
GRSE.NS,1599,0,0.0,100.0,True
GRWRHITECH.NS,1078,521,0.3258286429018136,67.41713570981864,False
GSFC.NS,1599,0,0.0,100.0,True
GSLSU.NS,796,803,0.5021888680425266,49.78111319574734,False
GSMFOILS.NS,507,1092,0.6829268292682927,31.707317073170728,False
GSS.NS,1599,0,0.0,100.0,True
GSTL.NS,988,611,0.3821138211382114,61.78861788617886,False
GTECJAINX.NS,1599,0,0.0,100.0,True
GTL.NS,1599,0,0.0,100.0,True
GTLINFRA.NS,1599,0,0.0,100.0,True
GTPL.NS,1599,0,0.0,100.0,True
GUFICBIO.NS,1599,0,0.0,100.0,True
GUJALKALI.NS,1599,0,0.0,100.0,True
GUJAPOLLO.NS,1599,0,0.0,100.0,True
GUJGASLTD.NS,1599,0,0.0,100.0,True
GUJRAFFIA.NS,1590,9,0.005628517823639775,99.43714821763602,True
GULFOILLUB.NS,1599,0,0.0,100.0,True
GULFPETRO.NS,1599,0,0.0,100.0,True
GULPOLY.NS,1599,0,0.0,100.0,True
GVKPIL.NS,1599,0,0.0,100.0,True
GVPIL.NS,1599,0,0.0,100.0,True
GVPTECH.NS,1599,0,0.0,100.0,True
GVT&D.NS,1599,0,0.0,100.0,True
HAL.NS,1599,0,0.0,100.0,True
HALEOSLABS.NS,1599,0,0.0,100.0,True
HAPPSTMNDS.NS,1421,178,0.11131957473420888,88.86804252657912,False
HAPPYFORGE.NS,610,989,0.6185115697310819,38.14884302689181,False
HARDWYN.NS,1032,567,0.3545966228893058,64.54033771106941,False
HARIOMPIPE.NS,1031,568,0.35522201375859913,64.47779862414009,False
HARRMALAYA.NS,1599,0,0.0,100.0,True
HARSHA.NS,919,680,0.4252657911194497,57.473420888055024,False
HATHWAY.NS,1599,0,0.0,100.0,True
HATSUN.NS,1599,0,0.0,100.0,True
HAVELLS.NS,1599,0,0.0,100.0,True
HAVISHA.NS,1599,0,0.0,100.0,True
HBLENGINE.NS,1599,0,0.0,100.0,True
HBSL.NS,1599,0,0.0,100.0,True
HCC.NS,1599,0,0.0,100.0,True
HCG.NS,1599,0,0.0,100.0,True
HCL-INSYS.NS,1599,0,0.0,100.0,True
HCLTECH.NS,1599,0,0.0,100.0,True
HDFCAMC.NS,1599,0,0.0,100.0,True
HDFCBANK.NS,1599,0,0.0,100.0,True
HDFCLIFE.NS,1599,0,0.0,100.0,True
HDIL.NS,1599,0,0.0,100.0,True
HEADSUP.NS,1599,0,0.0,100.0,True
HECPROJECT.NS,1599,0,0.0,100.0,True
HEG.NS,1599,0,0.0,100.0,True
HEIDELBERG.NS,1599,0,0.0,100.0,True
HEMIPROP.NS,1397,202,0.12632895559724827,87.36710444027518,False
HERANBA.NS,1304,295,0.18449030644152595,81.5509693558474,False
HERITGFOOD.NS,1599,0,0.0,100.0,True
HEROMOTOCO.NS,1599,0,0.0,100.0,True
HESTERBIO.NS,1599,0,0.0,100.0,True
HEXATRADEX.NS,1599,0,0.0,100.0,True
HFCL.NS,1599,0,0.0,100.0,True
HGINFRA.NS,1599,0,0.0,100.0,True
HGM.NS,1599,0,0.0,100.0,True
HGS.NS,1599,0,0.0,100.0,True
HIGREEN.NS,669,930,0.5816135084427767,41.83864915572233,False
HIKAL.NS,1599,0,0.0,100.0,True
HILTON.NS,1599,0,0.0,100.0,True
HIMATSEIDE.NS,1599,0,0.0,100.0,True
HINDALCO.NS,1599,0,0.0,100.0,True
HINDCOMPOS.NS,1599,0,0.0,100.0,True
HINDCON.NS,1599,0,0.0,100.0,True
HINDCOPPER.NS,1599,0,0.0,100.0,True
HINDOILEXP.NS,1599,0,0.0,100.0,True
HINDPETRO.NS,1599,0,0.0,100.0,True
HINDUNILVR.NS,1599,0,0.0,100.0,True
HINDWAREAP.NS,1599,0,0.0,100.0,True
HINDZINC.NS,1599,0,0.0,100.0,True
HIRECT.NS,1599,0,0.0,100.0,True
HISARMETAL.NS,1599,0,0.0,100.0,True
HITECH.NS,1599,0,0.0,100.0,True
HITECHCORP.NS,1599,0,0.0,100.0,True
HITECHGEAR.NS,1599,0,0.0,100.0,True
HLEGLAS.NS,1313,286,0.17886178861788618,82.11382113821138,False
HLVLTD.NS,1599,0,0.0,100.0,True
HMAAGRO.NS,729,870,0.5440900562851783,45.590994371482175,False
HMT.NS,1599,0,0.0,100.0,True
HMVL.NS,1599,0,0.0,100.0,True
HNDFDS.NS,1599,0,0.0,100.0,True
HOACFOODS.NS,512,1087,0.6797998749218261,32.020012507817384,False
HOLMARC.NS,672,927,0.5797373358348968,42.02626641651032,False
HOMEFIRST.NS,1326,273,0.17073170731707318,82.92682926829268,False
HOMESFY.NS,852,747,0.46716697936210133,53.28330206378986,False
HONASA.NS,643,956,0.5978736710444027,40.21263289555973,False
HONAUT.NS,1599,0,0.0,100.0,True
HPAL.NS,1105,494,0.3089430894308943,69.10569105691057,False
HPIL.NS,1570,29,0.01813633520950594,98.1863664790494,True
HPL.NS,1599,0,0.0,100.0,True
HRHNEXT.NS,605,994,0.6216385240775485,37.83614759224515,False
HSCL.NS,1599,0,0.0,100.0,True
HTMEDIA.NS,1599,0,0.0,100.0,True
HUBTOWN.NS,1599,0,0.0,100.0,True
HUDCO.NS,1599,0,0.0,100.0,True
HUHTAMAKI.NS,1599,0,0.0,100.0,True
HYBRIDFIN.NS,871,728,0.45528455284552843,54.47154471544715,False
IBLFL.NS,596,1003,0.6272670419011882,37.273295809881176,False
IBULLSLTD.NS,1599,0,0.0,100.0,True
ICDSLTD.NS,1223,376,0.23514696685428393,76.48530331457161,False
ICEMAKE.NS,1599,0,0.0,100.0,True
ICICIBANK.NS,1599,0,0.0,100.0,True
ICICIGI.NS,1599,0,0.0,100.0,True
ICICIPRULI.NS,1599,0,0.0,100.0,True
ICIL.NS,1599,0,0.0,100.0,True
ICRA.NS,1599,0,0.0,100.0,True
IDBI.NS,1599,0,0.0,100.0,True
IDEA.NS,1599,0,0.0,100.0,True
IDEAFORGE.NS,726,873,0.5459662288930581,45.40337711069419,False
IDFCFIRSTB.NS,1599,0,0.0,100.0,True
IEML.NS,514,1085,0.6785490931832395,32.145090681676045,False
IEX.NS,1599,0,0.0,100.0,True
IFBAGRO.NS,1599,0,0.0,100.0,True
IFBIND.NS,1599,0,0.0,100.0,True
IFCI.NS,1599,0,0.0,100.0,True
IFGLEXPOR.NS,1599,0,0.0,100.0,True
IGARASHI.NS,1599,0,0.0,100.0,True
IGL.NS,1599,0,0.0,100.0,True
IGPL.NS,1599,0,0.0,100.0,True
IIFL.NS,1599,0,0.0,100.0,True
IIFLCAPS.NS,1599,0,0.0,100.0,True
IITL.NS,1599,0,0.0,100.0,True
IKIO.NS,740,859,0.5372107567229518,46.278924327704814,False
IL&FSENGG.NS,1599,0,0.0,100.0,True
IL&FSTRANS.NS,1599,0,0.0,100.0,True
IMAGICAA.NS,1599,0,0.0,100.0,True
IMFA.NS,1599,0,0.0,100.0,True
IMPAL.NS,1599,0,0.0,100.0,True
IMPEXFERRO.NS,1599,0,0.0,100.0,True
INCREDIBLE.NS,1599,0,0.0,100.0,True
INDBANK.NS,1599,0,0.0,100.0,True
INDGN.NS,520,1079,0.6747967479674797,32.52032520325203,False
INDHOTEL.NS,1599,0,0.0,100.0,True
INDIACEM.NS,1599,0,0.0,100.0,True
INDIAGLYCO.NS,1599,0,0.0,100.0,True
INDIAMART.NS,1599,0,0.0,100.0,True
INDIANB.NS,1599,0,0.0,100.0,True
INDIANCARD.NS,1599,0,0.0,100.0,True
INDIANHUME.NS,1599,0,0.0,100.0,True
INDIASHLTR.NS,614,985,0.6160100062539087,38.39899937460913,False
INDIFRA.NS,608,991,0.6197623514696685,38.02376485303315,False
INDIGO.NS,1599,0,0.0,100.0,True
INDIGOPNTS.NS,1327,272,0.17010631644777988,82.98936835522201,False
INDIGRID.NS,1599,0,0.0,100.0,True
INDNIPPON.NS,1599,0,0.0,100.0,True
INDOAMIN.NS,1021,578,0.3614759224515322,63.85240775484677,False
INDOBORAX.NS,1042,557,0.34834271419637275,65.16572858036272,False
INDOCO.NS,1599,0,0.0,100.0,True
INDORAMA.NS,1599,0,0.0,100.0,True
INDOSTAR.NS,1599,0,0.0,100.0,True
INDOTECH.NS,1599,0,0.0,100.0,True
INDOTHAI.NS,1599,0,0.0,100.0,True
INDOWIND.NS,1599,0,0.0,100.0,True
INDRAMEDCO.NS,1599,0,0.0,100.0,True
INDSWFTLAB.NS,1599,0,0.0,100.0,True
INDTERRAIN.NS,1599,0,0.0,100.0,True
INDUSINDBK.NS,1599,0,0.0,100.0,True
INDUSTOWER.NS,1599,0,0.0,100.0,True
INFINIUM.NS,783,816,0.5103189493433395,48.968105065666045,False
INFOBEAN.NS,1599,0,0.0,100.0,True
INFOLLION.NS,746,853,0.533458411507192,46.654158849280805,False
INFOMEDIA.NS,1599,0,0.0,100.0,True
INFY.NS,1599,0,0.0,100.0,True
INGERRAND.NS,1599,0,0.0,100.0,True
INM.NS,570,1029,0.6435272045028143,35.64727954971857,False
INNOVACAP.NS,608,991,0.6197623514696685,38.02376485303315,False
INNOVANA.NS,1599,0,0.0,100.0,True
INOXGREEN.NS,880,719,0.44965603502188867,55.03439649781113,False
INOXINDIA.NS,613,986,0.616635397123202,38.3364602876798,False
INOXWIND.NS,1599,0,0.0,100.0,True
INSECTICID.NS,1599,0,0.0,100.0,True
INSPIRE.NS,665,934,0.5841150719199499,41.58849280800501,False
INSPIRISYS.NS,1599,0,0.0,100.0,True
INTELLECT.NS,1599,0,0.0,100.0,True
INTENTECH.NS,1599,0,0.0,100.0,True
INTLCONV.NS,1174,425,0.26579111944965605,73.4208880550344,False
INVENTURE.NS,1599,0,0.0,100.0,True
IOB.NS,1599,0,0.0,100.0,True
IOC.NS,1599,0,0.0,100.0,True
IOLCP.NS,1599,0,0.0,100.0,True
IONEXCHANG.NS,1065,534,0.3339587242026266,66.60412757973734,False
IPCALAB.NS,1599,0,0.0,100.0,True
IPL.NS,1224,375,0.23452157598499063,76.54784240150094,False
IPSL.NS,887,712,0.4452782989368355,55.47217010631644,False
IRB.NS,1599,0,0.0,100.0,True
IRBINVIT.NS,1599,0,0.0,100.0,True
IRCON.NS,1599,0,0.0,100.0,True
IRCTC.NS,1599,0,0.0,100.0,True
IREDA.NS,629,970,0.6066291432145091,39.33708567854909,False
IRFC.NS,1329,270,0.16885553470919323,83.11444652908068,False
IRIS.NS,1139,460,0.2876797998749218,71.23202001250782,False
IRISDOREME.NS,1599,0,0.0,100.0,True
IRMENERGY.NS,651,948,0.5928705440900562,40.71294559099437,False
ISFT.NS,1599,0,0.0,100.0,True
ISGEC.NS,1266,333,0.20825515947467166,79.17448405253283,False
ISHAN.NS,920,679,0.42464040025015637,57.535959974984365,False
IT.NS,1305,294,0.18386491557223264,81.61350844277673,False
ITALIANE.NS,579,1020,0.6378986866791745,36.210131332082554,False
ITC.NS,1599,0,0.0,100.0,True
ITDC.NS,1599,0,0.0,100.0,True
ITI.NS,1599,0,0.0,100.0,True
IVC.NS,1599,0,0.0,100.0,True
IVP.NS,1599,0,0.0,100.0,True
IZMO.NS,1599,0,0.0,100.0,True
J&KBANK.NS,1599,0,0.0,100.0,True
JAGRAN.NS,1599,0,0.0,100.0,True
JAGSNPHARM.NS,1599,0,0.0,100.0,True
JAIBALAJI.NS,1599,0,0.0,100.0,True
JAICORPLTD.NS,1599,0,0.0,100.0,True
JAINAM.NS,1148,451,0.28205128205128205,71.7948717948718,False
JAIPURKURT.NS,1599,0,0.0,100.0,True
JAKHARIA.NS,1599,0,0.0,100.0,True
JALAN.NS,1599,0,0.0,100.0,True
JAMNAAUTO.NS,1599,0,0.0,100.0,True
JASH.NS,1599,0,0.0,100.0,True
JAYAGROGN.NS,1599,0,0.0,100.0,True
JAYBARMARU.NS,1599,0,0.0,100.0,True
JAYNECOIND.NS,1599,0,0.0,100.0,True
JAYSREETEA.NS,1599,0,0.0,100.0,True
JBCHEPHARM.NS,1599,0,0.0,100.0,True
JBMA.NS,1599,0,0.0,100.0,True
JETFREIGHT.NS,1599,0,0.0,100.0,True
JETKNIT.NS,1599,0,0.0,100.0,True
JFLLIFE.NS,931,668,0.41776110068792993,58.223889931207005,False
JGCHEM.NS,558,1041,0.651031894934334,34.8968105065666,False
JHS.NS,1599,0,0.0,100.0,True
JINDALPHOT.NS,1599,0,0.0,100.0,True
JINDALPOLY.NS,1599,0,0.0,100.0,True
JINDALSAW.NS,1599,0,0.0,100.0,True
JINDALSTEL.NS,1599,0,0.0,100.0,True
JINDRILL.NS,1599,0,0.0,100.0,True
JINDWORLD.NS,1599,0,0.0,100.0,True
JIOFIN.NS,696,903,0.5647279549718575,43.52720450281426,False
JISLDVREQS.NS,1599,0,0.0,100.0,True
JISLJALEQS.NS,1599,0,0.0,100.0,True
JITFINFRA.NS,1599,0,0.0,100.0,True
JIWANRAM.NS,676,923,0.5772357723577236,42.27642276422764,False
JKCEMENT.NS,1599,0,0.0,100.0,True
JKIL.NS,1599,0,0.0,100.0,True
JKLAKSHMI.NS,1599,0,0.0,100.0,True
JKPAPER.NS,1599,0,0.0,100.0,True
JKTYRE.NS,1599,0,0.0,100.0,True
JLHL.NS,676,923,0.5772357723577236,42.27642276422764,False
JMA.NS,1599,0,0.0,100.0,True
JMFINANCIL.NS,1599,0,0.0,100.0,True
JNKINDIA.NS,528,1071,0.6697936210131332,33.02063789868668,False
JOCIL.NS,1599,0,0.0,100.0,True
JPOLYINVST.NS,1599,0,0.0,100.0,True
JPPOWER.NS,1599,0,0.0,100.0,True
JSFB.NS,577,1022,0.6391494684177611,36.08505315822389,False
JSL.NS,1599,0,0.0,100.0,True
JSLL.NS,1019,580,0.3627267041901188,63.727329580988126,False
JSWDULUX.NS,1599,0,0.0,100.0,True
JSWENERGY.NS,1599,0,0.0,100.0,True
JSWHL.NS,1599,0,0.0,100.0,True
JSWINFRA.NS,667,932,0.5828642901813633,41.71357098186367,False
JSWSTEEL.NS,1599,0,0.0,100.0,True
JTEKTINDIA.NS,1599,0,0.0,100.0,True
JTLIND.NS,1107,492,0.3076923076923077,69.23076923076923,False
JUBLFOOD.NS,1599,0,0.0,100.0,True
JUBLINGREA.NS,1295,304,0.19011882426516574,80.98811757348344,False
JUBLPHARMA.NS,1599,0,0.0,100.0,True
JUNIPER.NS,567,1032,0.6454033771106942,35.45966228893058,False
JUSTDIAL.NS,1599,0,0.0,100.0,True
JWL.NS,1599,0,0.0,100.0,True
JYOTHYLAB.NS,1599,0,0.0,100.0,True
JYOTICNC.NS,596,1003,0.6272670419011882,37.273295809881176,False
JYOTISTRUC.NS,1599,0,0.0,100.0,True
K2INFRA.NS,542,1057,0.6610381488430269,33.89618511569731,False
KABRAEXTRU.NS,1599,0,0.0,100.0,True
KAJARIACER.NS,1599,0,0.0,100.0,True
KAKATCEM.NS,1599,0,0.0,100.0,True
KALAMANDIR.NS,670,929,0.5809881175734835,41.901188242651656,False
KALYANIFRG.NS,1599,0,0.0,100.0,True
KALYANKJIL.NS,1290,309,0.19324577861163228,80.67542213883677,False
KAMATHOTEL.NS,1599,0,0.0,100.0,True
KAMDHENU.NS,1599,0,0.0,100.0,True
KAMOPAINTS.NS,836,763,0.47717323327079425,52.28267667292057,False
KANANIIND.NS,1599,0,0.0,100.0,True
KANDARP.NS,917,682,0.4265165728580363,57.34834271419638,False
KANORICHEM.NS,1599,0,0.0,100.0,True
KANPRPLA.NS,1347,252,0.1575984990619137,84.24015009380864,False
KANSAINER.NS,1599,0,0.0,100.0,True
KAPSTON.NS,1599,0,0.0,100.0,True
KARMAENG.NS,1599,0,0.0,100.0,True
KARNIKA.NS,660,939,0.5872420262664165,41.275797373358344,False
KARURVYSYA.NS,1599,0,0.0,100.0,True
KAUSHALYA.NS,1599,0,0.0,100.0,True
KAVDEFENCE.NS,1599,0,0.0,100.0,True
KAYA.NS,1599,0,0.0,100.0,True
KAYNES.NS,881,718,0.44903064415259536,55.09693558474047,False
KCEIL.NS,603,996,0.6228893058161351,37.71106941838649,False
KCK.NS,962,637,0.3983739837398374,60.162601626016254,False
KCP.NS,1599,0,0.0,100.0,True
KCPSUGIND.NS,1599,0,0.0,100.0,True
KDDL.NS,1599,0,0.0,100.0,True
KDL.NS,742,857,0.5359599749843652,46.40400250156348,False
KEC.NS,1599,0,0.0,100.0,True
KECL.NS,1599,0,0.0,100.0,True
KEEPLEARN.NS,1291,308,0.19262038774233897,80.73796122576611,False
KEI.NS,1599,0,0.0,100.0,True
KEL.NS,671,928,0.5803627267041901,41.96372732958099,False
KELLTONTEC.NS,1599,0,0.0,100.0,True
KENNAMET.NS,1023,576,0.3602251407129456,63.97748592870545,False
KERNEX.NS,1599,0,0.0,100.0,True
KESORAMIND.NS,1599,0,0.0,100.0,True
KEYFINSERV.NS,1599,0,0.0,100.0,True
KFINTECH.NS,854,745,0.4659161976235147,53.40838023764854,False
KHADIM.NS,1599,0,0.0,100.0,True
KHAICHEM.NS,1391,208,0.13008130081300814,86.99186991869918,False
KHAITANLTD.NS,1599,0,0.0,100.0,True
KHANDSE.NS,1599,0,0.0,100.0,True
KHFM.NS,1599,0,0.0,100.0,True
KICL.NS,1599,0,0.0,100.0,True
KILITCH.NS,1599,0,0.0,100.0,True
KIMS.NS,1229,370,0.2313946216385241,76.86053783614759,False
KINGFA.NS,1599,0,0.0,100.0,True
KIOCL.NS,1599,0,0.0,100.0,True
KIRIINDUS.NS,1599,0,0.0,100.0,True
KIRLFER.NS,1024,575,0.3595997498436523,64.04002501563477,False
KIRLOSBROS.NS,1599,0,0.0,100.0,True
KIRLOSENG.NS,1599,0,0.0,100.0,True
KIRLOSIND.NS,1599,0,0.0,100.0,True
KIRLPNU.NS,776,823,0.5146966854283928,48.53033145716073,False
KITEX.NS,1599,0,0.0,100.0,True
KKCL.NS,1599,0,0.0,100.0,True
KLL.NS,602,997,0.6235146966854284,37.64853033145717,False
KMSUGAR.NS,1599,0,0.0,100.0,True
KNAGRI.NS,1033,566,0.3539712320200125,64.60287679799875,False
KNRCON.NS,1599,0,0.0,100.0,True
KODYTECH.NS,670,929,0.5809881175734835,41.901188242651656,False
KOHINOOR.NS,1599,0,0.0,100.0,True
KOKUYOCMLN.NS,1599,0,0.0,100.0,True
KOLTEPATIL.NS,1599,0,0.0,100.0,True
KONSTELEC.NS,588,1011,0.6322701688555347,36.77298311444653,False
KONTOR.NS,662,937,0.5859912445278299,41.40087554721701,False
KOPRAN.NS,1599,0,0.0,100.0,True
KORE.NS,931,668,0.41776110068792993,58.223889931207005,False
KOTAKBANK.NS,1599,0,0.0,100.0,True
KOTARISUG.NS,1599,0,0.0,100.0,True
KOTHARIPET.NS,1599,0,0.0,100.0,True
KOTHARIPRO.NS,1599,0,0.0,100.0,True
KOTYARK.NS,1132,467,0.29205753595997497,70.79424640400251,False
KOVAI.NS,1024,575,0.3595997498436523,64.04002501563477,False
KPIGREEN.NS,1209,390,0.24390243902439024,75.60975609756098,False
KPIL.NS,1599,0,0.0,100.0,True
KPITTECH.NS,1599,0,0.0,100.0,True
KPRMILL.NS,1599,0,0.0,100.0,True
KRBL.NS,1599,0,0.0,100.0,True
KREBSBIO.NS,1599,0,0.0,100.0,True
KRIDHANINF.NS,1599,0,0.0,100.0,True
KRISHANA.NS,1599,0,0.0,100.0,True
KRISHCA.NS,755,844,0.5278298936835523,47.217010631644776,False
KRISHIVAL.NS,1030,569,0.35584740462789244,64.41525953721076,False
KRISHNADEF.NS,1026,573,0.35834896810506567,64.16510318949344,False
KRITI.NS,1599,0,0.0,100.0,True
KRITIKA.NS,1599,0,0.0,100.0,True
KRITINUT.NS,911,688,0.43026891807379614,56.97310819262038,False
KRSNAA.NS,1195,404,0.25265791119449654,74.73420888055034,False
KRYSTAL.NS,552,1047,0.6547842401500938,34.52157598499062,False
KSB.NS,1599,0,0.0,100.0,True
KSCL.NS,1599,0,0.0,100.0,True
KSHITIJPOL.NS,1599,0,0.0,100.0,True
KSL.NS,1599,0,0.0,100.0,True
KSOLVES.NS,1450,149,0.09318323952470293,90.6816760475297,True
KTKBANK.NS,1599,0,0.0,100.0,True
KUANTUM.NS,1599,0,0.0,100.0,True
LAGNAM.NS,1599,0,0.0,100.0,True
LAKPRE.NS,1599,0,0.0,100.0,True
LAL.NS,787,812,0.5078173858661663,49.21826141338337,False
LALPATHLAB.NS,1599,0,0.0,100.0,True
LAMBODHARA.NS,1599,0,0.0,100.0,True
LANCORHOL.NS,559,1040,0.6504065040650406,34.959349593495936,False
LANDMARK.NS,858,741,0.4634146341463415,53.65853658536586,False
LANDSMILL.NS,1599,0,0.0,100.0,True
LAOPALA.NS,1599,0,0.0,100.0,True
LASA.NS,1599,0,0.0,100.0,True
LATENTVIEW.NS,1129,470,0.2939337085678549,70.60662914321452,False
LATTEYS.NS,1599,0,0.0,100.0,True
LAURUSLABS.NS,1599,0,0.0,100.0,True
LAXMICOT.NS,1599,0,0.0,100.0,True
LCCINFOTEC.NS,1599,0,0.0,100.0,True
LEMERITE.NS,1006,593,0.3708567854909318,62.91432145090682,False
LEMONTREE.NS,1599,0,0.0,100.0,True
LEXUS.NS,1599,0,0.0,100.0,True
LFIC.NS,1599,0,0.0,100.0,True
LGBBROSLTD.NS,1599,0,0.0,100.0,True
LGHL.NS,1517,82,0.05128205128205128,94.87179487179486,True
LIBAS.NS,1599,0,0.0,100.0,True
LIBERTSHOE.NS,1599,0,0.0,100.0,True
LICHSGFIN.NS,1599,0,0.0,100.0,True
LICI.NS,1010,589,0.3683552220137586,63.16447779862414,False
LICNFNHGP.NS,1599,0,0.0,100.0,True
LIKHITHA.NS,1402,197,0.12320200125078173,87.67979987492183,False
LINC.NS,1599,0,0.0,100.0,True
LINCOLN.NS,1599,0,0.0,100.0,True
LINDEINDIA.NS,1599,0,0.0,100.0,True
LLOYDS.NS,909,690,0.43151969981238275,56.84803001876173,False
LLOYDSENGG.NS,1599,0,0.0,100.0,True
LLOYDSME.NS,720,879,0.549718574108818,45.028142589118204,False
LMW.NS,1599,0,0.0,100.0,True
LODHA.NS,1277,322,0.20137585991244528,79.86241400875547,False
LOKESHMACH.NS,1599,0,0.0,100.0,True
LORDSCHLO.NS,691,908,0.5678549093183239,43.21450906816761,False
LOTUSEYE.NS,1599,0,0.0,100.0,True
LOVABLE.NS,1599,0,0.0,100.0,True
LOYALTEX.NS,949,650,0.4065040650406504,59.34959349593496,False
LPDC.NS,1599,0,0.0,100.0,True
LRRPL.NS,817,782,0.4890556597873671,51.09443402126329,False
LT.NS,1599,0,0.0,100.0,True
LTF.NS,1599,0,0.0,100.0,True
LTFOODS.NS,1599,0,0.0,100.0,True
LTM.NS,1599,0,0.0,100.0,True
LTTS.NS,1599,0,0.0,100.0,True
LUMAXIND.NS,1599,0,0.0,100.0,True
LUMAXTECH.NS,1599,0,0.0,100.0,True
LUPIN.NS,1599,0,0.0,100.0,True
LUXIND.NS,1599,0,0.0,100.0,True
LXCHEM.NS,1291,308,0.19262038774233897,80.73796122576611,False
LYKALABS.NS,1599,0,0.0,100.0,True
LYPSAGEMS.NS,1599,0,0.0,100.0,True
M&M.NS,1599,0,0.0,100.0,True
M&MFIN.NS,1599,0,0.0,100.0,True
MAANALU.NS,1599,0,0.0,100.0,True
MACPOWER.NS,1599,0,0.0,100.0,True
MADHAV.NS,1599,0,0.0,100.0,True
MADHAVBAUG.NS,1054,545,0.34083802376485306,65.91619762351469,False
MADHUCON.NS,1599,0,0.0,100.0,True
MADHUSUDAN.NS,671,928,0.5803627267041901,41.96372732958099,False
MADRASFERT.NS,1599,0,0.0,100.0,True
MAFANG.NS,1260,339,0.21200750469043153,78.79924953095684,False
MAGADSUGAR.NS,1599,0,0.0,100.0,True
MAGNUM.NS,1599,0,0.0,100.0,True
MAGSON.NS,727,872,0.5453408380237649,45.465916197623514,False
MAHABANK.NS,1599,0,0.0,100.0,True
MAHAPEXLTD.NS,1599,0,0.0,100.0,True
MAHASTEEL.NS,1599,0,0.0,100.0,True
MAHEPC.NS,1567,32,0.020012507817385866,97.99874921826142,True
MAHESHWARI.NS,1599,0,0.0,100.0,True
MAHICKRA.NS,1599,0,0.0,100.0,True
MAHKTECH.NS,1116,483,0.30206378986866794,69.7936210131332,False
MAHLIFE.NS,1599,0,0.0,100.0,True
MAHLOG.NS,1599,0,0.0,100.0,True
MAHSCOOTER.NS,1599,0,0.0,100.0,True
MAHSEAMLES.NS,1599,0,0.0,100.0,True
MAITHANALL.NS,1599,0,0.0,100.0,True
MAITREYA.NS,643,956,0.5978736710444027,40.21263289555973,False
MAKEINDIA.NS,690,909,0.5684803001876173,43.15196998123827,False
MAKS.NS,917,682,0.4265165728580363,57.34834271419638,False
MAL.NS,666,933,0.5834896810506567,41.651031894934334,False
MALLCOM.NS,1079,520,0.3252032520325203,67.47967479674797,False
MALUPAPER.NS,1599,0,0.0,100.0,True
MANAKALUCO.NS,1599,0,0.0,100.0,True
MANAKCOAT.NS,1599,0,0.0,100.0,True
MANAKSIA.NS,1599,0,0.0,100.0,True
MANAKSTEEL.NS,1599,0,0.0,100.0,True
MANALIPETC.NS,1599,0,0.0,100.0,True
MANAPPURAM.NS,1599,0,0.0,100.0,True
MANAV.NS,1599,0,0.0,100.0,True
MANDEEP.NS,515,1084,0.6779237023139462,32.207629768605386,False
MANGALAM.NS,1599,0,0.0,100.0,True
MANGLMCEM.NS,1599,0,0.0,100.0,True
MANINDS.NS,1599,0,0.0,100.0,True
MANINFRA.NS,1599,0,0.0,100.0,True
MANKIND.NS,768,831,0.5196998123827392,48.030018761726076,False
MANOMAY.NS,840,759,0.474671669793621,52.532833020637895,False
MANORAMA.NS,977,622,0.3889931207004378,61.10068792995622,False
MANORG.NS,1142,457,0.2858036272670419,71.4196372732958,False
MANUGRAPH.NS,1599,0,0.0,100.0,True
MANYAVAR.NS,1069,530,0.3314571607254534,66.85428392745466,False
MAPMYINDIA.NS,1109,490,0.3064415259537211,69.3558474046279,False
MARALOVER.NS,1599,0,0.0,100.0,True
MARATHON.NS,1599,0,0.0,100.0,True
MARCO.NS,669,930,0.5816135084427767,41.83864915572233,False
MARICO.NS,1599,0,0.0,100.0,True
MARINE.NS,1599,0,0.0,100.0,True
MARINETRAN.NS,622,977,0.6110068792995622,38.89931207004378,False
MARKSANS.NS,1599,0,0.0,100.0,True
MARUTI.NS,1599,0,0.0,100.0,True
MASFIN.NS,1599,0,0.0,100.0,True
MASKINVEST.NS,1599,0,0.0,100.0,True
MASTEK.NS,1599,0,0.0,100.0,True
MASTER.NS,668,931,0.5822388993120701,41.776110068792995,False
MATRIMONY.NS,1599,0,0.0,100.0,True
MAWANASUG.NS,1599,0,0.0,100.0,True
MAXESTATES.NS,649,950,0.5941213258286429,40.58786741713571,False
MAXHEALTH.NS,1440,159,0.09943714821763602,90.0562851782364,True
MAXIND.NS,1435,164,0.10256410256410256,89.74358974358975,False
MAXPOSURE.NS,592,1007,0.6297686053783614,37.023139462163854,False
MAYURUNIQ.NS,1599,0,0.0,100.0,True
MAZDA.NS,1599,0,0.0,100.0,True
MAZDOCK.NS,1405,194,0.12132582864290181,87.86741713570983,False
MBAPL.NS,1599,0,0.0,100.0,True
MBLINFRA.NS,1599,0,0.0,100.0,True
MCL.NS,1599,0,0.0,100.0,True
MCLEODRUSS.NS,1599,0,0.0,100.0,True
MCON.NS,799,800,0.5003126954346466,49.96873045653534,False
MCX.NS,1599,0,0.0,100.0,True
MDL.NS,1599,0,0.0,100.0,True
MEDANTA.NS,883,716,0.44777986241400874,55.22201375859912,False
MEDIASSIST.NS,592,1007,0.6297686053783614,37.023139462163854,False
MEDICAMEQ.NS,1146,453,0.28330206378986866,71.66979362101313,False
MEDICO.NS,1003,596,0.37273295809881174,62.72670419011883,False
MEDPLUS.NS,1107,492,0.3076923076923077,69.23076923076923,False
MEGAFLEX.NS,924,675,0.42213883677298314,57.78611632270169,False
MEGASTAR.NS,1069,530,0.3314571607254534,66.85428392745466,False
MEGATHERM.NS,584,1015,0.6347717323327079,36.52282676672921,False
MENONBE.NS,1599,0,0.0,100.0,True
MEP.NS,1599,0,0.0,100.0,True
METROBRAND.NS,1108,491,0.3070669168230144,69.29330831769856,False
METROPOLIS.NS,1599,0,0.0,100.0,True
MFSL.NS,1599,0,0.0,100.0,True
MGEL.NS,1599,0,0.0,100.0,True
MGL.NS,1599,0,0.0,100.0,True
MHHL.NS,1599,0,0.0,100.0,True
MHLXMIRU.NS,1083,516,0.3227016885553471,67.7298311444653,False
MHRIL.NS,1599,0,0.0,100.0,True
MICEL.NS,1599,0,0.0,100.0,True
MICROPRO.NS,640,959,0.5997498436522827,40.025015634771734,False
MIDHANI.NS,1599,0,0.0,100.0,True
MILTON.NS,1599,0,0.0,100.0,True
MINDACORP.NS,1599,0,0.0,100.0,True
MINDPOOL.NS,1599,0,0.0,100.0,True
MINDSPACE.NS,1450,149,0.09318323952470293,90.6816760475297,True
MINDTECK.NS,1599,0,0.0,100.0,True
MIRCELECTR.NS,1599,0,0.0,100.0,True
MIRZAINT.NS,1599,0,0.0,100.0,True
MITCON.NS,1599,0,0.0,100.0,True
MITTAL.NS,1599,0,0.0,100.0,True
MKPL.NS,1599,0,0.0,100.0,True
MMFL.NS,1599,0,0.0,100.0,True
MMP.NS,1599,0,0.0,100.0,True
MMTC.NS,1599,0,0.0,100.0,True
MNC.NS,950,649,0.4058786741713571,59.41213258286429,False
MODIRUBBER.NS,1599,0,0.0,100.0,True
MODISONLTD.NS,1268,331,0.20700437773608504,79.2995622263915,False
MODTHREAD.NS,575,1024,0.6404002501563477,35.95997498436523,False
MOHITIND.NS,1599,0,0.0,100.0,True
MOIL.NS,1599,0,0.0,100.0,True
MOKSH.NS,1599,0,0.0,100.0,True
MOL.NS,1193,406,0.25390869293308316,74.60913070669169,False
MOLDTECH.NS,1599,0,0.0,100.0,True
MOLDTKPAC.NS,1599,0,0.0,100.0,True
MONARCH.NS,1097,502,0.3139462163852408,68.60537836147593,False
MONOPHARMA.NS,683,916,0.5728580362726704,42.71419637273296,False
MONTECARLO.NS,1599,0,0.0,100.0,True
MOREALTY.NS,555,1044,0.6529080675422139,34.709193245778614,False
MOREPENLAB.NS,1599,0,0.0,100.0,True
MOS.NS,782,817,0.5109443402126329,48.90556597873671,False
MOTHERSON.NS,1599,0,0.0,100.0,True
MOTILALOFS.NS,1599,0,0.0,100.0,True
MOTISONS.NS,611,988,0.6178861788617886,38.21138211382114,False
MOTOGENFIN.NS,1599,0,0.0,100.0,True
MOXSH.NS,853,746,0.466541588492808,53.345841150719195,False
MPHASIS.NS,1599,0,0.0,100.0,True
MPSLTD.NS,1599,0,0.0,100.0,True
MPTODAY.NS,1599,0,0.0,100.0,True
MRF.NS,1599,0,0.0,100.0,True
MRPL.NS,1599,0,0.0,100.0,True
MSPL.NS,1599,0,0.0,100.0,True
MSTCLTD.NS,1599,0,0.0,100.0,True
MSUMI.NS,1043,556,0.34771732332707944,65.22826766729206,False
MTARTECH.NS,1299,300,0.18761726078799248,81.23827392120076,False
MTEDUCARE.NS,1599,0,0.0,100.0,True
MTNL.NS,1599,0,0.0,100.0,True
MUFIN.NS,644,955,0.5972482801751094,40.275171982489056,False
MUFTI.NS,610,989,0.6185115697310819,38.14884302689181,False
MUKANDLTD.NS,1599,0,0.0,100.0,True
MUKKA.NS,561,1038,0.649155722326454,35.0844277673546,False
MUKTAARTS.NS,1599,0,0.0,100.0,True
MUNJALAU.NS,1599,0,0.0,100.0,True
MUNJALSHOW.NS,1599,0,0.0,100.0,True
MURUDCERA.NS,1599,0,0.0,100.0,True
MUTHOOTCAP.NS,1599,0,0.0,100.0,True
MUTHOOTFIN.NS,1599,0,0.0,100.0,True
MUTHOOTMF.NS,611,988,0.6178861788617886,38.21138211382114,False
MVGJL.NS,667,932,0.5828642901813633,41.71357098186367,False
MVKAGRO.NS,561,1038,0.649155722326454,35.0844277673546,False
MWL.NS,961,638,0.3989993746091307,60.10006253908693,False
NACLIND.NS,1599,0,0.0,100.0,True
NAGAFERT.NS,1599,0,0.0,100.0,True
NAGREEKCAP.NS,1599,0,0.0,100.0,True
NAGREEKEXP.NS,1599,0,0.0,100.0,True
NAHARCAP.NS,1599,0,0.0,100.0,True
NAHARINDUS.NS,1599,0,0.0,100.0,True
NAHARPOLY.NS,1599,0,0.0,100.0,True
NAHARSPING.NS,1599,0,0.0,100.0,True
NAM-INDIA.NS,1599,0,0.0,100.0,True
NAMAN.NS,546,1053,0.6585365853658537,34.14634146341463,False
NARMADA.NS,1599,0,0.0,100.0,True
NATCOPHARM.NS,1599,0,0.0,100.0,True
NATHBIOGEN.NS,1599,0,0.0,100.0,True
NATIONALUM.NS,1599,0,0.0,100.0,True
NAUKRI.NS,1599,0,0.0,100.0,True
NAVA.NS,1599,0,0.0,100.0,True
NAVINFLUOR.NS,1599,0,0.0,100.0,True
NAVKARCORP.NS,1599,0,0.0,100.0,True
NAVNETEDUL.NS,1599,0,0.0,100.0,True
NAZARA.NS,1289,310,0.1938711694809256,80.61288305190743,False
NBCC.NS,1599,0,0.0,100.0,True
NBIFIN.NS,1599,0,0.0,100.0,True
NCC.NS,1599,0,0.0,100.0,True
NCLIND.NS,1599,0,0.0,100.0,True
NDGL.NS,1599,0,0.0,100.0,True
NDL.NS,1599,0,0.0,100.0,True
NDLVENTURE.NS,1599,0,0.0,100.0,True
NDRAUTO.NS,1456,143,0.08943089430894309,91.05691056910568,True
NDTV.NS,1599,0,0.0,100.0,True
NECCLTD.NS,1599,0,0.0,100.0,True
NECLIFE.NS,1599,0,0.0,100.0,True
NELCAST.NS,1599,0,0.0,100.0,True
NELCO.NS,1599,0,0.0,100.0,True
NEOGEN.NS,1599,0,0.0,100.0,True
NESCO.NS,1599,0,0.0,100.0,True
NESTLEIND.NS,1599,0,0.0,100.0,True
NETWEB.NS,712,887,0.5547217010631644,44.52782989368356,False
NETWORK18.NS,1599,0,0.0,100.0,True
NEULANDLAB.NS,1599,0,0.0,100.0,True
NEWGEN.NS,1599,0,0.0,100.0,True
NEWJAISA.NS,665,934,0.5841150719199499,41.58849280800501,False
NEXTMEDIA.NS,1599,0,0.0,100.0,True
NFL.NS,1599,0,0.0,100.0,True
NGIL.NS,1192,407,0.25453408380237647,74.54659161976235,False
NGLFINE.NS,972,627,0.3921200750469043,60.787992495309574,False
NH.NS,1599,0,0.0,100.0,True
NHPC.NS,1599,0,0.0,100.0,True
NIACL.NS,1599,0,0.0,100.0,True
NIBL.NS,1599,0,0.0,100.0,True
NIDAN.NS,1125,474,0.2964352720450281,70.3564727954972,False
NIITLTD.NS,1599,0,0.0,100.0,True
NIITMTS.NS,704,895,0.5597248280175109,44.02751719824891,False
NILAINFRA.NS,1599,0,0.0,100.0,True
NILASPACES.NS,1599,0,0.0,100.0,True
NILKAMAL.NS,1599,0,0.0,100.0,True
NINSYS.NS,817,782,0.4890556597873671,51.09443402126329,False
NIPPOBATRY.NS,1599,0,0.0,100.0,True
NIRAJ.NS,1411,188,0.11757348342714197,88.24265165728579,False
NIRAJISPAT.NS,560,1039,0.6497811131957474,35.02188868042526,False
NIRMAN.NS,793,806,0.5040650406504065,49.59349593495935,False
NITCO.NS,1599,0,0.0,100.0,True
NITINSPIN.NS,1599,0,0.0,100.0,True
NITIRAJ.NS,1599,0,0.0,100.0,True
NKIND.NS,1599,0,0.0,100.0,True
NLCINDIA.NS,1599,0,0.0,100.0,True
NMDC.NS,1599,0,0.0,100.0,True
NOCIL.NS,1599,0,0.0,100.0,True
NOIDATOLL.NS,1599,0,0.0,100.0,True
NORBTEAEXP.NS,1599,0,0.0,100.0,True
NOVAAGRI.NS,587,1012,0.632895559724828,36.7104440275172,False
NOVARTIND.NS,832,767,0.4796747967479675,52.032520325203244,False
NPBET.NS,1599,0,0.0,100.0,True
NPST.NS,1174,425,0.26579111944965605,73.4208880550344,False
NRAIL.NS,1599,0,0.0,100.0,True
NRBBEARING.NS,1599,0,0.0,100.0,True
NRL.NS,1097,502,0.3139462163852408,68.60537836147593,False
NSIL.NS,1599,0,0.0,100.0,True
NSLNISP.NS,818,781,0.4884302689180738,51.15697310819263,False
NTPC.NS,1599,0,0.0,100.0,True
NUCLEUS.NS,1599,0,0.0,100.0,True
NURECA.NS,1310,289,0.1807379612257661,81.92620387742339,False
NUVAMA.NS,671,928,0.5803627267041901,41.96372732958099,False
NUVOCO.NS,1191,408,0.2551594746716698,74.48405253283302,False
NXST.NS,760,839,0.5247029393370857,47.52970606629143,False
NYKAA.NS,1137,462,0.28893058161350843,71.10694183864916,False
OAL.NS,1530,69,0.043151969981238276,95.68480300187618,True
OBCL.NS,1035,564,0.3527204502814259,64.72795497185741,False
OBEROIRLTY.NS,1599,0,0.0,100.0,True
OFSS.NS,1599,0,0.0,100.0,True
OIL.NS,1599,0,0.0,100.0,True
OILCOUNTUB.NS,1599,0,0.0,100.0,True
OLECTRA.NS,1599,0,0.0,100.0,True
OLIL.NS,661,938,0.5866166353971232,41.338336460287685,False
OMAXAUTO.NS,1599,0,0.0,100.0,True
OMAXE.NS,1599,0,0.0,100.0,True
OMFURN.NS,1599,0,0.0,100.0,True
OMINFRAL.NS,1599,0,0.0,100.0,True
ONDOOR.NS,647,952,0.5953721075672295,40.46278924327705,False
ONELIFECAP.NS,1599,0,0.0,100.0,True
ONEPOINT.NS,1599,0,0.0,100.0,True
ONGC.NS,1599,0,0.0,100.0,True
ONMOBILE.NS,1599,0,0.0,100.0,True
ONWARDTEC.NS,1599,0,0.0,100.0,True
OPTIEMUS.NS,1599,0,0.0,100.0,True
ORBTEXP.NS,1599,0,0.0,100.0,True
ORCHPHARMA.NS,1599,0,0.0,100.0,True
ORIANA.NS,701,898,0.5616010006253909,43.83989993746091,False
ORICONENT.NS,1599,0,0.0,100.0,True
ORIENTALTL.NS,1599,0,0.0,100.0,True
ORIENTBELL.NS,1599,0,0.0,100.0,True
ORIENTCEM.NS,1599,0,0.0,100.0,True
ORIENTCER.NS,1599,0,0.0,100.0,True
ORIENTELEC.NS,1599,0,0.0,100.0,True
ORIENTHOT.NS,1599,0,0.0,100.0,True
ORIENTLTD.NS,1599,0,0.0,100.0,True
ORIENTPPR.NS,1599,0,0.0,100.0,True
ORISSAMINE.NS,1599,0,0.0,100.0,True
ORTEL.NS,1599,0,0.0,100.0,True
ORTINGLOBE.NS,1599,0,0.0,100.0,True
OSIAHYPER.NS,1599,0,0.0,100.0,True
OSWALAGRO.NS,1599,0,0.0,100.0,True
OSWALGREEN.NS,1599,0,0.0,100.0,True
OSWALSEEDS.NS,1599,0,0.0,100.0,True
OWAIS.NS,564,1035,0.6472795497185742,35.272045028142585,False
PAGEIND.NS,1599,0,0.0,100.0,True
PAISALO.NS,1599,0,0.0,100.0,True
PAKKA.NS,724,875,0.5472170106316447,45.278298936835526,False
PALASHSECU.NS,1599,0,0.0,100.0,True
PALREDTEC.NS,1599,0,0.0,100.0,True
PANACEABIO.NS,1599,0,0.0,100.0,True
PANACHE.NS,1599,0,0.0,100.0,True
PANAMAPET.NS,1599,0,0.0,100.0,True
PANSARI.NS,1599,0,0.0,100.0,True
PAR.NS,1599,0,0.0,100.0,True
PARACABLES.NS,1599,0,0.0,100.0,True
PARADEEP.NS,1002,597,0.37335834896810505,62.6641651031895,False
PARAGMILK.NS,1599,0,0.0,100.0,True
PARAGON.NS,645,954,0.5966228893058161,40.33771106941839,False
PARAS.NS,1163,436,0.27267041901188244,72.73295809881175,False
PARASPETRO.NS,1599,0,0.0,100.0,True
PARIN.NS,1599,0,0.0,100.0,True
PARKHOTELS.NS,579,1020,0.6378986866791745,36.210131332082554,False
PARSVNATH.NS,1599,0,0.0,100.0,True
PARTYCRUS.NS,1294,305,0.19074421513445905,80.9255784865541,False
PASHUPATI.NS,1599,0,0.0,100.0,True
PASUPTAC.NS,1156,443,0.2770481550969356,72.29518449030644,False
PATANJALI.NS,1599,0,0.0,100.0,True
PATELENG.NS,1599,0,0.0,100.0,True
PATINTLOG.NS,1599,0,0.0,100.0,True
PATTECH.NS,779,820,0.5128205128205128,48.71794871794872,False
PAVNAIND.NS,1292,307,0.19199499687304566,80.80050031269543,False
PAYTM.NS,1131,468,0.2926829268292683,70.73170731707317,False
PCBL.NS,1599,0,0.0,100.0,True
PCJEWELLER.NS,1599,0,0.0,100.0,True
PDMJEPAPER.NS,1599,0,0.0,100.0,True
PDSL.NS,1599,0,0.0,100.0,True
PEARLPOLY.NS,1599,0,0.0,100.0,True
PENIND.NS,1599,0,0.0,100.0,True
PENINLAND.NS,1599,0,0.0,100.0,True
PENTAGON.NS,726,873,0.5459662288930581,45.40337711069419,False
PERSISTENT.NS,1599,0,0.0,100.0,True
PETRONET.NS,1599,0,0.0,100.0,True
PFC.NS,1599,0,0.0,100.0,True
PFIZER.NS,1599,0,0.0,100.0,True
PFOCUS.NS,1599,0,0.0,100.0,True
PFS.NS,1599,0,0.0,100.0,True
PGEL.NS,1599,0,0.0,100.0,True
PGHH.NS,1599,0,0.0,100.0,True
PGHL.NS,1599,0,0.0,100.0,True
PGIL.NS,1599,0,0.0,100.0,True
PGINVIT.NS,1260,339,0.21200750469043153,78.79924953095684,False
PHANTOMFX.NS,901,698,0.4365228267667292,56.34771732332708,False
PHOENIXLTD.NS,1599,0,0.0,100.0,True
PIDILITIND.NS,1599,0,0.0,100.0,True
PIGL.NS,1599,0,0.0,100.0,True
PIIND.NS,1599,0,0.0,100.0,True
PILANIINVS.NS,1599,0,0.0,100.0,True
PILITA.NS,1599,0,0.0,100.0,True
PIONEEREMB.NS,1599,0,0.0,100.0,True
PITTIENG.NS,1599,0,0.0,100.0,True
PIXTRANS.NS,1022,577,0.3608505315822389,63.91494684177611,False
PKTEA.NS,1599,0,0.0,100.0,True
PLADAINFO.NS,659,940,0.5878674171357098,41.213258286429024,False
PLASTIBLEN.NS,1599,0,0.0,100.0,True
PLATIND.NS,563,1036,0.6479049405878674,35.20950594121326,False
PLAZACABLE.NS,660,939,0.5872420262664165,41.275797373358344,False
PNB.NS,1599,0,0.0,100.0,True
PNBHOUSING.NS,1599,0,0.0,100.0,True
PNC.NS,1599,0,0.0,100.0,True
PNCINFRA.NS,1599,0,0.0,100.0,True
POCL.NS,1599,0,0.0,100.0,True
PODDARMENT.NS,1599,0,0.0,100.0,True
POKARNA.NS,1599,0,0.0,100.0,True
POLICYBZR.NS,1134,465,0.29080675422138835,70.91932457786116,False
POLYCAB.NS,1599,0,0.0,100.0,True
POLYMED.NS,1599,0,0.0,100.0,True
POLYPLEX.NS,1599,0,0.0,100.0,True
POLYSIL.NS,575,1024,0.6404002501563477,35.95997498436523,False
PONNIERODE.NS,1599,0,0.0,100.0,True
POONAWALLA.NS,1599,0,0.0,100.0,True
POWERGRID.NS,1599,0,0.0,100.0,True
POWERINDIA.NS,1538,61,0.03814884302689181,96.18511569731082,True
POWERMECH.NS,1599,0,0.0,100.0,True
PPAP.NS,1599,0,0.0,100.0,True
PPL.NS,1599,0,0.0,100.0,True
PPLPHARMA.NS,903,696,0.4352720450281426,56.472795497185736,False
PRAENG.NS,1599,0,0.0,100.0,True
PRAJIND.NS,1599,0,0.0,100.0,True
PRAKASH.NS,1599,0,0.0,100.0,True
PRAKASHSTL.NS,1599,0,0.0,100.0,True
PRAMARA.NS,679,920,0.5753595997498436,42.464040025015635,False
PRATHAM.NS,555,1044,0.6529080675422139,34.709193245778614,False
PRAXIS.NS,1599,0,0.0,100.0,True
PRECAM.NS,1599,0,0.0,100.0,True
PRECISION.NS,1070,529,0.3308317698561601,66.916823014384,False
PRECOT.NS,1599,0,0.0,100.0,True
PRECWIRE.NS,1599,0,0.0,100.0,True
PREMEXPLN.NS,1599,0,0.0,100.0,True
PREMIER.NS,1599,0,0.0,100.0,True
PREMIERPOL.NS,1599,0,0.0,100.0,True
PRESSTONIC.NS,616,983,0.6147592245153221,38.524077548467794,False
PRESTIGE.NS,1599,0,0.0,100.0,True
PRICOLLTD.NS,1599,0,0.0,100.0,True
PRIMESECU.NS,1599,0,0.0,100.0,True
PRINCEPIPE.NS,1599,0,0.0,100.0,True
PRITI.NS,1599,0,0.0,100.0,True
PRITIKA.NS,869,730,0.45653533458411505,54.3464665415885,False
PRITIKAUTO.NS,1199,400,0.2501563477173233,74.98436522826766,False
PRIVISCL.NS,1599,0,0.0,100.0,True
PRLIND.NS,516,1083,0.6772983114446529,32.270168855534706,False
PROLIFE.NS,1599,0,0.0,100.0,True
PROPEQUITY.NS,1028,571,0.35709818636647905,64.29018136335209,False
PROV.NS,749,850,0.5315822388993121,46.84177611006879,False
PROZONER.NS,1599,0,0.0,100.0,True
PRSMJOHNSN.NS,1599,0,0.0,100.0,True
PRUDENT.NS,1007,592,0.3702313946216385,62.97686053783615,False
PRUDMOULI.NS,612,987,0.6172607879924953,38.27392120075047,False
PSB.NS,1599,0,0.0,100.0,True
PSPPROJECT.NS,1599,0,0.0,100.0,True
PTC.NS,1599,0,0.0,100.0,True
PTCIL.NS,745,854,0.5340838023764853,46.59161976235146,False
PTL.NS,1599,0,0.0,100.0,True
PULZ.NS,1599,0,0.0,100.0,True
PUNJABCHEM.NS,1599,0,0.0,100.0,True
PURVA.NS,1599,0,0.0,100.0,True
PURVFLEXI.NS,563,1036,0.6479049405878674,35.20950594121326,False
PVP.NS,1599,0,0.0,100.0,True
PVRINOX.NS,1599,0,0.0,100.0,True
PVSL.NS,554,1045,0.6535334584115072,34.64665415884928,False
PYRAMID.NS,690,909,0.5684803001876173,43.15196998123827,False
QFIL.NS,795,804,0.5028142589118199,49.71857410881802,False
QMSMEDI.NS,909,690,0.43151969981238275,56.84803001876173,False
QUADPRO.NS,1154,445,0.2782989368355222,72.17010631644779,False
QUESS.NS,1599,0,0.0,100.0,True
QUESTLAB.NS,513,1086,0.6791744840525328,32.082551594746725,False
QUICKHEAL.NS,1599,0,0.0,100.0,True
QUICKTOUCH.NS,773,826,0.5165728580362726,48.34271419637274,False
RACE.NS,768,831,0.5196998123827392,48.030018761726076,False
RADAAN.NS,1599,0,0.0,100.0,True
RADHIKAJWE.NS,966,633,0.39587242026266417,60.41275797373358,False
RADIANTCMS.NS,850,749,0.46841776110068795,53.15822388993121,False
RADICO.NS,1599,0,0.0,100.0,True
RADIOCITY.NS,1599,0,0.0,100.0,True
RADIOWALLA.NS,543,1056,0.6604127579737336,33.95872420262664,False
RAILTEL.NS,1309,290,0.1813633520950594,81.86366479049406,False
RAIN.NS,1599,0,0.0,100.0,True
RAINBOW.NS,1015,584,0.36522826766729205,63.477173233270804,False
RAJESHEXPO.NS,1599,0,0.0,100.0,True
RAJMET.NS,1599,0,0.0,100.0,True
RAJRATAN.NS,1504,95,0.05941213258286429,94.05878674171358,True
RAJRILTD.NS,1599,0,0.0,100.0,True
RAJSREESUG.NS,1599,0,0.0,100.0,True
RAJTV.NS,1599,0,0.0,100.0,True
RALLIS.NS,1599,0,0.0,100.0,True
RAMANEWS.NS,1599,0,0.0,100.0,True
RAMAPHO.NS,952,647,0.4046278924327705,59.537210756722956,False
RAMASTEEL.NS,1599,0,0.0,100.0,True
RAMCOCEM.NS,1599,0,0.0,100.0,True
RAMCOIND.NS,1599,0,0.0,100.0,True
RAMCOSYS.NS,1599,0,0.0,100.0,True
RAMKY.NS,1599,0,0.0,100.0,True
RAMRAT.NS,957,642,0.40150093808630394,59.849906191369605,False
RANASUG.NS,1599,0,0.0,100.0,True
RANEHOLDIN.NS,1599,0,0.0,100.0,True
RATEGAIN.NS,1111,488,0.3051907442151345,69.48092557848655,False
RATNAMANI.NS,1599,0,0.0,100.0,True
RATNAVEER.NS,681,918,0.574108818011257,42.589118198874296,False
RAYMOND.NS,1599,0,0.0,100.0,True
RBA.NS,1361,238,0.14884302689180737,85.11569731081926,False
RBLBANK.NS,1599,0,0.0,100.0,True
RBMINFRA.NS,850,749,0.46841776110068795,53.15822388993121,False
RBS.NS,533,1066,0.6666666666666666,33.333333333333336,False
RBZJEWEL.NS,610,989,0.6185115697310819,38.14884302689181,False
RCDL.NS,648,951,0.5947467166979362,40.52532833020638,False
RCF.NS,1599,0,0.0,100.0,True
RCOM.NS,1599,0,0.0,100.0,True
RECLTD.NS,1599,0,0.0,100.0,True
REDINGTON.NS,1599,0,0.0,100.0,True
REDTAPE.NS,701,898,0.5616010006253909,43.83989993746091,False
REFEX.NS,1599,0,0.0,100.0,True
REFRACTORY.NS,519,1080,0.6754221388367729,32.45778611632271,False
REGENCERAM.NS,1599,0,0.0,100.0,True
RELAXO.NS,1599,0,0.0,100.0,True
RELCHEMQ.NS,1004,595,0.37210756722951843,62.78924327704816,False
RELIABLE.NS,1599,0,0.0,100.0,True
RELIANCE.NS,1599,0,0.0,100.0,True
RELIGARE.NS,1599,0,0.0,100.0,True
REMSONSIND.NS,1599,0,0.0,100.0,True
REMUS.NS,754,845,0.5284552845528455,47.15447154471545,False
RENUKA.NS,1599,0,0.0,100.0,True
REPCOHOME.NS,1599,0,0.0,100.0,True
REPL.NS,1599,0,0.0,100.0,True
REPRO.NS,1599,0,0.0,100.0,True
RESPONIND.NS,1599,0,0.0,100.0,True
REXPIPES.NS,1174,425,0.26579111944965605,73.4208880550344,False
RGL.NS,1599,0,0.0,100.0,True
RHFL.NS,1599,0,0.0,100.0,True
RHIM.NS,1599,0,0.0,100.0,True
RHL.NS,777,822,0.5140712945590994,48.59287054409006,False
RICOAUTO.NS,1599,0,0.0,100.0,True
RIIL.NS,1599,0,0.0,100.0,True
RILINFRA.NS,982,617,0.38586616635397125,61.41338336460287,False
RISHABH.NS,681,918,0.574108818011257,42.589118198874296,False
RITCO.NS,1032,567,0.3545966228893058,64.54033771106941,False
RITES.NS,1599,0,0.0,100.0,True
RITEZONE.NS,887,712,0.4452782989368355,55.47217010631644,False
RKDL.NS,1599,0,0.0,100.0,True
RKEC.NS,1599,0,0.0,100.0,True
RKFORGE.NS,1599,0,0.0,100.0,True
RKSWAMY.NS,559,1040,0.6504065040650406,34.959349593495936,False
RMDRIP.NS,1599,0,0.0,100.0,True
RML.NS,1599,0,0.0,100.0,True
ROCKINGDCE.NS,628,971,0.6072545340838024,39.27454659161976,False
ROHLTD.NS,1599,0,0.0,100.0,True
ROLEXRINGS.NS,1200,399,0.24953095684803,75.04690431519701,False
ROLLT.NS,1599,0,0.0,100.0,True
ROML.NS,1599,0,0.0,100.0,True
ROSSARI.NS,1461,138,0.08630393996247655,91.36960600375235,True
ROSSELLIND.NS,1599,0,0.0,100.0,True
ROTO.NS,1027,572,0.35772357723577236,64.22764227642277,False
ROUTE.NS,1419,180,0.1125703564727955,88.74296435272045,False
ROXHITECH.NS,637,962,0.6016260162601627,39.83739837398373,False
RPGLIFE.NS,1599,0,0.0,100.0,True
RPOWER.NS,1599,0,0.0,100.0,True
RPPINFRA.NS,1599,0,0.0,100.0,True
RPPL.NS,1599,0,0.0,100.0,True
RPSGVENT.NS,1599,0,0.0,100.0,True
RPTECH.NS,577,1022,0.6391494684177611,36.08505315822389,False
RRKABEL.NS,675,924,0.5778611632270169,42.21388367729831,False
RSSOFTWARE.NS,1599,0,0.0,100.0,True
RSWM.NS,1599,0,0.0,100.0,True
RSYSTEMS.NS,1599,0,0.0,100.0,True
RTNINDIA.NS,1599,0,0.0,100.0,True
RTNPOWER.NS,1599,0,0.0,100.0,True
RUBYMILLS.NS,1599,0,0.0,100.0,True
RUCHINFRA.NS,1599,0,0.0,100.0,True
RUCHIRA.NS,1599,0,0.0,100.0,True
RULKA.NS,512,1087,0.6797998749218261,32.020012507817384,False
RUPA.NS,1599,0,0.0,100.0,True
RUSHIL.NS,1599,0,0.0,100.0,True
RUSTOMJEE.NS,879,720,0.450281425891182,54.971857410881796,False
RVHL.NS,1357,242,0.15134459036898062,84.86554096310194,False
RVNL.NS,1599,0,0.0,100.0,True
S&SPOWER.NS,1538,61,0.03814884302689181,96.18511569731082,True
SAAKSHI.NS,667,932,0.5828642901813633,41.71357098186367,False
SABAR.NS,922,677,0.42338961851156975,57.661038148843026,False
SADBHAV.NS,1599,0,0.0,100.0,True
SADBHIN.NS,1599,0,0.0,100.0,True
SADHAV.NS,565,1034,0.6466541588492808,35.33458411507192,False
SADHNANIQ.NS,770,829,0.5184490306441526,48.15509693558474,False
SAFARI.NS,1599,0,0.0,100.0,True
SAGARDEEP.NS,1599,0,0.0,100.0,True
SAGCEM.NS,1599,0,0.0,100.0,True
SAHANA.NS,744,855,0.5347091932457786,46.52908067542214,False
SAHYADRI.NS,788,811,0.5071919949968731,49.280800500312694,False
SAIFL.NS,607,992,0.6203877423389619,37.96122576610381,False
SAIL.NS,1599,0,0.0,100.0,True
SAKAR.NS,1599,0,0.0,100.0,True
SAKHTISUG.NS,1599,0,0.0,100.0,True
SAKSOFT.NS,1599,0,0.0,100.0,True
SAKUMA.NS,1599,0,0.0,100.0,True
SALASAR.NS,1599,0,0.0,100.0,True
SALONA.NS,1599,0,0.0,100.0,True
SALSTEEL.NS,1599,0,0.0,100.0,True
SALZERELEC.NS,1599,0,0.0,100.0,True
SAMBHAAV.NS,1599,0,0.0,100.0,True
SAMHI.NS,673,926,0.5791119449656035,42.08880550343965,False
SAMMAANCAP.NS,1599,0,0.0,100.0,True
SAMPANN.NS,1599,0,0.0,100.0,True
SANCO.NS,1599,0,0.0,100.0,True
SANDESH.NS,1599,0,0.0,100.0,True
SANDHAR.NS,1599,0,0.0,100.0,True
SANDUMA.NS,683,916,0.5728580362726704,42.71419637273296,False
SANGAMIND.NS,1599,0,0.0,100.0,True
SANGANI.NS,698,901,0.5634771732332708,43.65228267667292,False
SANGHVIMOV.NS,1599,0,0.0,100.0,True
SANGINITA.NS,1599,0,0.0,100.0,True
SANOFI.NS,1599,0,0.0,100.0,True
SANSERA.NS,1168,431,0.2695434646654159,73.0456535334584,False
SANWARIA.NS,1599,0,0.0,100.0,True
SAPPHIRE.NS,1131,468,0.2926829268292683,70.73170731707317,False
SARDAEN.NS,1599,0,0.0,100.0,True
SAREGAMA.NS,1599,0,0.0,100.0,True
SARLAPOLY.NS,1599,0,0.0,100.0,True
SAROJA.NS,679,920,0.5753595997498436,42.464040025015635,False
SARTELE.NS,642,957,0.5984990619136961,40.150093808630395,False
SARVESHWAR.NS,1599,0,0.0,100.0,True
SASKEN.NS,1599,0,0.0,100.0,True
SATIA.NS,1599,0,0.0,100.0,True
SATIN.NS,1599,0,0.0,100.0,True
SAURASHCEM.NS,568,1031,0.6447779862414009,35.52220137585991,False
SBC.NS,1129,470,0.2939337085678549,70.60662914321452,False
SBCL.NS,1231,368,0.23014383989993747,76.98561601000625,False
SBFC.NS,699,900,0.5628517823639775,43.71482176360225,False
SBGLP.NS,824,775,0.48467792370231394,51.5322076297686,False
SBICARD.NS,1548,51,0.03189493433395872,96.81050656660413,True
SBILIFE.NS,1599,0,0.0,100.0,True
SBIN.NS,1599,0,0.0,100.0,True
SCHAEFFLER.NS,1599,0,0.0,100.0,True
SCHAND.NS,1599,0,0.0,100.0,True
SCHNEIDER.NS,1599,0,0.0,100.0,True
SCI.NS,1599,0,0.0,100.0,True
SCILAL.NS,554,1045,0.6535334584115072,34.64665415884928,False
SCML.NS,660,939,0.5872420262664165,41.275797373358344,False
SCPL.NS,881,718,0.44903064415259536,55.09693558474047,False
SDBL.NS,1599,0,0.0,100.0,True
SEAMECLTD.NS,1599,0,0.0,100.0,True
SECMARK.NS,658,941,0.5884928080050031,41.15071919949968,False
SECURKLOUD.NS,1599,0,0.0,100.0,True
SEJALLTD.NS,1599,0,0.0,100.0,True
SEL.NS,688,911,0.5697310819262039,43.026891807379606,False
SELMC.NS,1599,0,0.0,100.0,True
SEMAC.NS,1599,0,0.0,100.0,True
SENCO.NS,721,878,0.5490931832395247,45.09068167604753,False
SEPC.NS,1599,0,0.0,100.0,True
SERVICE.NS,713,886,0.5540963101938712,44.59036898061288,False
SERVOTECH.NS,1599,0,0.0,100.0,True
SESHAPAPER.NS,1599,0,0.0,100.0,True
SETCO.NS,1599,0,0.0,100.0,True
SEYAIND.NS,1599,0,0.0,100.0,True
SFL.NS,1599,0,0.0,100.0,True
SGIL.NS,1208,391,0.24452782989368355,75.54721701063166,False
SGL.NS,1599,0,0.0,100.0,True
SHAH.NS,1599,0,0.0,100.0,True
SHAHALLOYS.NS,1599,0,0.0,100.0,True
SHAILY.NS,1038,561,0.350844277673546,64.9155722326454,False
SHAIVAL.NS,1599,0,0.0,100.0,True
SHAKTIPUMP.NS,1599,0,0.0,100.0,True
SHALBY.NS,1599,0,0.0,100.0,True
SHALPAINTS.NS,1599,0,0.0,100.0,True
SHANKARA.NS,1599,0,0.0,100.0,True
SHANTHALA.NS,645,954,0.5966228893058161,40.33771106941839,False
SHANTI.NS,1599,0,0.0,100.0,True
SHANTIGEAR.NS,1599,0,0.0,100.0,True
SHARDACROP.NS,1599,0,0.0,100.0,True
SHARDAMOTR.NS,1599,0,0.0,100.0,True
SHAREINDIA.NS,1419,180,0.1125703564727955,88.74296435272045,False
SHEETAL.NS,621,978,0.6116322701688556,38.83677298311444,False
SHEKHAWATI.NS,1599,0,0.0,100.0,True
SHEMAROO.NS,1599,0,0.0,100.0,True
SHERA.NS,819,780,0.4878048780487805,51.21951219512195,False
SHIGAN.NS,1043,556,0.34771732332707944,65.22826766729206,False
SHILPAMED.NS,1599,0,0.0,100.0,True
SHIVALIK.NS,1117,482,0.30143839899937463,69.85616010006254,False
SHIVAMAUTO.NS,1599,0,0.0,100.0,True
SHIVAMILLS.NS,1599,0,0.0,100.0,True
SHIVATEX.NS,1599,0,0.0,100.0,True
SHIVAUM.NS,1599,0,0.0,100.0,True
SHK.NS,1599,0,0.0,100.0,True
SHOPERSTOP.NS,1599,0,0.0,100.0,True
SHRADHA.NS,1599,0,0.0,100.0,True
SHREDIGCEM.NS,1599,0,0.0,100.0,True
SHREECEM.NS,1599,0,0.0,100.0,True
SHREEKARNI.NS,557,1042,0.6516572858036273,34.834271419637275,False
SHREEOSFM.NS,613,986,0.616635397123202,38.3364602876798,False
SHREEPUSHK.NS,1599,0,0.0,100.0,True
SHREERAMA.NS,1599,0,0.0,100.0,True
SHREMINVIT.NS,1170,429,0.2682926829268293,73.17073170731707,False
SHRENIK.NS,1599,0,0.0,100.0,True
SHREYANIND.NS,1599,0,0.0,100.0,True
SHRIPISTON.NS,1599,0,0.0,100.0,True
SHRIRAMFIN.NS,1599,0,0.0,100.0,True
SHRIRAMPPS.NS,1110,489,0.3058161350844278,69.41838649155723,False
SHRITECH.NS,706,893,0.5584740462789243,44.15259537210757,False
SHUBHLAXMI.NS,1599,0,0.0,100.0,True
SHYAMCENT.NS,1599,0,0.0,100.0,True
SHYAMMETL.NS,1231,368,0.23014383989993747,76.98561601000625,False
SHYAMTEL.NS,1599,0,0.0,100.0,True
SICALLOG.NS,1599,0,0.0,100.0,True
SIDDHIKA.NS,1257,342,0.21388367729831145,78.61163227016885,False
SIEMENS.NS,1599,0,0.0,100.0,True
SIGACHI.NS,1134,465,0.29080675422138835,70.91932457786116,False
SIGIND.NS,1599,0,0.0,100.0,True
SIGMA.NS,1382,217,0.1357098186366479,86.42901813633522,False
SIGMAADV.NS,1599,0,0.0,100.0,True
SIGNATURE.NS,670,929,0.5809881175734835,41.901188242651656,False
SIGNORIA.NS,554,1045,0.6535334584115072,34.64665415884928,False
SIGNPOST.NS,577,1022,0.6391494684177611,36.08505315822389,False
SIKKO.NS,1599,0,0.0,100.0,True
SIL.NS,1599,0,0.0,100.0,True
SILGO.NS,1599,0,0.0,100.0,True
SILINV.NS,1599,0,0.0,100.0,True
SILKFLEX.NS,518,1081,0.6760475297060663,32.39524702939337,False
SILLYMONKS.NS,1599,0,0.0,100.0,True
SIMPLEXINF.NS,1599,0,0.0,100.0,True
SINCLAIR.NS,540,1059,0.6622889305816135,33.771106941838646,False
SINDHUTRAD.NS,738,861,0.5384615384615384,46.15384615384615,False
SINTERCOM.NS,1599,0,0.0,100.0,True
SIRCA.NS,1599,0,0.0,100.0,True
SIS.NS,1599,0,0.0,100.0,True
SITINET.NS,1599,0,0.0,100.0,True
SIYSIL.NS,1599,0,0.0,100.0,True
SJLOGISTIC.NS,615,984,0.6153846153846154,38.46153846153846,False
SJS.NS,1134,465,0.29080675422138835,70.91932457786116,False
SJVN.NS,1599,0,0.0,100.0,True
SKFINDIA.NS,1599,0,0.0,100.0,True
SKIPPER.NS,1599,0,0.0,100.0,True
SKMEGGPROD.NS,1599,0,0.0,100.0,True
SKP.NS,959,640,0.4002501563477173,59.974984365228266,False
SKYGOLD.NS,848,751,0.46966854283927456,53.03314571607254,False
SLONE.NS,521,1078,0.6741713570981863,32.58286429018137,False
SMARTLINK.NS,1599,0,0.0,100.0,True
SMCGLOBAL.NS,1311,288,0.1801125703564728,81.98874296435272,False
SMLMAH.NS,1599,0,0.0,100.0,True
SMLT.NS,1127,472,0.2951844903064415,70.48155096935585,False
SMSPHARMA.NS,1599,0,0.0,100.0,True
SMVD.NS,1599,0,0.0,100.0,True
SNOWMAN.NS,1599,0,0.0,100.0,True
SOBHA.NS,1599,0,0.0,100.0,True
SOFTTECH.NS,1599,0,0.0,100.0,True
SOLARA.NS,1599,0,0.0,100.0,True
SOLARINDS.NS,1599,0,0.0,100.0,True
SOLEX.NS,1599,0,0.0,100.0,True
SOMANYCERA.NS,1599,0,0.0,100.0,True
SOMATEX.NS,1599,0,0.0,100.0,True
SOMICONVEY.NS,1599,0,0.0,100.0,True
SONACOMS.NS,1231,368,0.23014383989993747,76.98561601000625,False
SONAMAC.NS,558,1041,0.651031894934334,34.8968105065666,False
SONAMLTD.NS,1599,0,0.0,100.0,True
SONATSOFTW.NS,1599,0,0.0,100.0,True
SONUINFRA.NS,1002,597,0.37335834896810505,62.6641651031895,False
SOTAC.NS,784,815,0.5096935584740463,49.03064415259537,False
SOTL.NS,1599,0,0.0,100.0,True
SOUTHBANK.NS,1599,0,0.0,100.0,True
SOUTHWEST.NS,1599,0,0.0,100.0,True
SPAL.NS,1599,0,0.0,100.0,True
SPANDANA.NS,1599,0,0.0,100.0,True
SPARC.NS,1599,0,0.0,100.0,True
SPCENET.NS,1599,0,0.0,100.0,True
SPECIALITY.NS,1599,0,0.0,100.0,True
SPECTRUM.NS,1599,0,0.0,100.0,True
SPECTSTM.NS,736,863,0.539712320200125,46.02876797998749,False
SPENCERS.NS,1599,0,0.0,100.0,True
SPIC.NS,1599,0,0.0,100.0,True
SPLIL.NS,1599,0,0.0,100.0,True
SPLPETRO.NS,1599,0,0.0,100.0,True
SPMLINFRA.NS,1599,0,0.0,100.0,True
SPORTKING.NS,941,658,0.41150719199499686,58.84928080050032,False
SPRL.NS,1037,562,0.3514696685428393,64.85303314571607,False
SREEL.NS,1599,0,0.0,100.0,True
SRF.NS,1599,0,0.0,100.0,True
SRGHFL.NS,696,903,0.5647279549718575,43.52720450281426,False
SRHHYPOLTD.NS,1599,0,0.0,100.0,True
SRIVASAVI.NS,806,793,0.4959349593495935,50.40650406504066,False
SRM.NS,545,1054,0.6591619762351469,34.08380237648531,False
SSFL.NS,697,902,0.5641025641025641,43.58974358974359,False
SSWL.NS,1599,0,0.0,100.0,True
STAR.NS,1599,0,0.0,100.0,True
STARCEMENT.NS,1599,0,0.0,100.0,True
STARHEALTH.NS,1116,483,0.30206378986866794,69.7936210131332,False
STARPAPER.NS,1599,0,0.0,100.0,True
STARTECK.NS,1019,580,0.3627267041901188,63.727329580988126,False
STCINDIA.NS,1599,0,0.0,100.0,True
STEELCAS.NS,1129,470,0.2939337085678549,70.60662914321452,False
STEELCITY.NS,1599,0,0.0,100.0,True
STEELXIND.NS,1599,0,0.0,100.0,True
STEL.NS,1599,0,0.0,100.0,True
STERTOOLS.NS,1599,0,0.0,100.0,True
STLTECH.NS,1599,0,0.0,100.0,True
STOVEKRAFT.NS,1323,276,0.1726078799249531,82.73921200750469,False
STYLAMIND.NS,1205,394,0.24640400250156347,75.35959974984365,False
STYRENIX.NS,1599,0,0.0,100.0,True
SUBEXLTD.NS,1599,0,0.0,100.0,True
SUBROS.NS,1599,0,0.0,100.0,True
SUDARCOLOR.NS,1599,0,0.0,100.0,True
SUDARSCHEM.NS,1599,0,0.0,100.0,True
SUKHJITS.NS,891,708,0.4427767354596623,55.72232645403376,False
SULA.NS,859,740,0.4627892432770482,53.721075672295186,False
SUMEETINDS.NS,1599,0,0.0,100.0,True
SUMICHEM.NS,1581,18,0.01125703564727955,98.87429643527204,True
SUMIT.NS,1599,0,0.0,100.0,True
SUMMITSEC.NS,1599,0,0.0,100.0,True
SUNCLAY.NS,608,991,0.6197623514696685,38.02376485303315,False
SUNDARAM.NS,1599,0,0.0,100.0,True
SUNDARMFIN.NS,1599,0,0.0,100.0,True
SUNDRMBRAK.NS,1599,0,0.0,100.0,True
SUNDRMFAST.NS,1599,0,0.0,100.0,True
SUNDROP.NS,1599,0,0.0,100.0,True
SUNFLAG.NS,1599,0,0.0,100.0,True
SUNPHARMA.NS,1599,0,0.0,100.0,True
SUNREST.NS,635,964,0.6028767979987493,39.71232020012507,False
SUNTECK.NS,1599,0,0.0,100.0,True
SUNTV.NS,1599,0,0.0,100.0,True
SUPERHOUSE.NS,1599,0,0.0,100.0,True
SUPERSPIN.NS,1599,0,0.0,100.0,True
SUPRAJIT.NS,1599,0,0.0,100.0,True
SUPREMEENG.NS,1599,0,0.0,100.0,True
SUPREMEIND.NS,1599,0,0.0,100.0,True
SUPREMEINF.NS,1599,0,0.0,100.0,True
SUPREMEPWR.NS,608,991,0.6197623514696685,38.02376485303315,False
SUPRIYA.NS,1104,495,0.30956848030018763,69.04315196998124,False
SURAJEST.NS,611,988,0.6178861788617886,38.21138211382114,False
SURANASOL.NS,1599,0,0.0,100.0,True
SURANAT&P.NS,1599,0,0.0,100.0,True
SURANI.NS,1599,0,0.0,100.0,True
SURYALAXMI.NS,1599,0,0.0,100.0,True
SURYAROSNI.NS,1599,0,0.0,100.0,True
SURYODAY.NS,1290,309,0.19324577861163228,80.67542213883677,False
SUTLEJTEX.NS,1599,0,0.0,100.0,True
SUVEN.NS,1599,0,0.0,100.0,True
SUVIDHAA.NS,1288,311,0.1944965603502189,80.55034396497811,False
SUZLON.NS,1599,0,0.0,100.0,True
SVLL.NS,1599,0,0.0,100.0,True
SVPGLOB.NS,1217,382,0.23889931207004378,76.11006879299562,False
SWANCORP.NS,1599,0,0.0,100.0,True
SWANDEF.NS,1599,0,0.0,100.0,True
SWARAJ.NS,1033,566,0.3539712320200125,64.60287679799875,False
SWARAJENG.NS,1599,0,0.0,100.0,True
SWASTIK.NS,908,691,0.43214509068167606,56.78549093183239,False
SWELECTES.NS,1599,0,0.0,100.0,True
SWSOLAR.NS,1599,0,0.0,100.0,True
SYMPHONY.NS,1599,0,0.0,100.0,True
SYNCOMF.NS,883,716,0.44777986241400874,55.22201375859912,False
SYNGENE.NS,1599,0,0.0,100.0,True
SYNOPTICS.NS,722,877,0.5484677923702314,45.153220762976865,False
SYRMA.NS,939,660,0.41275797373358347,58.724202626641656,False
SYSTANGO.NS,802,797,0.4984365228267667,50.156347717323335,False
TAC.NS,543,1056,0.6604127579737336,33.95872420262664,False
TAINWALCHM.NS,1599,0,0.0,100.0,True
TAJGVK.NS,1599,0,0.0,100.0,True
TAKE.NS,1599,0,0.0,100.0,True
TALBROAUTO.NS,1599,0,0.0,100.0,True
TANLA.NS,1599,0,0.0,100.0,True
TAPIFRUIT.NS,920,679,0.42464040025015637,57.535959974984365,False
TARACHAND.NS,1599,0,0.0,100.0,True
TARAPUR.NS,1599,0,0.0,100.0,True
TARC.NS,1357,242,0.15134459036898062,84.86554096310194,False
TARIL.NS,1599,0,0.0,100.0,True
TARMAT.NS,1599,0,0.0,100.0,True
TARSONS.NS,1126,473,0.2958098811757348,70.41901188242652,False
TASTYBITE.NS,1599,0,0.0,100.0,True
TATACHEM.NS,1599,0,0.0,100.0,True
TATACOMM.NS,1599,0,0.0,100.0,True
TATACONSUM.NS,1599,0,0.0,100.0,True
TATAELXSI.NS,1599,0,0.0,100.0,True
TATAINVEST.NS,1599,0,0.0,100.0,True
TATAPOWER.NS,1599,0,0.0,100.0,True
TATASTEEL.NS,1599,0,0.0,100.0,True
TATATECH.NS,628,971,0.6072545340838024,39.27454659161976,False
TATSILV.NS,594,1005,0.6285178236397748,37.148217636022515,False
TATVA.NS,1207,392,0.24515322076297685,75.48467792370232,False
TBOTEK.NS,518,1081,0.6760475297060663,32.39524702939337,False
TBZ.NS,1599,0,0.0,100.0,True
TCI.NS,1599,0,0.0,100.0,True
TCIEXP.NS,1599,0,0.0,100.0,True
TCIFINANCE.NS,1599,0,0.0,100.0,True
TCL.NS,570,1029,0.6435272045028143,35.64727954971857,False
TCPLPACK.NS,1599,0,0.0,100.0,True
TCS.NS,1599,0,0.0,100.0,True
TDPOWERSYS.NS,1599,0,0.0,100.0,True
TEAMGTY.NS,1599,0,0.0,100.0,True
TEAMLEASE.NS,1599,0,0.0,100.0,True
TECHLABS.NS,608,991,0.6197623514696685,38.02376485303315,False
TECHM.NS,1599,0,0.0,100.0,True
TECHNOE.NS,1599,0,0.0,100.0,True
TECILCHEM.NS,780,819,0.5121951219512195,48.78048780487805,False
TEGA.NS,1115,484,0.30268918073796125,69.73108192620387,False
TEJASNET.NS,1599,0,0.0,100.0,True
TEMBO.NS,1599,0,0.0,100.0,True
TERASOFT.NS,1599,0,0.0,100.0,True
TEXINFRA.NS,1599,0,0.0,100.0,True
TEXMOPIPES.NS,1599,0,0.0,100.0,True
TEXRAIL.NS,1599,0,0.0,100.0,True
TFCILTD.NS,1599,0,0.0,100.0,True
TFL.NS,1599,0,0.0,100.0,True
TGBHOTELS.NS,1599,0,0.0,100.0,True
TGL.NS,537,1062,0.6641651031894934,33.58348968105066,False
THANGAMAYL.NS,1599,0,0.0,100.0,True
THEINVEST.NS,1599,0,0.0,100.0,True
THEJO.NS,1599,0,0.0,100.0,True
THEMISMED.NS,1599,0,0.0,100.0,True
THERMAX.NS,1599,0,0.0,100.0,True
THOMASCOOK.NS,1599,0,0.0,100.0,True
THOMASCOTT.NS,1599,0,0.0,100.0,True
THYROCARE.NS,1599,0,0.0,100.0,True
TI.NS,1599,0,0.0,100.0,True
TICL.NS,1599,0,0.0,100.0,True
TIIL.NS,1599,0,0.0,100.0,True
TIINDIA.NS,1599,0,0.0,100.0,True
TIJARIA.NS,1599,0,0.0,100.0,True
TIL.NS,1599,0,0.0,100.0,True
TIMESCAN.NS,1083,516,0.3227016885553471,67.7298311444653,False
TIMETECHNO.NS,1599,0,0.0,100.0,True
TIMKEN.NS,1599,0,0.0,100.0,True
TIPSFILMS.NS,912,687,0.42964352720450283,57.035647279549714,False
TIPSMUSIC.NS,1599,0,0.0,100.0,True
TIRUMALCHM.NS,1599,0,0.0,100.0,True
TIRUPATI.NS,1599,0,0.0,100.0,True
TIRUPATIFL.NS,1599,0,0.0,100.0,True
TITAGARH.NS,1599,0,0.0,100.0,True
TITAN.NS,1599,0,0.0,100.0,True
TMB.NS,926,673,0.4208880550343965,57.91119449656035,False
TMPV.NS,1599,0,0.0,100.0,True
TNPETRO.NS,1599,0,0.0,100.0,True
TNPL.NS,1599,0,0.0,100.0,True
TNTELE.NS,1599,0,0.0,100.0,True
TOKYOPLAST.NS,1599,0,0.0,100.0,True
TORNTPHARM.NS,1599,0,0.0,100.0,True
TORNTPOWER.NS,1599,0,0.0,100.0,True
TOTAL.NS,1599,0,0.0,100.0,True
TOUCHWOOD.NS,1599,0,0.0,100.0,True
TPHQ.NS,1599,0,0.0,100.0,True
TPLPLASTEH.NS,1599,0,0.0,100.0,True
TRACXN.NS,902,697,0.4358974358974359,56.41025641025641,False
TRANSTEEL.NS,644,955,0.5972482801751094,40.275171982489056,False
TRANSWIND.NS,1599,0,0.0,100.0,True
TRANSWORLD.NS,1599,0,0.0,100.0,True
TREEHOUSE.NS,1599,0,0.0,100.0,True
TREJHARA.NS,1599,0,0.0,100.0,True
TREL.NS,702,897,0.5609756097560976,43.90243902439024,False
TRENT.NS,1599,0,0.0,100.0,True
TRF.NS,1599,0,0.0,100.0,True
TRIDENT.NS,1599,0,0.0,100.0,True
TRIDHYA.NS,722,877,0.5484677923702314,45.153220762976865,False
TRIGYN.NS,1599,0,0.0,100.0,True
TRITURBINE.NS,1599,0,0.0,100.0,True
TRIVENI.NS,1599,0,0.0,100.0,True
TRU.NS,1015,584,0.36522826766729205,63.477173233270804,False
TRUST.NS,544,1055,0.6597873671044403,34.02126328955597,False
TSFINV.NS,1599,0,0.0,100.0,True
TTKHLTCARE.NS,1599,0,0.0,100.0,True
TTKPRESTIG.NS,1599,0,0.0,100.0,True
TTL.NS,1599,0,0.0,100.0,True
TTML.NS,1599,0,0.0,100.0,True
TVSELECT.NS,1599,0,0.0,100.0,True
TVSHLTD.NS,1599,0,0.0,100.0,True
TVSMOTOR.NS,1599,0,0.0,100.0,True
TVSSCS.NS,694,905,0.5659787367104441,43.40212632895559,False
TVSSRICHAK.NS,1599,0,0.0,100.0,True
TVTODAY.NS,1599,0,0.0,100.0,True
TVVISION.NS,1599,0,0.0,100.0,True
UBL.NS,1599,0,0.0,100.0,True
UCAL.NS,1599,0,0.0,100.0,True
UCL.NS,1599,0,0.0,100.0,True
UCOBANK.NS,1599,0,0.0,100.0,True
UDS.NS,666,933,0.5834896810506567,41.651031894934334,False
UEL.NS,1599,0,0.0,100.0,True
UFBL.NS,1284,315,0.19699812382739212,80.30018761726079,False
UFLEX.NS,1599,0,0.0,100.0,True
UFO.NS,1599,0,0.0,100.0,True
UGARSUGAR.NS,1599,0,0.0,100.0,True
UGROCAP.NS,1198,401,0.2507817385866166,74.92182614133833,False
UJJIVANSFB.NS,1599,0,0.0,100.0,True
ULTRACEMCO.NS,1599,0,0.0,100.0,True
UMA.NS,854,745,0.4659161976235147,53.40838023764854,False
UMAEXPORTS.NS,1035,564,0.3527204502814259,64.72795497185741,False
UMESLTD.NS,1599,0,0.0,100.0,True
UMIYA-MRO.NS,1599,0,0.0,100.0,True
UNICHEMLAB.NS,1599,0,0.0,100.0,True
UNIDT.NS,1415,184,0.11507191994996874,88.49280800500313,False
UNIENTER.NS,1599,0,0.0,100.0,True
UNIHEALTH.NS,674,925,0.5784865540963102,42.15134459036898,False
UNIINFO.NS,1599,0,0.0,100.0,True
UNIONBANK.NS,1599,0,0.0,100.0,True
UNIPARTS.NS,867,732,0.45778611632270166,54.22138836772983,False
UNITDSPR.NS,1599,0,0.0,100.0,True
UNITECH.NS,1599,0,0.0,100.0,True
UNITEDPOLY.NS,1599,0,0.0,100.0,True
UNITEDTEA.NS,1599,0,0.0,100.0,True
UNIVASTU.NS,1599,0,0.0,100.0,True
UNIVCABLES.NS,1599,0,0.0,100.0,True
UNIVPHOTO.NS,1567,32,0.020012507817385866,97.99874921826142,True
UNOMINDA.NS,1599,0,0.0,100.0,True
UPL.NS,1599,0,0.0,100.0,True
URAVIDEF.NS,1599,0,0.0,100.0,True
URBAN.NS,736,863,0.539712320200125,46.02876797998749,False
URJA.NS,1599,0,0.0,100.0,True
USASEEDS.NS,949,650,0.4065040650406504,59.34959349593496,False
USHAMART.NS,1599,0,0.0,100.0,True
USK.NS,790,809,0.5059412132582864,49.405878674171355,False
UTIAMC.NS,1404,195,0.12195121951219512,87.8048780487805,False
UTKARSHBNK.NS,716,883,0.5522201375859912,44.77798624140088,False
UTTAMSUGAR.NS,1599,0,0.0,100.0,True
UWCSL.NS,1599,0,0.0,100.0,True
V2RETAIL.NS,1599,0,0.0,100.0,True
VADILALIND.NS,1599,0,0.0,100.0,True
VAIBHAVGBL.NS,1599,0,0.0,100.0,True
VAISHALI.NS,1599,0,0.0,100.0,True
VAKRANGEE.NS,1599,0,0.0,100.0,True
VALIANTLAB.NS,664,935,0.5847404627892433,41.52595372107567,False
VALIANTORG.NS,1410,189,0.11819887429643527,88.18011257035647,False
VARDHACRLC.NS,1599,0,0.0,100.0,True
VARDMNPOLY.NS,1599,0,0.0,100.0,True
VARROC.NS,1599,0,0.0,100.0,True
VASA.NS,1599,0,0.0,100.0,True
VASCONEQ.NS,1599,0,0.0,100.0,True
VASWANI.NS,1599,0,0.0,100.0,True
VBL.NS,1599,0,0.0,100.0,True
VCL.NS,1029,570,0.35647279549718575,64.35272045028142,False
VEDL.NS,1599,0,0.0,100.0,True
VEEDOL.NS,1599,0,0.0,100.0,True
VEEKAYEM.NS,943,656,0.41025641025641024,58.97435897435898,False
VELS.NS,797,802,0.5015634771732332,49.84365228267668,False
VENKEYS.NS,1599,0,0.0,100.0,True
VENUSPIPES.NS,1005,594,0.3714821763602251,62.851782363977485,False
VENUSREM.NS,1599,0,0.0,100.0,True
VERA.NS,1599,0,0.0,100.0,True
VERANDA.NS,1033,566,0.3539712320200125,64.60287679799875,False
VERITAAS.NS,515,1084,0.6779237023139462,32.207629768605386,False
VERTEXPLUS.NS,802,797,0.4984365228267667,50.156347717323335,False
VERTOZ.NS,1599,0,0.0,100.0,True
VESUVIUS.NS,1599,0,0.0,100.0,True
VETO.NS,1599,0,0.0,100.0,True
VGL.NS,1599,0,0.0,100.0,True
VGUARD.NS,1599,0,0.0,100.0,True
VHL.NS,1599,0,0.0,100.0,True
VHLTD.NS,1599,0,0.0,100.0,True
VIAZ.NS,811,788,0.49280800500312694,50.719199499687306,False
VIDHIING.NS,1599,0,0.0,100.0,True
VIJAYA.NS,1176,423,0.26454033771106944,73.54596622889305,False
VIJIFIN.NS,1599,0,0.0,100.0,True
VIKASECO.NS,1599,0,0.0,100.0,True
VIKASLIFE.NS,1599,0,0.0,100.0,True
VILAS.NS,506,1093,0.683552220137586,31.6447779862414,False
VILINBIO.NS,731,868,0.5428392745465916,45.716072545340836,False
VIMTALABS.NS,1599,0,0.0,100.0,True
VINATIORGA.NS,1599,0,0.0,100.0,True
VINDHYATEL.NS,1599,0,0.0,100.0,True
VINEETLAB.NS,1238,361,0.2257661038148843,77.42338961851158,False
VINNY.NS,1599,0,0.0,100.0,True
VINSYS.NS,701,898,0.5616010006253909,43.83989993746091,False
VINYAS.NS,664,935,0.5847404627892433,41.52595372107567,False
VINYLINDIA.NS,1599,0,0.0,100.0,True
VIPCLOTHNG.NS,1599,0,0.0,100.0,True
VIPIND.NS,1599,0,0.0,100.0,True
VIPULLTD.NS,1599,0,0.0,100.0,True
VIRINCHI.NS,772,827,0.517198248905566,48.280175109443405,False
VISAKAIND.NS,1599,0,0.0,100.0,True
VISASTEEL.NS,1599,0,0.0,100.0,True
VISHNU.NS,1599,0,0.0,100.0,True
VISHNUINFR.NS,662,937,0.5859912445278299,41.40087554721701,False
VISHWARAJ.NS,1599,0,0.0,100.0,True
VISHWAS.NS,547,1052,0.6579111944965603,34.20888055034397,False
VITAL.NS,887,712,0.4452782989368355,55.47217010631644,False
VIVIANA.NS,925,674,0.42151344590368983,57.84865540963102,False
VIVIDHA.NS,1599,0,0.0,100.0,True
VIVIMEDLAB.NS,1599,0,0.0,100.0,True
VIVO.NS,1091,508,0.31769856160100063,68.23014383989994,False
VIYASH.NS,1599,0,0.0,100.0,True
VLEGOV.NS,700,899,0.5622263914946842,43.77736085053158,False
VLSFINANCE.NS,1599,0,0.0,100.0,True
VMARCIND.NS,1257,342,0.21388367729831145,78.61163227016885,False
VMART.NS,1599,0,0.0,100.0,True
VOLTAMP.NS,1599,0,0.0,100.0,True
VOLTAS.NS,1599,0,0.0,100.0,True
VPRPL.NS,685,914,0.5716072545340838,42.839274546591625,False
VR.NS,559,1040,0.6504065040650406,34.959349593495936,False
VRLLOG.NS,1599,0,0.0,100.0,True
VSCL.NS,1599,0,0.0,100.0,True
VSSL.NS,1599,0,0.0,100.0,True
VSTIND.NS,1599,0,0.0,100.0,True
VSTL.NS,573,1026,0.6416510318949343,35.834896810506564,False
VSTTILLERS.NS,1599,0,0.0,100.0,True
VTL.NS,1599,0,0.0,100.0,True
WAAREEINDO.NS,1599,0,0.0,100.0,True
WABAG.NS,1599,0,0.0,100.0,True
WALCHANNAG.NS,1599,0,0.0,100.0,True
WALPAR.NS,1208,391,0.24452782989368355,75.54721701063166,False
WANBURY.NS,1599,0,0.0,100.0,True
WEALTH.NS,1599,0,0.0,100.0,True
WEBELSOLAR.NS,1599,0,0.0,100.0,True
WEIZMANIND.NS,1599,0,0.0,100.0,True
WEL.NS,1599,0,0.0,100.0,True
WELCORP.NS,1599,0,0.0,100.0,True
WELENT.NS,1599,0,0.0,100.0,True
WELINV.NS,1599,0,0.0,100.0,True
WELSPUNLIV.NS,1599,0,0.0,100.0,True
WENDT.NS,1599,0,0.0,100.0,True
WESTLIFE.NS,1599,0,0.0,100.0,True
WEWIN.NS,1599,0,0.0,100.0,True
WHEELS.NS,1599,0,0.0,100.0,True
WHIRLPOOL.NS,1599,0,0.0,100.0,True
WILLAMAGOR.NS,1599,0,0.0,100.0,True
WINDLAS.NS,1195,404,0.25265791119449654,74.73420888055034,False
WINDMACHIN.NS,1599,0,0.0,100.0,True
WINSOL.NS,519,1080,0.6754221388367729,32.45778611632271,False
WINSOME.NS,1599,0,0.0,100.0,True
WIPL.NS,1599,0,0.0,100.0,True
WIPRO.NS,1599,0,0.0,100.0,True
WOCKPHARMA.NS,1599,0,0.0,100.0,True
WOMANCART.NS,650,949,0.5934959349593496,40.65040650406504,False
WONDERLA.NS,1599,0,0.0,100.0,True
WORTHPERI.NS,1599,0,0.0,100.0,True
WSI.NS,1599,0,0.0,100.0,True
WSTCSTPAPR.NS,1599,0,0.0,100.0,True
WTICAB.NS,574,1025,0.6410256410256411,35.89743589743589,False
XCHANGING.NS,1599,0,0.0,100.0,True
XELPMOC.NS,1599,0,0.0,100.0,True
XPROINDIA.NS,1599,0,0.0,100.0,True
YASHO.NS,696,903,0.5647279549718575,43.52720450281426,False
YASHOPTICS.NS,542,1057,0.6610381488430269,33.89618511569731,False
YATHARTH.NS,705,894,0.5590994371482176,44.090056285178235,False
YATRA.NS,669,930,0.5816135084427767,41.83864915572233,False
YCCL.NS,707,892,0.557848655409631,44.215134459036896,False
YESBANK.NS,1599,0,0.0,100.0,True
YUDIZ.NS,698,901,0.5634771732332708,43.65228267667292,False
YUKEN.NS,1183,416,0.2601626016260163,73.98373983739836,False
ZAGGLE.NS,673,926,0.5791119449656035,42.08880550343965,False
ZEAL.NS,703,896,0.5603502188868043,43.964978111319574,False
ZEEL.NS,1599,0,0.0,100.0,True
ZEELEARN.NS,1599,0,0.0,100.0,True
ZEEMEDIA.NS,1599,0,0.0,100.0,True
ZENITHDRUG.NS,568,1031,0.6447779862414009,35.52220137585991,False
ZENITHEXPO.NS,1599,0,0.0,100.0,True
ZENITHSTL.NS,1599,0,0.0,100.0,True
ZENSARTECH.NS,1599,0,0.0,100.0,True
ZENTEC.NS,1599,0,0.0,100.0,True
ZFCVINDIA.NS,1599,0,0.0,100.0,True
ZIMLAB.NS,878,721,0.4509068167604753,54.90931832395247,False
ZODIAC.NS,1566,33,0.020637898686679174,97.93621013133207,True
ZODIACLOTH.NS,1599,0,0.0,100.0,True
ZOTA.NS,1599,0,0.0,100.0,True
ZUARI.NS,1599,0,0.0,100.0,True
ZUARIIND.NS,1599,0,0.0,100.0,True
ZYDUSLIFE.NS,1599,0,0.0,100.0,True
ZYDUSWELL.NS,1599,0,0.0,100.0,True
