Symbol,Risk_Contribution,Risk_Contribution_Pct
20MICRONS.NS,,
21STCENMGM.NS,,
360ONE.NS,,
3IINFOLTD.NS,,
3MINDIA.NS,,
3PLAND.NS,,
5PAISA.NS,,
63MOONS.NS,,
A2ZINFRA.NS,,
AAATECH.NS,,
AADHARHFC.NS,,
AAKASH.NS,,
AAREYDRUGS.NS,,
AARON.NS,,
AARTECH.NS,,
AARTIDRUGS.NS,,
AARTIIND.NS,,
AARTIPHARM.NS,,
AARTISURF.NS,,
AARVI.NS,,
AATMAJ.NS,,
AAVAS.NS,,
ABAN.NS,,
ABB.NS,,
ABBOTINDIA.NS,,
ABCAPITAL.NS,,
ABCOTS.NS,,
ABFRL.NS,,
ABINFRA.NS,,
ABMINTLLTD.NS,,
ABREL.NS,,
ABSLAMC.NS,,
ABSMARINE.NS,,
ACC.NS,,
ACCELYA.NS,,
ACCENTMIC.NS,,
ACCORD.NS,,
ACCURACY.NS,,
ACE.NS,,
ACEINTEG.NS,,
ACI.NS,,
ACL.NS,,
ACUTAAS.NS,,
ADANIENSOL.NS,,
ADANIENT.NS,,
ADANIGREEN.NS,,
ADANIPORTS.NS,,
ADANIPOWER.NS,,
ADFFOODS.NS,,
ADL.NS,,
ADOR.NS,,
ADROITINFO.NS,,
ADSL.NS,,
ADVANIHOTR.NS,,
ADVENZYMES.NS,,
AEGISLOG.NS,,
AEROENTER.NS,,
AEROFLEX.NS,,
AERONEU.NS,,
AETHER.NS,,
AFFLE.NS,,
AFSL.NS,,
AGARIND.NS,,
AGARWALFT.NS,,
AGI.NS,,
AGNI.NS,,
AGRITECH.NS,,
AGROPHOS.NS,,
AGUL.NS,,
AHIMSA.NS,,
AHLADA.NS,,
AHLEAST.NS,,
AHLUCONT.NS,,
AHLWEST.NS,,
AIAENG.NS,,
AIIL.NS,,
AILIMITED.NS,,
AIRAN.NS,,
AIROLAM.NS,,
AISL.NS,,
AJANTPHARM.NS,,
AJMERA.NS,,
AJOONI.NS,,
AKASH.NS,,
AKG.NS,,
AKI.NS,,
AKSHAR.NS,,
AKSHARCHEM.NS,,
AKSHOPTFBR.NS,,
ALANKIT.NS,,
ALBERTDAVD.NS,,
ALEMBICLTD.NS,,
ALICON.NS,,
ALIVUS.NS,,
ALKALI.NS,,
ALKEM.NS,,
ALKYLAMINE.NS,,
ALLCARGO.NS,,
ALLDIGI.NS,,
ALLETEC.NS,,
ALMONDZ.NS,,
ALOKINDS.NS,,
ALPA.NS,,
ALPEXSOLAR.NS,,
ALPHA.NS,,
ALPHAGEO.NS,,
ALUWIND.NS,,
AMBER.NS,,
AMBICAAGAR.NS,,
AMBIKCO.NS,,
AMBUJACEM.NS,,
AMDIND.NS,,
AMEYA.NS,,
AMIABLE.NS,,
AMJLAND.NS,,
AMNPLST.NS,,
AMRUTANJAN.NS,,
ANANDRATHI.NS,,
ANANTRAJ.NS,,
ANDHRAPAP.NS,,
ANDHRSUGAR.NS,,
ANGELONE.NS,,
ANIKINDS.NS,,
ANKITMETAL.NS,,
ANLON.NS,,
ANMOL.NS,,
ANNAPURNA.NS,,
ANSALAPI.NS,,
ANTELOPUS.NS,,
ANTGRAPHIC.NS,,
ANUP.NS,,
ANURAS.NS,,
APARINDS.NS,,
APCL.NS,,
APCOTEXIND.NS,,
APEX.NS,,
APLAPOLLO.NS,,
APLLTD.NS,,
APOLLO.NS,,
APOLLOHOSP.NS,,
APOLLOPIPE.NS,,
APOLLOTYRE.NS,,
APOLSINHOT.NS,,
APS.NS,,
APTECHT.NS,,
APTUS.NS,,
AQYLON.NS,,
ARABIAN.NS,,
ARCHIDPLY.NS,,
ARCHIES.NS,,
ARE&M.NS,,
ARENTERP.NS,,
ARIES.NS,,
ARIHANT.NS,,
ARIHANTACA.NS,,
ARIHANTCAP.NS,,
ARIHANTSUP.NS,,
ARISTO.NS,,
ARMANFIN.NS,,
AROGRANITE.NS,,
ARROWGREEN.NS,,
ARSHIYA.NS,,
ARTEMISMED.NS,,
ARTNIRMAN.NS,,
ARVEE.NS,,
ARVIND.NS,,
ARVINDFASN.NS,,
ARVSMART.NS,,
ASAHIINDIA.NS,,
ASAHISONG.NS,,
ASAL.NS,,
ASALCBR.NS,,
ASCOM.NS,,
ASHAPURMIN.NS,,
ASHIANA.NS,,
ASHIMASYN.NS,,
ASHOKA.NS,,
ASHOKAMET.NS,,
ASHOKLEY.NS,,
ASIANENE.NS,,
ASIANHOTNR.NS,,
ASIANPAINT.NS,,
ASIANTILES.NS,,
ASKAUTOLTD.NS,,
ASMS.NS,,
ASPINWALL.NS,,
ASPIRE.NS,,
ASTEC.NS,,
ASTERDM.NS,,
ASTRAL.NS,,
ASTRAMICRO.NS,,
ASTRAZEN.NS,,
ASTRON.NS,,
ATALREAL.NS,,
ATAM.NS,,
ATGL.NS,,
ATL.NS,,
ATLANTAA.NS,,
ATLASCYCLE.NS,,
ATMASTCO.NS,,
ATUL.NS,,
ATULAUTO.NS,,
AUBANK.NS,,
AURIGROW.NS,,
AURIONPRO.NS,,
AUROIMPEX.NS,,
AUROPHARMA.NS,,
AURUM.NS,,
AUSOMENT.NS,,
AUTOAXLES.NS,,
AUTOIND.NS,,
AVADHSUGAR.NS,,
AVALON.NS,,
AVANTIFEED.NS,,
AVG.NS,,
AVONMORE.NS,,
AVPINFRA.NS,,
AVROIND.NS,,
AVSL.NS,,
AVTNPL.NS,,
AWFIS.NS,,
AWHCL.NS,,
AWL.NS,,
AXISBANK.NS,,
AXISCADES.NS,,
AXITA.NS,,
AYMSYNTEX.NS,,
AZAD.NS,,
BABAFP.NS,,
BAFNAPH.NS,,
BAGFILMS.NS,,
BAHETI.NS,,
BAIDFIN.NS,,
BAJAJ-AUTO.NS,,
BAJAJCON.NS,,
BAJAJELEC.NS,,
BAJAJFINSV.NS,,
BAJAJHCARE.NS,,
BAJAJHIND.NS,,
BAJAJHLDNG.NS,,
BAJEL.NS,,
BAJFINANCE.NS,,
BALAJITELE.NS,,
BALAMINES.NS,,
BALAXI.NS,,
BALKRISHNA.NS,,
BALKRISIND.NS,,
BALMLAWRIE.NS,,
BALPHARMA.NS,,
BALRAMCHIN.NS,,
BALUFORGE.NS,,
BANARBEADS.NS,,
BANARISUG.NS,,
BANCOINDIA.NS,,
BANDHANBNK.NS,,
BANG.NS,,
BANKA.NS,,
BANKBARODA.NS,,
BANKINDIA.NS,,
BANSWRAS.NS,,
BASF.NS,,
BASILIC.NS,,
BASML.NS,,
BATAINDIA.NS,,
BAWEJA.NS,,
BAYERCROP.NS,,
BBL.NS,,
BBOX.NS,,
BBTC.NS,,
BBTCL.NS,,
BCG.NS,,
BCLIND.NS,,
BCONCEPTS.NS,,
BDL.NS,,
BEARDSELL.NS,,
BECTORFOOD.NS,,
BEDMUTHA.NS,,
BEL.NS,,
BEML.NS,,
BEPL.NS,,
BERGEPAINT.NS,,
BESTAGRO.NS,,
BEWLTD.NS,,
BFINVEST.NS,,
BFSI.NS,,
BFUTILITIE.NS,,
BGRENERGY.NS,,
BHAGCHEM.NS,,
BHAGERIA.NS,,
BHAGYANGR.NS,,
BHANDARI.NS,,
BHARATFORG.NS,,
BHARATGEAR.NS,,
BHARATRAS.NS,,
BHARATWIRE.NS,,
BHARTIARTL.NS,,
BHARTIHEXA.NS,,
BHEL.NS,,
BIGBLOC.NS,,
BIKAJI.NS,,
BIL.NS,,
BIOCON.NS,,
BIOFILCHEM.NS,,
BIRDYS.NS,,
BIRET.NS,,
BIRLACABLE.NS,,
BIRLACORPN.NS,,
BIRLAMONEY.NS,,
BIRLANU.NS,,
BLAL.NS,,
BLBLIMITED.NS,,
BLISSGVS.NS,,
BLKASHYAP.NS,,
BLS.NS,,
BLSE.NS,,
BLUECHIP.NS,,
BLUECOAST.NS,,
BLUEDART.NS,,
BLUEJET.NS,,
BLUEPEBBLE.NS,,
BLUESTARCO.NS,,
BMETRICS.NS,,
BODALCHEM.NS,,
BOHRAIND.NS,,
BOMDYEING.NS,,
BOROLTD.NS,,
BORORENEW.NS,,
BOSCH-HCIL.NS,,
BOSCHLTD.NS,,
BPCL.NS,,
BPL.NS,,
BRIGADE.NS,,
BRITANNIA.NS,,
BRNL.NS,,
BROOKS.NS,,
BSE.NS,,
BSHSL.NS,,
BSL.NS,,
BSOFT.NS,,
BTML.NS,,
BUTTERFLY.NS,,
BVCL.NS,,
BYKE.NS,,
CADSYS.NS,,
CALSOFT.NS,,
CAMLINFINE.NS,,
CAMPUS.NS,,
CAMS.NS,,
CANARYS.NS,,
CANBK.NS,,
CANFINHOME.NS,,
CANTABIL.NS,,
CAPACITE.NS,,
CAPITALSFB.NS,,
CAPLIPOINT.NS,,
CAPTRUST.NS,,
CARBORUNIV.NS,,
CARERATING.NS,,
CARTRADE.NS,,
CARYSIL.NS,,
CASTROLIND.NS,,
CBAZAAR.NS,,
CCAVENUE.NS,,
CCCL.NS,,
CCHHL.NS,,
CCL.NS,,
CDSL.NS,,
CEATLTD.NS,,
CELEBRITY.NS,,
CELLECOR.NS,,
CELLO.NS,,
CELLPOINT.NS,,
CEMPRO.NS,,
CENTENKA.NS,,
CENTEXT.NS,,
CENTRALBK.NS,,
CENTRUM.NS,,
CENTUM.NS,,
CENTURYPLY.NS,,
CERA.NS,,
CEREBRAINT.NS,,
CESC.NS,,
CGCL.NS,,
CGPOWER.NS,,
CGRAPHICS.NS,,
CHALET.NS,,
CHAMBLFERT.NS,,
CHAVDA.NS,,
CHEMBOND.NS,,
CHEMCON.NS,,
CHEMFAB.NS,,
CHEMPLASTS.NS,,
CHENNPETRO.NS,,
CHEVIOT.NS,,
CHOICEIN.NS,,
CHOLAFIN.NS,,
CHOLAHLDNG.NS,,
CIEINDIA.NS,,
CINELINE.NS,,
CINEVISTA.NS,,
CIPLA.NS,,
CLEAN.NS,,
CLEDUCATE.NS,,
CLSEL.NS,,
CLSL.NS,,
CMNL.NS,,
CMRSL.NS,,
CMSINFO.NS,,
CNL.NS,,
COALINDIA.NS,,
COASTCORP.NS,,
COCHINSHIP.NS,,
COFFEEDAY.NS,,
COFORGE.NS,,
COHANCE.NS,,
COLPAL.NS,,
COMMITTED.NS,,
COMPINFO.NS,,
COMPUSOFT.NS,,
COMSYN.NS,,
CONCOR.NS,,
CONCORDBIO.NS,,
CONFIPET.NS,,
CONS.NS,,
CONSOFINVT.NS,,
CONTI.NS,,
CONTROLPR.NS,,
COOLCAPS.NS,,
CORALFINAC.NS,,
CORDSCABLE.NS,,
COROMANDEL.NS,,
COSMOFIRST.NS,,
COUNCODOS.NS,,
CPCAP.NS,,
CPS.NS,,
CRAFTSMAN.NS,,
CRAYONS.NS,,
CREATIVEYE.NS,,
CREDITACC.NS,,
CREST.NS,,
CRISIL.NS,,
CROMPTON.NS,,
CROWN.NS,,
CSBBANK.NS,,
CSLFINANCE.NS,,
CTE.NS,,
CUB.NS,,
CUBEXTUB.NS,,
CUMMINSIND.NS,,
CUPID.NS,,
CURAA.NS,,
CYBERMEDIA.NS,,
CYBERTECH.NS,,
CYIENT.NS,,
CYIENTDLM.NS,,
DABUR.NS,,
DALBHARAT.NS,,
DALMIASUG.NS,,
DAMODARIND.NS,,
DANGEE.NS,,
DATAMATICS.NS,,
DATAPATTNS.NS,,
DAVANGERE.NS,,
DBCORP.NS,,
DBL.NS,,
DBOL.NS,,
DBREALTY.NS,,
DBSTOCKBRO.NS,,
DCAL.NS,,
DCBBANK.NS,,
DCG.NS,,
DCI.NS,,
DCM.NS,,
DCMFINSERV.NS,,
DCMNVL.NS,,
DCMSHRIRAM.NS,,
DCMSRIND.NS,,
DCW.NS,,
DCXINDIA.NS,,
DECCANCE.NS,,
DEEM.NS,,
DEEPAKFERT.NS,,
DEEPAKNTR.NS,,
DEEPINDS.NS,,
DELAPLEX.NS,,
DELHIVERY.NS,,
DELPHIFX.NS,,
DELTACORP.NS,,
DELTAMAGNT.NS,,
DEN.NS,,
DENEERS.NS,,
DENORA.NS,,
DENTALKART.NS,,
DESTINY.NS,,
DEVIT.NS,,
DEVYANI.NS,,
DGCONTENT.NS,,
DHAMPURSUG.NS,,
DHANBANK.NS,,
DHANUKA.NS,,
DHARMAJ.NS,,
DHRUV.NS,,
DHTL.NS,,
DHUNINV.NS,,
DIACABS.NS,,
DIAMINESQ.NS,,
DIAMONDYD.NS,,
DICIND.NS,,
DIGIDRIVE.NS,,
DIGIKORE.NS,,
DIGISPICE.NS,,
DIGJAMLMTD.NS,,
DISHTV.NS,,
DIVGIITTS.NS,,
DIVISLAB.NS,,
DIXON.NS,,
DJML.NS,,
DKEGL.NS,,
DLF.NS,,
DLINKINDIA.NS,,
DMART.NS,,
DMCC.NS,,
DNAMEDIA.NS,,
DODLA.NS,,
DOLATALGO.NS,,
DOLLAR.NS,,
DOLLEX.NS,,
DOLPHIN.NS,,
DOMS.NS,,
DONEAR.NS,,
DPABHUSHAN.NS,,
DPSCLTD.NS,,
DPWIRES.NS,,
DRCSYSTEMS.NS,,
DREAMFOLKS.NS,,
DREDGECORP.NS,,
DRONE.NS,,
DRREDDY.NS,,
DRSDILIP.NS,,
DSSL.NS,,
DTIL.NS,,
DUCOL.NS,,
DUCON.NS,,
DUGLOBAL.NS,,
DVL.NS,,
DWARKESH.NS,,
DYCL.NS,,
DYNAMATECH.NS,,
DYNAMIC.NS,,
DYNPRO.NS,,
E2E.NS,,
EASEMYTRIP.NS,,
EASTSILK.NS,,
ECLERX.NS,,
EDELWEISS.NS,,
EFACTOR.NS,,
EFORCE.NS,,
EICHERMOT.NS,,
EIDPARRY.NS,,
EIFFL.NS,,
EIHAHOTELS.NS,,
EIHOTEL.NS,,
EIMCOELECO.NS,,
EKC.NS,,
ELDEHSG.NS,,
ELECON.NS,,
ELECTCAST.NS,,
ELECTHERM.NS,,
ELGIEQUIP.NS,,
ELGIRUBCO.NS,,
ELIN.NS,,
EMAMILTD.NS,,
EMAMIREAL.NS,,
EMBASSY.NS,,
EMBDL.NS,,
EMIL.NS,,
EMKAY.NS,,
EMKAYTOOLS.NS,,
EMMBI.NS,,
EMMIL.NS,,
EMSLIMITED.NS,,
EMUDHRA.NS,,
ENDURANCE.NS,,
ENERGYDEV.NS,,
ENFUSE.NS,,
ENGINERSIN.NS,,
ENIL.NS,,
ENSER.NS,,
ENTERO.NS,,
EPACK.NS,,
EPIGRAL.NS,,
EPL.NS,,
EQUIPPP.NS,,
EQUITASBNK.NS,,
ERIS.NS,,
ESABINDIA.NS,,
ESAFSFB.NS,,
ESCONET.NS,,
ESCORTS.NS,,
ESFL.NS,,
ESG.NS,,
ESSARSHPNG.NS,,
ESSENTIA.NS,,
ESTER.NS,,
ETERNAL.NS,,
ETHOSLTD.NS,,
EUROTEXIND.NS,,
EVEREADY.NS,,
EVERESTIND.NS,,
EXCELINDUS.NS,,
EXICOM.NS,,
EXIDEIND.NS,,
EXPLEOSOL.NS,,
EXXARO.NS,,
FACT.NS,,
FAIRCHEMOR.NS,,
FAZE3Q.NS,,
FCL.NS,,
FCSSOFT.NS,,
FDC.NS,,
FEDERALBNK.NS,,
FEDFINA.NS,,
FEL.NS,,
FELDVR.NS,,
FELIX.NS,,
FIBERWEB.NS,,
FIDEL.NS,,
FIEMIND.NS,,
FILATEX.NS,,
FILATFASH.NS,,
FINCABLES.NS,,
FINEORG.NS,,
FINOPB.NS,,
FINPIPE.NS,,
FIVESTAR.NS,,
FLAIR.NS,,
FLEXITUFF.NS,,
FLFL.NS,,
FLUOROCHEM.NS,,
FMGOETZE.NS,,
FMNL.NS,,
FOCUS.NS,,
FONEBOX.NS,,
FOODSIN.NS,,
FORCEMOT.NS,,
FORTIS.NS,,
FOSECOIND.NS,,
FROG.NS,,
FSL.NS,,
FUSION.NS,,
GABRIEL.NS,,
GAEL.NS,,
GAIL.NS,,
GALAXYSURF.NS,,
GALLANTT.NS,,
GANDHAR.NS,,
GANDHITUBE.NS,,
GANECOS.NS,,
GANESHBE.NS,,
GANESHHOU.NS,,
GANGAFORGE.NS,,
GANGESSECU.NS,,
GARFIBRES.NS,,
GATECH.NS,,
GATECHDVR.NS,,
GATEWAY.NS,,
GAYAHWS.NS,,
GAYAPROJ.NS,,
GEECEE.NS,,
GEEKAYWIRE.NS,,
GENCON.NS,,
GENESYS.NS,,
GENUSPAPER.NS,,
GENUSPOWER.NS,,
GEOJITFSL.NS,,
GESHIP.NS,,
GFLLIMITED.NS,,
GHCL.NS,,
GHCLTEXTIL.NS,,
GICHSGFIN.NS,,
GICL.NS,,
GICRE.NS,,
GILLANDERS.NS,,
GILLETTE.NS,,
GINNIFILA.NS,,
GIPCL.NS,,
GIRIRAJ.NS,,
GKWLIMITED.NS,,
GLAND.NS,,
GLAXO.NS,,
GLENMARK.NS,,
GLFL.NS,,
GLOBAL.NS,,
GLOBALPET.NS,,
GLOBALVECT.NS,,
GLOBE.NS,,
GLOBUSSPR.NS,,
GLOSTERLTD.NS,,
GMBREW.NS,,
GMDCLTD.NS,,
GMMPFAUDLR.NS,,
GMRAIRPORT.NS,,
GMRP&UI.NS,,
GNA.NS,,
GNFC.NS,,
GOACARBON.NS,,
GOCLCORP.NS,,
GOCOLORS.NS,,
GODFRYPHLP.NS,,
GODIGIT.NS,,
GODREJAGRO.NS,,
GODREJCP.NS,,
GODREJIND.NS,,
GODREJPROP.NS,,
GOKEX.NS,,
GOKUL.NS,,
GOKULAGRO.NS,,
GOODLUCK.NS,,
GOODYEAR.NS,,
GOPAL.NS,,
GOYALALUM.NS,,
GOYALSALT.NS,,
GPIL.NS,,
GPPL.NS,,
GPTHEALTH.NS,,
GPTINFRA.NS,,
GRANULES.NS,,
GRAPHISAD.NS,,
GRAPHITE.NS,,
GRASIM.NS,,
GRAUWEIL.NS,,
GRAVITA.NS,,
GRCL.NS,,
GREAVESCOT.NS,,
GREENCHEF.NS,,
GREENLAM.NS,,
GREENPANEL.NS,,
GREENPLY.NS,,
GREENPOWER.NS,,
GRETEX.NS,,
GRINDWELL.NS,,
GRINFRA.NS,,
GRMOVER.NS,,
GROBTEA.NS,,
GRPLTD.NS,,
GRSE.NS,,
GRWRHITECH.NS,,
GSFC.NS,,
GSLSU.NS,,
GSMFOILS.NS,,
GSS.NS,,
GSTL.NS,,
GTECJAINX.NS,,
GTL.NS,,
GTLINFRA.NS,,
GTPL.NS,,
GUFICBIO.NS,,
GUJALKALI.NS,,
GUJAPOLLO.NS,,
GUJGASLTD.NS,,
GUJRAFFIA.NS,,
GULFOILLUB.NS,,
GULFPETRO.NS,,
GULPOLY.NS,,
GVKPIL.NS,,
GVPIL.NS,,
GVPTECH.NS,,
GVT&D.NS,,
HAL.NS,,
HALEOSLABS.NS,,
HAPPSTMNDS.NS,,
HAPPYFORGE.NS,,
HARDWYN.NS,,
HARIOMPIPE.NS,,
HARRMALAYA.NS,,
HARSHA.NS,,
HATHWAY.NS,,
HATSUN.NS,,
HAVELLS.NS,,
HAVISHA.NS,,
HBLENGINE.NS,,
HBSL.NS,,
HCC.NS,,
HCG.NS,,
HCL-INSYS.NS,,
HCLTECH.NS,,
HDFCAMC.NS,,
HDFCBANK.NS,,
HDFCLIFE.NS,,
HDIL.NS,,
HEADSUP.NS,,
HECPROJECT.NS,,
HEG.NS,,
HEIDELBERG.NS,,
HEMIPROP.NS,,
HERANBA.NS,,
HERITGFOOD.NS,,
HEROMOTOCO.NS,,
HESTERBIO.NS,,
HEXATRADEX.NS,,
HFCL.NS,,
HGINFRA.NS,,
HGM.NS,,
HGS.NS,,
HIGREEN.NS,,
HIKAL.NS,,
HILTON.NS,,
HIMATSEIDE.NS,,
HINDALCO.NS,,
HINDCOMPOS.NS,,
HINDCON.NS,,
HINDCOPPER.NS,,
HINDOILEXP.NS,,
HINDPETRO.NS,,
HINDUNILVR.NS,,
HINDWAREAP.NS,,
HINDZINC.NS,,
HIRECT.NS,,
HISARMETAL.NS,,
HITECH.NS,,
HITECHCORP.NS,,
HITECHGEAR.NS,,
HLEGLAS.NS,,
HLVLTD.NS,,
HMAAGRO.NS,,
HMT.NS,,
HMVL.NS,,
HNDFDS.NS,,
HOACFOODS.NS,,
HOLMARC.NS,,
HOMEFIRST.NS,,
HOMESFY.NS,,
HONASA.NS,,
HONAUT.NS,,
HPAL.NS,,
HPIL.NS,,
HPL.NS,,
HRHNEXT.NS,,
HSCL.NS,,
HTMEDIA.NS,,
HUBTOWN.NS,,
HUDCO.NS,,
HUHTAMAKI.NS,,
HYBRIDFIN.NS,,
IBLFL.NS,,
IBULLSLTD.NS,,
ICDSLTD.NS,,
ICEMAKE.NS,,
ICICIBANK.NS,,
ICICIGI.NS,,
ICICIPRULI.NS,,
ICIL.NS,,
ICRA.NS,,
IDBI.NS,,
IDEA.NS,,
IDEAFORGE.NS,,
IDFCFIRSTB.NS,,
IEML.NS,,
IEX.NS,,
IFBAGRO.NS,,
IFBIND.NS,,
IFCI.NS,,
IFGLEXPOR.NS,,
IGARASHI.NS,,
IGL.NS,,
IGPL.NS,,
IIFL.NS,,
IIFLCAPS.NS,,
IITL.NS,,
IKIO.NS,,
IL&FSENGG.NS,,
IL&FSTRANS.NS,,
IMAGICAA.NS,,
IMFA.NS,,
IMPAL.NS,,
IMPEXFERRO.NS,,
INCREDIBLE.NS,,
INDBANK.NS,,
INDGN.NS,,
INDHOTEL.NS,,
INDIACEM.NS,,
INDIAGLYCO.NS,,
INDIAMART.NS,,
INDIANB.NS,,
INDIANCARD.NS,,
INDIANHUME.NS,,
INDIASHLTR.NS,,
INDIFRA.NS,,
INDIGO.NS,,
INDIGOPNTS.NS,,
INDIGRID.NS,,
INDNIPPON.NS,,
INDOAMIN.NS,,
INDOBORAX.NS,,
INDOCO.NS,,
INDORAMA.NS,,
INDOSTAR.NS,,
INDOTECH.NS,,
INDOTHAI.NS,,
INDOWIND.NS,,
INDRAMEDCO.NS,,
INDSWFTLAB.NS,,
INDTERRAIN.NS,,
INDUSINDBK.NS,,
INDUSTOWER.NS,,
INFINIUM.NS,,
INFOBEAN.NS,,
INFOLLION.NS,,
INFOMEDIA.NS,,
INFY.NS,,
INGERRAND.NS,,
INM.NS,,
INNOVACAP.NS,,
INNOVANA.NS,,
INOXGREEN.NS,,
INOXINDIA.NS,,
INOXWIND.NS,,
INSECTICID.NS,,
INSPIRE.NS,,
INSPIRISYS.NS,,
INTELLECT.NS,,
INTENTECH.NS,,
INTLCONV.NS,,
INVENTURE.NS,,
IOB.NS,,
IOC.NS,,
IOLCP.NS,,
IONEXCHANG.NS,,
IPCALAB.NS,,
IPL.NS,,
IPSL.NS,,
IRB.NS,,
IRBINVIT.NS,,
IRCON.NS,,
IRCTC.NS,,
IREDA.NS,,
IRFC.NS,,
IRIS.NS,,
IRISDOREME.NS,,
IRMENERGY.NS,,
ISFT.NS,,
ISGEC.NS,,
ISHAN.NS,,
IT.NS,,
ITALIANE.NS,,
ITC.NS,,
ITDC.NS,,
ITI.NS,,
IVC.NS,,
IVP.NS,,
IZMO.NS,,
J&KBANK.NS,,
JAGRAN.NS,,
JAGSNPHARM.NS,,
JAIBALAJI.NS,,
JAICORPLTD.NS,,
JAINAM.NS,,
JAIPURKURT.NS,,
JAKHARIA.NS,,
JALAN.NS,,
JAMNAAUTO.NS,,
JASH.NS,,
JAYAGROGN.NS,,
JAYBARMARU.NS,,
JAYNECOIND.NS,,
JAYSREETEA.NS,,
JBCHEPHARM.NS,,
JBMA.NS,,
JETFREIGHT.NS,,
JETKNIT.NS,,
JFLLIFE.NS,,
JGCHEM.NS,,
JHS.NS,,
JINDALPHOT.NS,,
JINDALPOLY.NS,,
JINDALSAW.NS,,
JINDALSTEL.NS,,
JINDRILL.NS,,
JINDWORLD.NS,,
JIOFIN.NS,,
JISLDVREQS.NS,,
JISLJALEQS.NS,,
JITFINFRA.NS,,
JIWANRAM.NS,,
JKCEMENT.NS,,
JKIL.NS,,
JKLAKSHMI.NS,,
JKPAPER.NS,,
JKTYRE.NS,,
JLHL.NS,,
JMA.NS,,
JMFINANCIL.NS,,
JNKINDIA.NS,,
JOCIL.NS,,
JPOLYINVST.NS,,
JPPOWER.NS,,
JSFB.NS,,
JSL.NS,,
JSLL.NS,,
JSWDULUX.NS,,
JSWENERGY.NS,,
JSWHL.NS,,
JSWINFRA.NS,,
JSWSTEEL.NS,,
JTEKTINDIA.NS,,
JTLIND.NS,,
JUBLFOOD.NS,,
JUBLINGREA.NS,,
JUBLPHARMA.NS,,
JUNIPER.NS,,
JUSTDIAL.NS,,
JWL.NS,,
JYOTHYLAB.NS,,
JYOTICNC.NS,,
JYOTISTRUC.NS,,
K2INFRA.NS,,
KABRAEXTRU.NS,,
KAJARIACER.NS,,
KAKATCEM.NS,,
KALAMANDIR.NS,,
KALYANIFRG.NS,,
KALYANKJIL.NS,,
KAMATHOTEL.NS,,
KAMDHENU.NS,,
KAMOPAINTS.NS,,
KANANIIND.NS,,
KANDARP.NS,,
KANORICHEM.NS,,
KANPRPLA.NS,,
KANSAINER.NS,,
KAPSTON.NS,,
KARMAENG.NS,,
KARNIKA.NS,,
KARURVYSYA.NS,,
KAUSHALYA.NS,,
KAVDEFENCE.NS,,
KAYA.NS,,
KAYNES.NS,,
KCEIL.NS,,
KCK.NS,,
KCP.NS,,
KCPSUGIND.NS,,
KDDL.NS,,
KDL.NS,,
KEC.NS,,
KECL.NS,,
KEEPLEARN.NS,,
KEI.NS,,
KEL.NS,,
KELLTONTEC.NS,,
KENNAMET.NS,,
KERNEX.NS,,
KESORAMIND.NS,,
KEYFINSERV.NS,,
KFINTECH.NS,,
KHADIM.NS,,
KHAICHEM.NS,,
KHAITANLTD.NS,,
KHANDSE.NS,,
KHFM.NS,,
KICL.NS,,
KILITCH.NS,,
KIMS.NS,,
KINGFA.NS,,
KIOCL.NS,,
KIRIINDUS.NS,,
KIRLFER.NS,,
KIRLOSBROS.NS,,
KIRLOSENG.NS,,
KIRLOSIND.NS,,
KIRLPNU.NS,,
KITEX.NS,,
KKCL.NS,,
KLL.NS,,
KMSUGAR.NS,,
KNAGRI.NS,,
KNRCON.NS,,
KODYTECH.NS,,
KOHINOOR.NS,,
KOKUYOCMLN.NS,,
KOLTEPATIL.NS,,
KONSTELEC.NS,,
KONTOR.NS,,
KOPRAN.NS,,
KORE.NS,,
KOTAKBANK.NS,,
KOTARISUG.NS,,
KOTHARIPET.NS,,
KOTHARIPRO.NS,,
KOTYARK.NS,,
KOVAI.NS,,
KPIGREEN.NS,,
KPIL.NS,,
KPITTECH.NS,,
KPRMILL.NS,,
KRBL.NS,,
KREBSBIO.NS,,
KRIDHANINF.NS,,
KRISHANA.NS,,
KRISHCA.NS,,
KRISHIVAL.NS,,
KRISHNADEF.NS,,
KRITI.NS,,
KRITIKA.NS,,
KRITINUT.NS,,
KRSNAA.NS,,
KRYSTAL.NS,,
KSB.NS,,
KSCL.NS,,
KSHITIJPOL.NS,,
KSL.NS,,
KSOLVES.NS,,
KTKBANK.NS,,
KUANTUM.NS,,
LAGNAM.NS,,
LAKPRE.NS,,
LAL.NS,,
LALPATHLAB.NS,,
LAMBODHARA.NS,,
LANCORHOL.NS,,
LANDMARK.NS,,
LANDSMILL.NS,,
LAOPALA.NS,,
LASA.NS,,
LATENTVIEW.NS,,
LATTEYS.NS,,
LAURUSLABS.NS,,
LAXMICOT.NS,,
LCCINFOTEC.NS,,
LEMERITE.NS,,
LEMONTREE.NS,,
LEXUS.NS,,
LFIC.NS,,
LGBBROSLTD.NS,,
LGHL.NS,,
LIBAS.NS,,
LIBERTSHOE.NS,,
LICHSGFIN.NS,,
LICI.NS,,
LICNFNHGP.NS,,
LIKHITHA.NS,,
LINC.NS,,
LINCOLN.NS,,
LINDEINDIA.NS,,
LLOYDS.NS,,
LLOYDSENGG.NS,,
LLOYDSME.NS,,
LMW.NS,,
LODHA.NS,,
LOKESHMACH.NS,,
LORDSCHLO.NS,,
LOTUSEYE.NS,,
LOVABLE.NS,,
LOYALTEX.NS,,
LPDC.NS,,
LRRPL.NS,,
LT.NS,,
LTF.NS,,
LTFOODS.NS,,
LTM.NS,,
LTTS.NS,,
LUMAXIND.NS,,
LUMAXTECH.NS,,
LUPIN.NS,,
LUXIND.NS,,
LXCHEM.NS,,
LYKALABS.NS,,
LYPSAGEMS.NS,,
M&M.NS,,
M&MFIN.NS,,
MAANALU.NS,,
MACPOWER.NS,,
MADHAV.NS,,
MADHAVBAUG.NS,,
MADHUCON.NS,,
MADHUSUDAN.NS,,
MADRASFERT.NS,,
MAFANG.NS,,
MAGADSUGAR.NS,,
MAGNUM.NS,,
MAGSON.NS,,
MAHABANK.NS,,
MAHAPEXLTD.NS,,
MAHASTEEL.NS,,
MAHEPC.NS,,
MAHESHWARI.NS,,
MAHICKRA.NS,,
MAHKTECH.NS,,
MAHLIFE.NS,,
MAHLOG.NS,,
MAHSCOOTER.NS,,
MAHSEAMLES.NS,,
MAITHANALL.NS,,
MAITREYA.NS,,
MAKEINDIA.NS,,
MAKS.NS,,
MAL.NS,,
MALLCOM.NS,,
MALUPAPER.NS,,
MANAKALUCO.NS,,
MANAKCOAT.NS,,
MANAKSIA.NS,,
MANAKSTEEL.NS,,
MANALIPETC.NS,,
MANAPPURAM.NS,,
MANAV.NS,,
MANDEEP.NS,,
MANGALAM.NS,,
MANGLMCEM.NS,,
MANINDS.NS,,
MANINFRA.NS,,
MANKIND.NS,,
MANOMAY.NS,,
MANORAMA.NS,,
MANORG.NS,,
MANUGRAPH.NS,,
MANYAVAR.NS,,
MAPMYINDIA.NS,,
MARALOVER.NS,,
MARATHON.NS,,
MARCO.NS,,
MARICO.NS,,
MARINE.NS,,
MARINETRAN.NS,,
MARKSANS.NS,,
MARUTI.NS,,
MASFIN.NS,,
MASKINVEST.NS,,
MASTEK.NS,,
MASTER.NS,,
MATRIMONY.NS,,
MAWANASUG.NS,,
MAXESTATES.NS,,
MAXHEALTH.NS,,
MAXIND.NS,,
MAXPOSURE.NS,,
MAYURUNIQ.NS,,
MAZDA.NS,,
MAZDOCK.NS,,
MBAPL.NS,,
MBLINFRA.NS,,
MCL.NS,,
MCLEODRUSS.NS,,
MCON.NS,,
MCX.NS,,
MDL.NS,,
MEDANTA.NS,,
MEDIASSIST.NS,,
MEDICAMEQ.NS,,
MEDICO.NS,,
MEDPLUS.NS,,
MEGAFLEX.NS,,
MEGASTAR.NS,,
MEGATHERM.NS,,
MENONBE.NS,,
MEP.NS,,
METROBRAND.NS,,
METROPOLIS.NS,,
MFSL.NS,,
MGEL.NS,,
MGL.NS,,
MHHL.NS,,
MHLXMIRU.NS,,
MHRIL.NS,,
MICEL.NS,,
MICROPRO.NS,,
MIDHANI.NS,,
MILTON.NS,,
MINDACORP.NS,,
MINDPOOL.NS,,
MINDSPACE.NS,,
MINDTECK.NS,,
MIRCELECTR.NS,,
MIRZAINT.NS,,
MITCON.NS,,
MITTAL.NS,,
MKPL.NS,,
MMFL.NS,,
MMP.NS,,
MMTC.NS,,
MNC.NS,,
MODIRUBBER.NS,,
MODISONLTD.NS,,
MODTHREAD.NS,,
MOHITIND.NS,,
MOIL.NS,,
MOKSH.NS,,
MOL.NS,,
MOLDTECH.NS,,
MOLDTKPAC.NS,,
MONARCH.NS,,
MONOPHARMA.NS,,
MONTECARLO.NS,,
MOREALTY.NS,,
MOREPENLAB.NS,,
MOS.NS,,
MOTHERSON.NS,,
MOTILALOFS.NS,,
MOTISONS.NS,,
MOTOGENFIN.NS,,
MOXSH.NS,,
MPHASIS.NS,,
MPSLTD.NS,,
MPTODAY.NS,,
MRF.NS,,
MRPL.NS,,
MSPL.NS,,
MSTCLTD.NS,,
MSUMI.NS,,
MTARTECH.NS,,
MTEDUCARE.NS,,
MTNL.NS,,
MUFIN.NS,,
MUFTI.NS,,
MUKANDLTD.NS,,
MUKKA.NS,,
MUKTAARTS.NS,,
MUNJALAU.NS,,
MUNJALSHOW.NS,,
MURUDCERA.NS,,
MUTHOOTCAP.NS,,
MUTHOOTFIN.NS,,
MUTHOOTMF.NS,,
MVGJL.NS,,
MVKAGRO.NS,,
MWL.NS,,
NACLIND.NS,,
NAGAFERT.NS,,
NAGREEKCAP.NS,,
NAGREEKEXP.NS,,
NAHARCAP.NS,,
NAHARINDUS.NS,,
NAHARPOLY.NS,,
NAHARSPING.NS,,
NAM-INDIA.NS,,
NAMAN.NS,,
NARMADA.NS,,
NATCOPHARM.NS,,
NATHBIOGEN.NS,,
NATIONALUM.NS,,
NAUKRI.NS,,
NAVA.NS,,
NAVINFLUOR.NS,,
NAVKARCORP.NS,,
NAVNETEDUL.NS,,
NAZARA.NS,,
NBCC.NS,,
NBIFIN.NS,,
NCC.NS,,
NCLIND.NS,,
NDGL.NS,,
NDL.NS,,
NDLVENTURE.NS,,
NDRAUTO.NS,,
NDTV.NS,,
NECCLTD.NS,,
NECLIFE.NS,,
NELCAST.NS,,
NELCO.NS,,
NEOGEN.NS,,
NESCO.NS,,
NESTLEIND.NS,,
NETWEB.NS,,
NETWORK18.NS,,
NEULANDLAB.NS,,
NEWGEN.NS,,
NEWJAISA.NS,,
NEXTMEDIA.NS,,
NFL.NS,,
NGIL.NS,,
NGLFINE.NS,,
NH.NS,,
NHPC.NS,,
NIACL.NS,,
NIBL.NS,,
NIDAN.NS,,
NIITLTD.NS,,
NIITMTS.NS,,
NILAINFRA.NS,,
NILASPACES.NS,,
NILKAMAL.NS,,
NINSYS.NS,,
NIPPOBATRY.NS,,
NIRAJ.NS,,
NIRAJISPAT.NS,,
NIRMAN.NS,,
NITCO.NS,,
NITINSPIN.NS,,
NITIRAJ.NS,,
NKIND.NS,,
NLCINDIA.NS,,
NMDC.NS,,
NOCIL.NS,,
NOIDATOLL.NS,,
NORBTEAEXP.NS,,
NOVAAGRI.NS,,
NOVARTIND.NS,,
NPBET.NS,,
NPST.NS,,
NRAIL.NS,,
NRBBEARING.NS,,
NRL.NS,,
NSIL.NS,,
NSLNISP.NS,,
NTPC.NS,,
NUCLEUS.NS,,
NURECA.NS,,
NUVAMA.NS,,
NUVOCO.NS,,
NXST.NS,,
NYKAA.NS,,
OAL.NS,,
OBCL.NS,,
OBEROIRLTY.NS,,
OFSS.NS,,
OIL.NS,,
OILCOUNTUB.NS,,
OLECTRA.NS,,
OLIL.NS,,
OMAXAUTO.NS,,
OMAXE.NS,,
OMFURN.NS,,
OMINFRAL.NS,,
ONDOOR.NS,,
ONELIFECAP.NS,,
ONEPOINT.NS,,
ONGC.NS,,
ONMOBILE.NS,,
ONWARDTEC.NS,,
OPTIEMUS.NS,,
ORBTEXP.NS,,
ORCHPHARMA.NS,,
ORIANA.NS,,
ORICONENT.NS,,
ORIENTALTL.NS,,
ORIENTBELL.NS,,
ORIENTCEM.NS,,
ORIENTCER.NS,,
ORIENTELEC.NS,,
ORIENTHOT.NS,,
ORIENTLTD.NS,,
ORIENTPPR.NS,,
ORISSAMINE.NS,,
ORTEL.NS,,
ORTINGLOBE.NS,,
OSIAHYPER.NS,,
OSWALAGRO.NS,,
OSWALGREEN.NS,,
OSWALSEEDS.NS,,
OWAIS.NS,,
PAGEIND.NS,,
PAISALO.NS,,
PAKKA.NS,,
PALASHSECU.NS,,
PALREDTEC.NS,,
PANACEABIO.NS,,
PANACHE.NS,,
PANAMAPET.NS,,
PANSARI.NS,,
PAR.NS,,
PARACABLES.NS,,
PARADEEP.NS,,
PARAGMILK.NS,,
PARAGON.NS,,
PARAS.NS,,
PARASPETRO.NS,,
PARIN.NS,,
PARKHOTELS.NS,,
PARSVNATH.NS,,
PARTYCRUS.NS,,
PASHUPATI.NS,,
PASUPTAC.NS,,
PATANJALI.NS,,
PATELENG.NS,,
PATINTLOG.NS,,
PATTECH.NS,,
PAVNAIND.NS,,
PAYTM.NS,,
PCBL.NS,,
PCJEWELLER.NS,,
PDMJEPAPER.NS,,
PDSL.NS,,
PEARLPOLY.NS,,
PENIND.NS,,
PENINLAND.NS,,
PENTAGON.NS,,
PERSISTENT.NS,,
PETRONET.NS,,
PFC.NS,,
PFIZER.NS,,
PFOCUS.NS,,
PFS.NS,,
PGEL.NS,,
PGHH.NS,,
PGHL.NS,,
PGIL.NS,,
PGINVIT.NS,,
PHANTOMFX.NS,,
PHOENIXLTD.NS,,
PIDILITIND.NS,,
PIGL.NS,,
PIIND.NS,,
PILANIINVS.NS,,
PILITA.NS,,
PIONEEREMB.NS,,
PITTIENG.NS,,
PIXTRANS.NS,,
PKTEA.NS,,
PLADAINFO.NS,,
PLASTIBLEN.NS,,
PLATIND.NS,,
PLAZACABLE.NS,,
PNB.NS,,
PNBHOUSING.NS,,
PNC.NS,,
PNCINFRA.NS,,
POCL.NS,,
PODDARMENT.NS,,
POKARNA.NS,,
POLICYBZR.NS,,
POLYCAB.NS,,
POLYMED.NS,,
POLYPLEX.NS,,
POLYSIL.NS,,
PONNIERODE.NS,,
POONAWALLA.NS,,
POWERGRID.NS,,
POWERINDIA.NS,,
POWERMECH.NS,,
PPAP.NS,,
PPL.NS,,
PPLPHARMA.NS,,
PRAENG.NS,,
PRAJIND.NS,,
PRAKASH.NS,,
PRAKASHSTL.NS,,
PRAMARA.NS,,
PRATHAM.NS,,
PRAXIS.NS,,
PRECAM.NS,,
PRECISION.NS,,
PRECOT.NS,,
PRECWIRE.NS,,
PREMEXPLN.NS,,
PREMIER.NS,,
PREMIERPOL.NS,,
PRESSTONIC.NS,,
PRESTIGE.NS,,
PRICOLLTD.NS,,
PRIMESECU.NS,,
PRINCEPIPE.NS,,
PRITI.NS,,
PRITIKA.NS,,
PRITIKAUTO.NS,,
PRIVISCL.NS,,
PRLIND.NS,,
PROLIFE.NS,,
PROPEQUITY.NS,,
PROV.NS,,
PROZONER.NS,,
PRSMJOHNSN.NS,,
PRUDENT.NS,,
PRUDMOULI.NS,,
PSB.NS,,
PSPPROJECT.NS,,
PTC.NS,,
PTCIL.NS,,
PTL.NS,,
PULZ.NS,,
PUNJABCHEM.NS,,
PURVA.NS,,
PURVFLEXI.NS,,
PVP.NS,,
PVRINOX.NS,,
PVSL.NS,,
PYRAMID.NS,,
QFIL.NS,,
QMSMEDI.NS,,
QUADPRO.NS,,
QUESS.NS,,
QUESTLAB.NS,,
QUICKHEAL.NS,,
QUICKTOUCH.NS,,
RACE.NS,,
RADAAN.NS,,
RADHIKAJWE.NS,,
RADIANTCMS.NS,,
RADICO.NS,,
RADIOCITY.NS,,
RADIOWALLA.NS,,
RAILTEL.NS,,
RAIN.NS,,
RAINBOW.NS,,
RAJESHEXPO.NS,,
RAJMET.NS,,
RAJRATAN.NS,,
RAJRILTD.NS,,
RAJSREESUG.NS,,
RAJTV.NS,,
RALLIS.NS,,
RAMANEWS.NS,,
RAMAPHO.NS,,
RAMASTEEL.NS,,
RAMCOCEM.NS,,
RAMCOIND.NS,,
RAMCOSYS.NS,,
RAMKY.NS,,
RAMRAT.NS,,
RANASUG.NS,,
RANEHOLDIN.NS,,
RATEGAIN.NS,,
RATNAMANI.NS,,
RATNAVEER.NS,,
RAYMOND.NS,,
RBA.NS,,
RBLBANK.NS,,
RBMINFRA.NS,,
RBS.NS,,
RBZJEWEL.NS,,
RCDL.NS,,
RCF.NS,,
RCOM.NS,,
RECLTD.NS,,
REDINGTON.NS,,
REDTAPE.NS,,
REFEX.NS,,
REFRACTORY.NS,,
REGENCERAM.NS,,
RELAXO.NS,,
RELCHEMQ.NS,,
RELIABLE.NS,,
RELIANCE.NS,,
RELIGARE.NS,,
REMSONSIND.NS,,
REMUS.NS,,
RENUKA.NS,,
REPCOHOME.NS,,
REPL.NS,,
REPRO.NS,,
RESPONIND.NS,,
REXPIPES.NS,,
RGL.NS,,
RHFL.NS,,
RHIM.NS,,
RHL.NS,,
RICOAUTO.NS,,
RIIL.NS,,
RILINFRA.NS,,
RISHABH.NS,,
RITCO.NS,,
RITES.NS,,
RITEZONE.NS,,
RKDL.NS,,
RKEC.NS,,
RKFORGE.NS,,
RKSWAMY.NS,,
RMDRIP.NS,,
RML.NS,,
ROCKINGDCE.NS,,
ROHLTD.NS,,
ROLEXRINGS.NS,,
ROLLT.NS,,
ROML.NS,,
ROSSARI.NS,,
ROSSELLIND.NS,,
ROTO.NS,,
ROUTE.NS,,
ROXHITECH.NS,,
RPGLIFE.NS,,
RPOWER.NS,,
RPPINFRA.NS,,
RPPL.NS,,
RPSGVENT.NS,,
RPTECH.NS,,
RRKABEL.NS,,
RSSOFTWARE.NS,,
RSWM.NS,,
RSYSTEMS.NS,,
RTNINDIA.NS,,
RTNPOWER.NS,,
RUBYMILLS.NS,,
RUCHINFRA.NS,,
RUCHIRA.NS,,
RULKA.NS,,
RUPA.NS,,
RUSHIL.NS,,
RUSTOMJEE.NS,,
RVHL.NS,,
RVNL.NS,,
S&SPOWER.NS,,
SAAKSHI.NS,,
SABAR.NS,,
SADBHAV.NS,,
SADBHIN.NS,,
SADHAV.NS,,
SADHNANIQ.NS,,
SAFARI.NS,,
SAGARDEEP.NS,,
SAGCEM.NS,,
SAHANA.NS,,
SAHYADRI.NS,,
SAIFL.NS,,
SAIL.NS,,
SAKAR.NS,,
SAKHTISUG.NS,,
SAKSOFT.NS,,
SAKUMA.NS,,
SALASAR.NS,,
SALONA.NS,,
SALSTEEL.NS,,
SALZERELEC.NS,,
SAMBHAAV.NS,,
SAMHI.NS,,
SAMMAANCAP.NS,,
SAMPANN.NS,,
SANCO.NS,,
SANDESH.NS,,
SANDHAR.NS,,
SANDUMA.NS,,
SANGAMIND.NS,,
SANGANI.NS,,
SANGHVIMOV.NS,,
SANGINITA.NS,,
SANOFI.NS,,
SANSERA.NS,,
SANWARIA.NS,,
SAPPHIRE.NS,,
SARDAEN.NS,,
SAREGAMA.NS,,
SARLAPOLY.NS,,
SAROJA.NS,,
SARTELE.NS,,
SARVESHWAR.NS,,
SASKEN.NS,,
SATIA.NS,,
SATIN.NS,,
SAURASHCEM.NS,,
SBC.NS,,
SBCL.NS,,
SBFC.NS,,
SBGLP.NS,,
SBICARD.NS,,
SBILIFE.NS,,
SBIN.NS,,
SCHAEFFLER.NS,,
SCHAND.NS,,
SCHNEIDER.NS,,
SCI.NS,,
SCILAL.NS,,
SCML.NS,,
SCPL.NS,,
SDBL.NS,,
SEAMECLTD.NS,,
SECMARK.NS,,
SECURKLOUD.NS,,
SEJALLTD.NS,,
SEL.NS,,
SELMC.NS,,
SEMAC.NS,,
SENCO.NS,,
SEPC.NS,,
SERVICE.NS,,
SERVOTECH.NS,,
SESHAPAPER.NS,,
SETCO.NS,,
SEYAIND.NS,,
SFL.NS,,
SGIL.NS,,
SGL.NS,,
SHAH.NS,,
SHAHALLOYS.NS,,
SHAILY.NS,,
SHAIVAL.NS,,
SHAKTIPUMP.NS,,
SHALBY.NS,,
SHALPAINTS.NS,,
SHANKARA.NS,,
SHANTHALA.NS,,
SHANTI.NS,,
SHANTIGEAR.NS,,
SHARDACROP.NS,,
SHARDAMOTR.NS,,
SHAREINDIA.NS,,
SHEETAL.NS,,
SHEKHAWATI.NS,,
SHEMAROO.NS,,
SHERA.NS,,
SHIGAN.NS,,
SHILPAMED.NS,,
SHIVALIK.NS,,
SHIVAMAUTO.NS,,
SHIVAMILLS.NS,,
SHIVATEX.NS,,
SHIVAUM.NS,,
SHK.NS,,
SHOPERSTOP.NS,,
SHRADHA.NS,,
SHREDIGCEM.NS,,
SHREECEM.NS,,
SHREEKARNI.NS,,
SHREEOSFM.NS,,
SHREEPUSHK.NS,,
SHREERAMA.NS,,
SHREMINVIT.NS,,
SHRENIK.NS,,
SHREYANIND.NS,,
SHRIPISTON.NS,,
SHRIRAMFIN.NS,,
SHRIRAMPPS.NS,,
SHRITECH.NS,,
SHUBHLAXMI.NS,,
SHYAMCENT.NS,,
SHYAMMETL.NS,,
SHYAMTEL.NS,,
SICALLOG.NS,,
SIDDHIKA.NS,,
SIEMENS.NS,,
SIGACHI.NS,,
SIGIND.NS,,
SIGMA.NS,,
SIGMAADV.NS,,
SIGNATURE.NS,,
SIGNORIA.NS,,
SIGNPOST.NS,,
SIKKO.NS,,
SIL.NS,,
SILGO.NS,,
SILINV.NS,,
SILKFLEX.NS,,
SILLYMONKS.NS,,
SIMPLEXINF.NS,,
SINCLAIR.NS,,
SINDHUTRAD.NS,,
SINTERCOM.NS,,
SIRCA.NS,,
SIS.NS,,
SITINET.NS,,
SIYSIL.NS,,
SJLOGISTIC.NS,,
SJS.NS,,
SJVN.NS,,
SKFINDIA.NS,,
SKIPPER.NS,,
SKMEGGPROD.NS,,
SKP.NS,,
SKYGOLD.NS,,
SLONE.NS,,
SMARTLINK.NS,,
SMCGLOBAL.NS,,
SMLMAH.NS,,
SMLT.NS,,
SMSPHARMA.NS,,
SMVD.NS,,
SNOWMAN.NS,,
SOBHA.NS,,
SOFTTECH.NS,,
SOLARA.NS,,
SOLARINDS.NS,,
SOLEX.NS,,
SOMANYCERA.NS,,
SOMATEX.NS,,
SOMICONVEY.NS,,
SONACOMS.NS,,
SONAMAC.NS,,
SONAMLTD.NS,,
SONATSOFTW.NS,,
SONUINFRA.NS,,
SOTAC.NS,,
SOTL.NS,,
SOUTHBANK.NS,,
SOUTHWEST.NS,,
SPAL.NS,,
SPANDANA.NS,,
SPARC.NS,,
SPCENET.NS,,
SPECIALITY.NS,,
SPECTRUM.NS,,
SPECTSTM.NS,,
SPENCERS.NS,,
SPIC.NS,,
SPLIL.NS,,
SPLPETRO.NS,,
SPMLINFRA.NS,,
SPORTKING.NS,,
SPRL.NS,,
SREEL.NS,,
SRF.NS,,
SRGHFL.NS,,
SRHHYPOLTD.NS,,
SRIVASAVI.NS,,
SRM.NS,,
SSFL.NS,,
SSWL.NS,,
STAR.NS,,
STARCEMENT.NS,,
STARHEALTH.NS,,
STARPAPER.NS,,
STARTECK.NS,,
STCINDIA.NS,,
STEELCAS.NS,,
STEELCITY.NS,,
STEELXIND.NS,,
STEL.NS,,
STERTOOLS.NS,,
STLTECH.NS,,
STOVEKRAFT.NS,,
STYLAMIND.NS,,
STYRENIX.NS,,
SUBEXLTD.NS,,
SUBROS.NS,,
SUDARCOLOR.NS,,
SUDARSCHEM.NS,,
SUKHJITS.NS,,
SULA.NS,,
SUMEETINDS.NS,,
SUMICHEM.NS,,
SUMIT.NS,,
SUMMITSEC.NS,,
SUNCLAY.NS,,
SUNDARAM.NS,,
SUNDARMFIN.NS,,
SUNDRMBRAK.NS,,
SUNDRMFAST.NS,,
SUNDROP.NS,,
SUNFLAG.NS,,
SUNPHARMA.NS,,
SUNREST.NS,,
SUNTECK.NS,,
SUNTV.NS,,
SUPERHOUSE.NS,,
SUPERSPIN.NS,,
SUPRAJIT.NS,,
SUPREMEENG.NS,,
SUPREMEIND.NS,,
SUPREMEINF.NS,,
SUPREMEPWR.NS,,
SUPRIYA.NS,,
SURAJEST.NS,,
SURANASOL.NS,,
SURANAT&P.NS,,
SURANI.NS,,
SURYALAXMI.NS,,
SURYAROSNI.NS,,
SURYODAY.NS,,
SUTLEJTEX.NS,,
SUVEN.NS,,
SUVIDHAA.NS,,
SUZLON.NS,,
SVLL.NS,,
SVPGLOB.NS,,
SWANCORP.NS,,
SWANDEF.NS,,
SWARAJ.NS,,
SWARAJENG.NS,,
SWASTIK.NS,,
SWELECTES.NS,,
SWSOLAR.NS,,
SYMPHONY.NS,,
SYNCOMF.NS,,
SYNGENE.NS,,
SYNOPTICS.NS,,
SYRMA.NS,,
SYSTANGO.NS,,
TAC.NS,,
TAINWALCHM.NS,,
TAJGVK.NS,,
TAKE.NS,,
TALBROAUTO.NS,,
TANLA.NS,,
TAPIFRUIT.NS,,
TARACHAND.NS,,
TARAPUR.NS,,
TARC.NS,,
TARIL.NS,,
TARMAT.NS,,
TARSONS.NS,,
TASTYBITE.NS,,
TATACHEM.NS,,
TATACOMM.NS,,
TATACONSUM.NS,,
TATAELXSI.NS,,
TATAINVEST.NS,,
TATAPOWER.NS,,
TATASTEEL.NS,,
TATATECH.NS,,
TATSILV.NS,,
TATVA.NS,,
TBOTEK.NS,,
TBZ.NS,,
TCI.NS,,
TCIEXP.NS,,
TCIFINANCE.NS,,
TCL.NS,,
TCPLPACK.NS,,
TCS.NS,,
TDPOWERSYS.NS,,
TEAMGTY.NS,,
TEAMLEASE.NS,,
TECHLABS.NS,,
TECHM.NS,,
TECHNOE.NS,,
TECILCHEM.NS,,
TEGA.NS,,
TEJASNET.NS,,
TEMBO.NS,,
TERASOFT.NS,,
TEXINFRA.NS,,
TEXMOPIPES.NS,,
TEXRAIL.NS,,
TFCILTD.NS,,
TFL.NS,,
TGBHOTELS.NS,,
TGL.NS,,
THANGAMAYL.NS,,
THEINVEST.NS,,
THEJO.NS,,
THEMISMED.NS,,
THERMAX.NS,,
THOMASCOOK.NS,,
THOMASCOTT.NS,,
THYROCARE.NS,,
TI.NS,,
TICL.NS,,
TIIL.NS,,
TIINDIA.NS,,
TIJARIA.NS,,
TIL.NS,,
TIMESCAN.NS,,
TIMETECHNO.NS,,
TIMKEN.NS,,
TIPSFILMS.NS,,
TIPSMUSIC.NS,,
TIRUMALCHM.NS,,
TIRUPATI.NS,,
TIRUPATIFL.NS,,
TITAGARH.NS,,
TITAN.NS,,
TMB.NS,,
TMPV.NS,,
TNPETRO.NS,,
TNPL.NS,,
TNTELE.NS,,
TOKYOPLAST.NS,,
TORNTPHARM.NS,,
TORNTPOWER.NS,,
TOTAL.NS,,
TOUCHWOOD.NS,,
TPHQ.NS,,
TPLPLASTEH.NS,,
TRACXN.NS,,
TRANSTEEL.NS,,
TRANSWIND.NS,,
TRANSWORLD.NS,,
TREEHOUSE.NS,,
TREJHARA.NS,,
TREL.NS,,
TRENT.NS,,
TRF.NS,,
TRIDENT.NS,,
TRIDHYA.NS,,
TRIGYN.NS,,
TRITURBINE.NS,,
TRIVENI.NS,,
TRU.NS,,
TRUST.NS,,
TSFINV.NS,,
TTKHLTCARE.NS,,
TTKPRESTIG.NS,,
TTL.NS,,
TTML.NS,,
TVSELECT.NS,,
TVSHLTD.NS,,
TVSMOTOR.NS,,
TVSSCS.NS,,
TVSSRICHAK.NS,,
TVTODAY.NS,,
TVVISION.NS,,
UBL.NS,,
UCAL.NS,,
UCL.NS,,
UCOBANK.NS,,
UDS.NS,,
UEL.NS,,
UFBL.NS,,
UFLEX.NS,,
UFO.NS,,
UGARSUGAR.NS,,
UGROCAP.NS,,
UJJIVANSFB.NS,,
ULTRACEMCO.NS,,
UMA.NS,,
UMAEXPORTS.NS,,
UMESLTD.NS,,
UMIYA-MRO.NS,,
UNICHEMLAB.NS,,
UNIDT.NS,,
UNIENTER.NS,,
UNIHEALTH.NS,,
UNIINFO.NS,,
UNIONBANK.NS,,
UNIPARTS.NS,,
UNITDSPR.NS,,
UNITECH.NS,,
UNITEDPOLY.NS,,
UNITEDTEA.NS,,
UNIVASTU.NS,,
UNIVCABLES.NS,,
UNIVPHOTO.NS,,
UNOMINDA.NS,,
UPL.NS,,
URAVIDEF.NS,,
URBAN.NS,,
URJA.NS,,
USASEEDS.NS,,
USHAMART.NS,,
USK.NS,,
UTIAMC.NS,,
UTKARSHBNK.NS,,
UTTAMSUGAR.NS,,
UWCSL.NS,,
V2RETAIL.NS,,
VADILALIND.NS,,
VAIBHAVGBL.NS,,
VAISHALI.NS,,
VAKRANGEE.NS,,
VALIANTLAB.NS,,
VALIANTORG.NS,,
VARDHACRLC.NS,,
VARDMNPOLY.NS,,
VARROC.NS,,
VASA.NS,,
VASCONEQ.NS,,
VASWANI.NS,,
VBL.NS,,
VCL.NS,,
VEDL.NS,,
VEEDOL.NS,,
VEEKAYEM.NS,,
VELS.NS,,
VENKEYS.NS,,
VENUSPIPES.NS,,
VENUSREM.NS,,
VERA.NS,,
VERANDA.NS,,
VERITAAS.NS,,
VERTEXPLUS.NS,,
VERTOZ.NS,,
VESUVIUS.NS,,
VETO.NS,,
VGL.NS,,
VGUARD.NS,,
VHL.NS,,
VHLTD.NS,,
VIAZ.NS,,
VIDHIING.NS,,
VIJAYA.NS,,
VIJIFIN.NS,,
VIKASECO.NS,,
VIKASLIFE.NS,,
VILAS.NS,,
VILINBIO.NS,,
VIMTALABS.NS,,
VINATIORGA.NS,,
VINDHYATEL.NS,,
VINEETLAB.NS,,
VINNY.NS,,
VINSYS.NS,,
VINYAS.NS,,
VINYLINDIA.NS,,
VIPCLOTHNG.NS,,
VIPIND.NS,,
VIPULLTD.NS,,
VIRINCHI.NS,,
VISAKAIND.NS,,
VISASTEEL.NS,,
VISHNU.NS,,
VISHNUINFR.NS,,
VISHWARAJ.NS,,
VISHWAS.NS,,
VITAL.NS,,
VIVIANA.NS,,
VIVIDHA.NS,,
VIVIMEDLAB.NS,,
VIVO.NS,,
VIYASH.NS,,
VLEGOV.NS,,
VLSFINANCE.NS,,
VMARCIND.NS,,
VMART.NS,,
VOLTAMP.NS,,
VOLTAS.NS,,
VPRPL.NS,,
VR.NS,,
VRLLOG.NS,,
VSCL.NS,,
VSSL.NS,,
VSTIND.NS,,
VSTL.NS,,
VSTTILLERS.NS,,
VTL.NS,,
WAAREEINDO.NS,,
WABAG.NS,,
WALCHANNAG.NS,,
WALPAR.NS,,
WANBURY.NS,,
WEALTH.NS,,
WEBELSOLAR.NS,,
WEIZMANIND.NS,,
WEL.NS,,
WELCORP.NS,,
WELENT.NS,,
WELINV.NS,,
WELSPUNLIV.NS,,
WENDT.NS,,
WESTLIFE.NS,,
WEWIN.NS,,
WHEELS.NS,,
WHIRLPOOL.NS,,
WILLAMAGOR.NS,,
WINDLAS.NS,,
WINDMACHIN.NS,,
WINSOL.NS,,
WINSOME.NS,,
WIPL.NS,,
WIPRO.NS,,
WOCKPHARMA.NS,,
WOMANCART.NS,,
WONDERLA.NS,,
WORTHPERI.NS,,
WSI.NS,,
WSTCSTPAPR.NS,,
WTICAB.NS,,
XCHANGING.NS,,
XELPMOC.NS,,
XPROINDIA.NS,,
YASHO.NS,,
YASHOPTICS.NS,,
YATHARTH.NS,,
YATRA.NS,,
YCCL.NS,,
YESBANK.NS,,
YUDIZ.NS,,
YUKEN.NS,,
ZAGGLE.NS,,
ZEAL.NS,,
ZEEL.NS,,
ZEELEARN.NS,,
ZEEMEDIA.NS,,
ZENITHDRUG.NS,,
ZENITHEXPO.NS,,
ZENITHSTL.NS,,
ZENSARTECH.NS,,
ZENTEC.NS,,
ZFCVINDIA.NS,,
ZIMLAB.NS,,
ZODIAC.NS,,
ZODIACLOTH.NS,,
ZOTA.NS,,
ZUARI.NS,,
ZUARIIND.NS,,
ZYDUSLIFE.NS,,
ZYDUSWELL.NS,,
