Symbol,Volatility_252D,ATR_Pct
20MICRONS,0.5365,0.0199
21STCENMGM,0.2574,0.0149
360ONE,0.3892,0.0123
3IINFOLTD,0.5858,0.0144
3MINDIA,0.3029,0.0094
3PLAND,0.5373,0.0205
5PAISA,0.4697,0.0135
63MOONS,0.5456,0.0102
A2ZINFRA,0.5641,0.0162
AAATECH,0.5217,0.0119
AADHARHFC,0.3387,0.0182
AAKASH,0.5104,0.0214
AAREYDRUGS,0.5033,0.0172
AARON,0.501,0.0118
AARTECH,0.5376,0.0244
AARTIDRUGS,0.4232,0.011
AARTIIND,0.3614,0.0248
AARTIPHARM,0.4476,0.0197
AARTISURF,0.4692,0.0159
AARVI,0.535,0.0197
AATMAJ,0.5816,0.0177
AAVAS,0.3649,0.0172
ABAN,0.5309,0.0071
ABB,0.3326,0.0122
ABBOTINDIA,0.2532,0.0091
ABCAPITAL,0.3923,0.019
ABCOTS,0.5283,0.0328
ABDL,0.4115,0.0215
ABFRL,0.4729,0.0148
ABGSEC,0.0725,0.0039
ABINFRA,0.4851,0.033
ABMINTLLTD,0.5598,0.023
ABREL,0.4577,0.0193
ABSLAMC,0.3121,0.023
ABSMARINE,0.5836,0.0197
ACC,0.2967,0.0092
ACCELYA,0.343,0.0091
ACCENTMIC,0.4799,0.016
ACCORD,0.4224,0.0391
ACCURACY,0.5439,0.017
ACE,0.4986,0.0153
ACEINTEG,0.4501,0.037
ACI,0.3689,0.0141
ACL,0.5449,0.0095
ACMESOLAR,0.4689,0.0252
ACUTAAS,0.4517,0.0215
ADANIENSOL,0.5247,0.017
ADANIENT,0.5042,0.0123
ADANIGREEN,0.5222,0.0188
ADANIPORTS,0.3888,0.0097
ADANIPOWER,0.5368,0.0176
ADFFOODS,0.4753,0.023
ADL,0.4794,0.0192
ADOR,0.4347,0.0153
ADROITINFO,0.5432,0.0097
ADSL,0.5642,0.0177
ADVANIHOTR,0.4477,0.0122
ADVENZYMES,0.418,0.0131
AEGISLOG,0.498,0.026
AEGISVOPAK,0.4489,0.0268
AEROENTER,0.5133,0.0347
AEROFLEX,0.5235,0.0478
AERONEU,0.4944,0.0143
AETHER,0.322,0.0105
AFCONS,0.3569,0.018
AFFLE,0.3967,0.0146
AFFORDABLE,0.5088,0.0183
AFIL,0.5456,0.0241
AFSL,0.4253,0.0004
AGARIND,0.5497,0.0533
AGARWALEYE,0.3012,0.0116
AGARWALFT,0.5069,0.021
AGI,0.5436,0.0193
AGIIL,0.5417,0.0243
AGNI,0.6386,0.024
AGRITECH,0.57,0.0537
AGROPHOS,0.613,0.0081
AGUL,0.5729,0.0
AHIMSA,0.263,0.0
AHLADA,0.5415,0.0154
AHLEAST,0.423,0.0087
AHLUCONT,0.4128,0.0166
AHLWEST,0.2998,0.0188
AIAENG,0.3043,0.0135
AIIL,0.5384,0.0253
AILIMITED,0.5361,0.0249
AIMTRON,0.5778,0.0272
AIRAN,0.5371,0.0146
AIROLAM,0.5606,0.0188
AISL,0.5018,0.0215
AJANTPHARM,0.3111,0.0093
AJAXENGG,0.3796,0.016
AJMERA,0.5464,0.043
AJOONI,0.5113,0.0151
AKASH,0.5698,0.0151
AKG,0.534,0.0134
AKI,0.5222,0.0133
AKIKO,0.5404,0.0319
AKSHAR,0.5365,0.0048
AKSHARCHEM,0.5165,0.0471
AKSHOPTFBR,0.5676,0.028
AKUMS,0.4091,0.0204
ALANKIT,0.4986,0.0129
ALBERTDAVD,0.4144,0.0126
ALEMBICLTD,0.4348,0.0156
ALICON,0.4773,0.0125
ALIVUS,0.3261,0.0113
ALKALI,0.5728,0.0248
ALKEM,0.2562,0.0052
ALKYLAMINE,0.4138,0.025
ALLCARGO,0.5269,0.0174
ALLDIGI,0.4477,0.0051
ALLETEC,0.5624,0.0253
ALMONDZ,0.5311,0.0208
ALOKINDS,1.712,0.016
ALPA,0.569,0.0119
ALPEXSOLAR,0.6224,0.0176
ALPHA,0.207,0.0122
ALPHAGEO,0.5476,0.0225
ALUWIND,0.5151,0.0132
AMBER,0.4626,0.0161
AMBEY,0.5813,0.0247
AMBICAAGAR,0.4851,0.0206
AMBIKCO,0.3875,0.0138
AMBUJACEM,0.3386,0.0126
AMDIND,0.608,0.0137
AMEYA,0.5728,0.0112
AMIABLE,0.5618,0.0132
AMJLAND,0.5251,0.016
AMNPLST,0.5649,0.0285
AMRUTANJAN,0.3489,0.0118
ANANDRATHI,0.2962,0.01
ANANTRAJ,0.5599,0.0248
ANDHRAPAP,0.3834,0.009
ANDHRSUGAR,0.418,0.0201
ANGELONE,0.5225,0.02
ANIKINDS,0.5592,0.0164
ANKITMETAL,0.6295,0.0142
ANLON,0.6129,0.0198
ANMOL,0.4656,0.0192
ANNAPURNA,0.5162,0.0193
ANSALAPI,0.4946,0.0164
ANTELOPUS,0.5556,0.0322
ANTGRAPHIC,0.567,0.0115
ANUHPHR,0.3892,0.0166
ANUP,0.4853,0.0254
ANURAS,0.3053,0.0117
AONETOTAL,0.1445,0.0063
APARINDS,0.4808,0.027
APCL,0.4557,0.0205
APCOTEXIND,0.4581,0.0217
APEX,0.5199,0.0246
APLAPOLLO,0.3866,0.0096
APLLTD,0.3452,0.0088
APOLLO,0.5847,0.0353
APOLLOHOSP,0.3135,0.0071
APOLLOPIPE,0.441,0.0232
APOLLOTYRE,0.3549,0.0173
APOLSINHOT,0.5229,0.0183
APS,0.5986,0.0161
APTECHT,0.5134,0.028
APTUS,0.3679,0.0147
AQYLON,0.6849,0.0307
ARABIAN,0.4479,0.0202
ARCHIDPLY,0.5828,0.0131
ARCHIES,0.5353,0.0113
ARE&M,0.342,0.0138
ARENTERP,0.6142,0.0151
ARIES,0.5136,0.0134
ARIHANT,3.0,0.021
ARIHANTACA,0.5303,0.0057
ARIHANTCAP,0.5464,0.0233
ARIHANTSUP,0.4996,0.0149
ARISTO,0.6161,0.0209
ARKADE,0.4141,0.007
ARMANFIN,0.5031,0.0153
AROGRANITE,0.5187,0.0129
ARROWGREEN,0.5887,0.0266
ARSHIYA,0.5795,0.0184
ARTEMISMED,0.4768,0.0129
ARTNIRMAN,0.5107,0.0198
ARVEE,0.5876,0.0174
ARVIND,0.4924,0.015
ARVINDFASN,0.4501,0.0143
ARVSMART,0.4928,0.014
ASAHIINDIA,0.4204,0.0127
ASAHISONG,0.5189,0.021
ASAL,0.5478,0.0151
ASALCBR,0.4384,0.0089
ASCOM,0.3805,0.0103
ASHAPURMIN,0.5702,0.0204
ASHIANA,0.44,0.0151
ASHIMASYN,0.5954,0.0121
ASHOKA,0.4748,0.0241
ASHOKAMET,0.5237,0.0086
ASHOKLEY,0.4017,0.0209
ASIANENE,0.521,0.0211
ASIANHOTNR,0.468,0.0106
ASIANPAINT,0.2538,0.0076
ASIANTILES,0.4904,0.012
ASKAUTOLTD,0.3603,0.0128
ASMS,0.9883,0.0227
ASPINWALL,0.5307,0.0168
ASPIRE,0.6161,0.024
ASTEC,0.4922,0.0172
ASTERDM,0.4026,0.0172
ASTRAL,0.3526,0.0101
ASTRAMICRO,0.4761,0.0249
ASTRAZEN,0.3779,0.0108
ASTRON,0.4796,0.0126
ATALREAL,0.5454,0.0437
ATAM,0.4911,0.0121
ATGL,0.5566,0.0209
ATHERENERG,0.4656,0.0225
ATL,0.4993,0.009
ATLANTAA,0.5702,0.0143
ATLASCYCLE,0.6087,0.0176
ATMASTCO,0.6336,0.0139
ATUL,0.2997,0.0085
ATULAUTO,0.4714,0.0149
AUBANK,0.392,0.013
AURIGROW,0.5951,0.032
AURIONPRO,0.5671,0.0283
AUROIMPEX,0.6405,0.0142
AUROPHARMA,0.3667,0.0126
AURUM,0.6331,0.0179
AUSOMENT,0.6086,0.0198
AUTOAXLES,0.4062,0.0164
AUTOIND,0.5404,0.0201
AVADHSUGAR,0.5028,0.0157
AVALON,0.4947,0.0287
AVANTEL,0.5233,0.0253
AVANTIFEED,0.4403,0.0218
AVG,0.5246,0.0293
AVL,0.4079,0.0258
AVONMORE,0.5127,0.0229
AVPINFRA,0.6137,0.0167
AVROIND,0.4961,0.0308
AVSL,0.2921,0.0
AVTNPL,0.4422,0.0165
AWFIS,0.4836,0.0128
AWHCL,0.463,0.0153
AWL,0.4408,0.0135
AXISBANK,0.3409,0.0101
AXISCADES,0.5695,0.028
AXITA,0.4529,0.0077
AYMSYNTEX,0.5325,0.0122
AZAD,0.47,0.0227
BABAFP,0.5423,0.0439
BAFNAPH,0.4637,0.0574
BAGFILMS,0.5452,0.0119
BAHETI,0.5396,0.019
BAIDFIN,0.496,0.0111
BAJAJ-AUTO,0.2698,0.0056
BAJAJCON,0.3873,0.0188
BAJAJELEC,0.3677,0.0149
BAJAJFINSV,0.3351,0.0136
BAJAJHCARE,0.4876,0.0195
BAJAJHFL,0.3044,0.0117
BAJAJHIND,0.5509,0.0192
BAJAJHLDNG,0.3419,0.0151
BAJAJINDEF,0.5916,0.0231
BAJEL,0.543,0.0181
BAJFINANCE,0.3627,0.0139
BALAJEE,0.4422,0.0108
BALAJITELE,0.5349,0.0162
BALAMINES,0.4939,0.0416
BALAXI,0.5202,0.0156
BALKRISHNA,0.5396,0.0139
BALKRISIND,0.3351,0.0229
BALMLAWRIE,0.3741,0.0138
BALPHARMA,0.5296,0.0158
BALRAMCHIN,0.4248,0.0169
BALUFORGE,0.6008,0.0196
BANARBEADS,0.5238,0.0132
BANARISUG,0.3484,0.0026
BANCOINDIA,0.5138,0.0196
BANDHANBNK,0.4745,0.02
BANG,0.573,0.0361
BANKA,0.5234,0.0151
BANKBARODA,0.3919,0.0156
BANKINDIA,0.4231,0.0146
BANSALWIRE,0.3744,0.0198
BANSWRAS,0.4769,0.0257
BASF,0.396,0.0158
BASILIC,0.568,0.0136
BASML,0.5143,0.0189
BATAINDIA,0.2811,0.0238
BAWEJA,0.6491,0.0272
BAYERCROP,0.283,0.0096
BBL,0.4573,0.0122
BBOX,0.5166,0.0225
BBTC,0.4127,0.0126
BBTCL,0.4462,0.0251
BCG,0.7296,0.0351
BCLIND,0.5092,0.0218
BCONCEPTS,0.5172,0.0169
BDL,0.4695,0.0195
BEACON,0.6488,0.0232
BEARDSELL,0.5815,0.0226
BECTORFOOD,0.3839,0.0125
BEDMUTHA,0.5211,0.0161
BEL,0.3647,0.0095
BELRISE,0.4015,0.0205
BEML,0.4766,0.0112
BEPL,0.4599,0.0179
BERGEPAINT,0.2715,0.0169
BESTAGRO,0.5509,0.0138
BEWLTD,0.6725,0.0367
BFINVEST,0.4897,0.0148
BFSI,0.1637,0.0075
BFUTILITIE,0.5205,0.0318
BGRENERGY,0.6161,0.0187
BHAGCHEM,0.4317,0.039
BHAGERIA,0.4627,0.0383
BHAGYANGR,0.5782,0.0426
BHANDARI,0.5997,0.0116
BHARATFORG,0.3692,0.0112
BHARATGEAR,0.5248,0.0315
BHARATRAS,0.426,0.0152
BHARATSE,0.5869,0.0227
BHARATWIRE,0.5632,0.0241
BHARTIARTL,0.2684,0.009
BHARTIHEXA,0.3838,0.0112
BHEL,0.4719,0.02
BIGBLOC,0.5473,0.0173
BIKAJI,0.3352,0.0101
BIL,0.525,0.019
BIOCON,0.326,0.0083
BIOFILCHEM,0.5855,0.0146
BIRDYS,0.4759,0.0178
BIRET,0.1753,0.0013
BIRLACABLE,0.5718,0.0427
BIRLACORPN,0.3934,0.0182
BIRLAMONEY,0.5098,0.0232
BIRLANU,0.4199,0.0255
BLACKBUCK,0.5207,0.0139
BLAL,0.4097,0.0077
BLBLIMITED,0.6048,0.0129
BLISSGVS,0.4994,0.0258
BLKASHYAP,0.5246,0.0143
BLS,0.551,0.0138
BLSE,0.4615,0.0127
BLUECHIP,1.1622,0.0071
BLUECOAST,0.3869,0.0162
BLUEDART,0.334,0.0105
BLUEJET,0.4769,0.0232
BLUEPEBBLE,0.6441,0.04
BLUESTARCO,0.3448,0.0161
BLUSPRING,0.567,0.053
BMETRICS,0.6262,0.012
BODALCHEM,0.4567,0.0221
BOHRAIND,0.5362,0.0335
BOMDYEING,0.5066,0.0171
BORANA,0.3968,0.0159
BOROLTD,0.4389,0.0104
BORORENEW,0.5295,0.0267
BOROSCI,0.4625,0.0093
BOSCH-HCIL,0.3984,0.0226
BOSCHLTD,0.3057,0.013
BPCL,0.3357,0.0162
BPL,0.5747,0.0146
BRIGADE,0.4089,0.0176
BRITANNIA,0.2327,0.0073
BRNL,0.5397,0.0105
BROOKS,0.596,0.0177
BSE,0.4859,0.0191
BSHSL,0.4956,0.015
BSL,0.555,0.0126
BSOFT,0.4331,0.016
BTML,0.5556,0.0121
BUTTERFLY,0.4777,0.0146
BVCL,0.4973,0.0186
BYKE,0.5712,0.0211
CADSYS,0.5393,0.0
CALSOFT,0.6115,0.0386
CAMLINFINE,0.5166,0.0357
CAMPUS,0.3506,0.0148
CAMS,0.35,0.0196
CANARYS,0.5846,0.024
CANBK,0.403,0.0153
CANFINHOME,0.3676,0.0093
CANTABIL,0.4358,0.014
CAPACITE,0.4942,0.024
CAPITALSFB,0.2924,0.014
CAPLIPOINT,0.448,0.0235
CAPTRUST,0.6253,0.0261
CARBORUNIV,0.3514,0.0243
CARERATING,0.4069,0.0127
CARRARO,0.5481,0.0165
CARTRADE,0.494,0.0418
CARYSIL,0.4877,0.0295
CASTROLIND,0.3247,0.0033
CBAZAAR,0.5739,0.0136
CCAVENUE,0.4894,0.0153
CCCL,2.7662,0.0123
CCHHL,0.541,0.0116
CCL,0.3753,0.0195
CDSL,0.3974,0.0156
CEATLTD,0.3816,0.0166
CEIGALL,0.3296,0.0175
CELEBRITY,0.5825,0.0178
CELLECOR,0.8176,0.0263
CELLO,0.3023,0.0114
CELLPOINT,0.4565,0.0261
CEMPRO,0.5205,0.0384
CENTENKA,0.4165,0.021
CENTEXT,0.6504,0.009
CENTRALBK,0.4784,0.0179
CENTRUM,0.5465,0.0083
CENTUM,0.567,0.0206
CENTURYPLY,0.3556,0.0103
CERA,0.3309,0.0168
CEREBRAINT,0.5174,0.0279
CESC,0.3484,0.0103
CEWATER,0.5488,0.0411
CGCL,0.5242,0.0141
CGPOWER,0.4265,0.0138
CGRAPHICS,0.5862,0.0123
CHALET,0.4088,0.0161
CHAMBLFERT,0.4003,0.0168
CHAVDA,0.5548,0.0117
CHEMBOND,0.5066,0.0208
CHEMCON,0.404,0.0272
CHEMFAB,0.5262,0.0146
CHEMPLASTS,0.4164,0.0264
CHENNPETRO,0.5404,0.026
CHEVIOT,0.2962,0.0109
CHOICEIN,0.2849,0.0171
CHOLAFIN,0.4371,0.02
CHOLAHLDNG,0.3541,0.0175
CIEINDIA,0.3967,0.0157
CIFL,0.4182,0.0155
CINELINE,0.5423,0.0114
CINEVISTA,0.5706,0.0181
CIPLA,0.2648,0.0065
CLEAN,0.3308,0.013
CLEDUCATE,0.5642,0.0282
CLSEL,0.4649,0.0225
CLSL,0.5015,0.0111
CMNL,0.5891,0.0231
CMRSL,0.5844,0.0263
CMSINFO,0.3168,0.0092
CNL,0.4915,0.0234
COALINDIA,0.3165,0.0106
COASTCORP,0.5513,0.024
COCHINSHIP,0.4739,0.0199
COFFEEDAY,0.6607,0.031
COFORGE,0.4327,0.0186
COHANCE,0.4154,0.0116
COLPAL,0.2318,0.012
COMMITTED,0.5281,0.0225
COMPINFO,0.5747,0.0213
COMPUSOFT,0.5997,0.0115
COMSYN,0.4439,0.0204
CONCOR,0.3602,0.0119
CONCORDBIO,0.4358,0.0284
CONFIPET,0.5129,0.0289
CONS,0.4965,0.0073
CONSOFINVT,0.5231,0.0139
CONSUMER,0.1942,0.0095
CONTI,0.511,0.0061
CONTROLPR,0.4098,0.0105
COOLCAPS,0.6961,0.0277
CORALFINAC,0.5841,0.0091
CORDSCABLE,0.5461,0.0206
COROMANDEL,0.308,0.0223
COSMOFIRST,0.4837,0.02
COUNCODOS,0.5954,0.0131
CPCAP,0.4994,0.0167
CPS,0.5186,0.0259
CRAFTSMAN,0.3705,0.018
CRAYONS,0.6198,0.0243
CREATIVEYE,0.5824,0.0202
CREDITACC,0.448,0.0169
CREST,0.5039,0.0185
CRISIL,0.3319,0.0143
CROMPTON,0.3146,0.0153
CROWN,0.4412,0.0152
CSBBANK,0.3871,0.0137
CSLFINANCE,0.4699,0.0084
CTE,0.6073,0.0174
CUB,0.3653,0.0174
CUBEXTUB,0.6,0.012
CUMMINSIND,0.3243,0.0096
CUPID,0.4907,0.0237
CURAA,0.2491,0.0407
CYBERMEDIA,0.5523,0.0191
CYBERTECH,3.0,0.0219
CYIENT,0.3939,0.017
CYIENTDLM,0.4085,0.0234
DABUR,0.2301,0.0101
DALBHARAT,0.3427,0.0124
DALMIASUG,0.4924,0.0133
DAMCAPITAL,0.4959,0.0213
DAMODARIND,0.5443,0.024
DANGEE,0.5495,0.013
DATAMATICS,0.5603,0.0195
DATAPATTNS,0.5026,0.036
DAVANGERE,0.5282,0.0133
DBCORP,0.4232,0.008
DBEIL,0.4636,0.0215
DBL,0.4661,0.0132
DBOL,0.4324,0.0171
DBREALTY,0.6097,0.0253
DBSTOCKBRO,0.5606,0.0306
DCAL,0.5726,0.0237
DCBBANK,0.3929,0.0117
DCG,0.5562,0.0216
DCI,0.4936,0.0094
DCM,0.5278,0.0244
DCMFINSERV,0.5407,0.0149
DCMNVL,0.5163,0.019
DCMSHRIRAM,0.4289,0.0098
DCMSRIND,0.5545,0.0175
DCW,0.5405,0.0249
DCXINDIA,0.5112,0.0282
DDEVPLSTIK,0.5018,0.0186
DECCANCE,0.4014,0.011
DEEDEV,0.5386,0.0371
DEEM,0.623,0.0339
DEEPAKFERT,0.4926,0.0168
DEEPAKNTR,0.3866,0.0138
DEEPINDS,0.5267,0.0184
DELAPLEX,0.5432,0.0294
DELHIVERY,0.3773,0.0092
DELPHIFX,0.5716,0.0436
DELTACORP,0.4698,0.019
DELTAMAGNT,0.5847,0.0239
DEN,0.4428,0.0258
DENEERS,0.535,0.0276
DENORA,0.5604,0.024
DENTA,0.5407,0.018
DENTALKART,0.5281,0.0165
DESTINY,0.5411,0.0
DEVIT,0.5495,0.0186
DEVYANI,0.3725,0.0156
DGCONTENT,0.5499,0.0277
DHAMPURSUG,0.462,0.0122
DHANBANK,0.4972,0.0223
DHANLAXMI,0.6141,0.0244
DHANUKA,0.3721,0.0111
DHARMAJ,0.4475,0.0104
DHRUV,0.5046,0.0204
DHTL,0.6029,0.0159
DHUNINV,0.5304,0.0182
DIACABS,0.7022,0.0335
DIAMINESQ,0.4399,0.0108
DIAMONDYD,0.3744,0.0162
DICIND,0.357,0.0176
DIFFNKG,0.5508,0.0175
DIGIDRIVE,0.476,0.0147
DIGIKORE,0.6839,0.0336
DIGISPICE,0.5609,0.0092
DIGITIDE,0.4998,0.0276
DIGJAMLMTD,0.5798,0.0214
DISHTV,0.5813,0.0179
DIVGIITTS,0.3891,0.0188
DIVISLAB,0.285,0.0098
DIXON,0.4091,0.0189
DJML,0.461,0.0275
DKEGL,0.6518,0.014
DLF,0.3868,0.021
DLINKINDIA,0.5041,0.0142
DMART,0.3026,0.0124
DMCC,0.4891,0.0187
DNAMEDIA,0.7429,0.0121
DODLA,0.3649,0.0064
DOLATALGO,0.5172,0.0123
DOLLAR,0.4441,0.0127
DOLLEX,0.4487,0.017
DOLPHIN,0.4215,0.0066
DOMS,0.3727,0.0151
DONEAR,0.5045,0.0104
DPABHUSHAN,0.4989,0.0088
DPEL,0.554,0.0058
DPSCLTD,0.5683,0.0127
DPWIRES,0.5596,0.0131
DRCSYSTEMS,0.5646,0.0122
DREAMFOLKS,0.4351,0.0179
DREDGECORP,0.5162,0.0298
DRONE,0.5612,0.0167
DRREDDY,0.2485,0.0045
DRSDILIP,0.4048,0.0057
DSSL,0.6625,0.0371
DTIL,0.4536,0.0116
DTL,0.6054,0.019
DUCOL,0.5217,0.0272
DUCON,0.5818,0.0245
DUGLOBAL,0.608,0.0348
DURLAX,0.5142,0.0228
DVL,0.4903,0.011
DWARKESH,0.4744,0.0139
DYCL,0.5703,0.0257
DYNAMATECH,0.5024,0.0167
DYNAMIC,0.6147,0.0343
DYNPRO,0.5294,0.0149
E2E,0.552,0.0437
EASEMYTRIP,0.5362,0.0343
EASTSILK,3.0,0.0162
ECAPINSURE,0.2158,0.0109
ECLERX,0.4264,0.0226
ECOSMOBLTY,0.5903,0.0207
EDELWEISS,0.5081,0.0244
EFACTOR,0.674,0.0172
EFFWA,0.5275,0.0262
EFORCE,0.549,0.0358
EICHERMOT,0.2988,0.0099
EIDPARRY,0.4004,0.0151
EIEL,0.5704,0.0211
EIFFL,0.4501,0.0358
EIHAHOTELS,0.4315,0.0128
EIHOTEL,0.414,0.0147
EIMCOELECO,0.5146,0.0102
EKC,0.5662,0.0162
ELDEHSG,0.4324,0.0179
ELECON,0.5544,0.0185
ELECTCAST,0.5149,0.023
ELECTHERM,0.5616,0.0489
ELGIEQUIP,0.4609,0.0146
ELGIRUBCO,0.6069,0.0323
ELIN,0.4699,0.0149
EMAMILTD,0.3449,0.0106
EMAMIPAP,0.4094,0.0171
EMAMIREAL,0.5534,0.0157
EMBASSY,0.224,0.0045
EMBDL,0.5826,0.0319
EMCURE,0.3673,0.0148
EMIL,0.4602,0.0229
EMKAY,0.5804,0.0447
EMKAYTOOLS,0.5452,0.0247
EMMBI,0.4928,0.0186
EMMIL,0.5501,0.011
EMSLIMITED,0.5194,0.0286
EMUDHRA,0.4126,0.0104
EMULTIMQ,0.1807,0.0084
ENDURANCE,0.3268,0.013
ENERGYDEV,0.5543,0.0157
ENFUSE,0.6364,0.035
ENGINERSIN,0.4231,0.0212
ENIL,0.4534,0.0154
ENSER,0.877,0.0192
ENTERO,0.4074,0.013
EPACK,0.5156,0.0121
EPIGRAL,0.486,0.0231
EPL,0.3773,0.0174
EQUIPPP,0.7901,0.03
EQUITASBNK,0.377,0.0176
ERIS,0.3045,0.0123
ESABINDIA,0.3838,0.0119
ESAFSFB,0.3743,0.0295
ESCONET,0.5963,0.0186
ESCORTS,0.3615,0.0078
ESFL,0.5805,0.0145
ESG,0.1377,0.0062
ESSARSHPNG,0.6116,0.0161
ESSENTIA,0.5534,0.0187
ESTER,0.5097,0.0144
ETERNAL,0.4751,0.0191
ETHOSLTD,0.3806,0.011
EUREKAFORB,0.3436,0.0123
EUROTEXIND,0.5111,0.0581
EVEREADY,0.4135,0.0233
EVERESTIND,0.4904,0.0251
EVINDIA,0.1847,0.0079
EXCELINDUS,0.4521,0.008
EXICOM,0.6221,0.0511
EXIDEIND,0.306,0.0147
EXPLEOSOL,0.4547,0.0204
EXXARO,0.4605,0.0309
FACT,0.6177,0.0216
FAIRCHEMOR,0.4763,0.0114
FALCONTECH,0.6064,0.0264
FAZE3Q,0.5463,0.0209
FCL,0.5386,0.0384
FCSSOFT,1.0075,0.0216
FDC,0.3352,0.0149
FEDERALBNK,0.3523,0.0123
FEDFINA,0.3487,0.0225
FEL,0.5472,0.0118
FELDVR,0.5634,0.0272
FELIX,0.5302,0.0154
FIBERWEB,0.5142,0.0101
FIDEL,0.6189,0.0253
FIEMIND,0.4611,0.0158
FILATEX,0.4958,0.0241
FILATFASH,0.6051,0.0314
FINCABLES,0.4111,0.0231
FINEORG,0.3699,0.0168
FINOPB,0.5065,0.0351
FINPIPE,0.3795,0.0134
FIRSTCRY,0.5044,0.0088
FIVESTAR,0.4026,0.0235
FLAIR,0.3805,0.0146
FLEXITUFF,0.57,0.0107
FLFL,0.555,0.0161
FLUOROCHEM,0.4114,0.0124
FMGOETZE,0.3744,0.0142
FMNL,0.5477,0.0165
FOCUS,0.4945,0.0148
FONEBOX,0.5726,0.0107
FOODSIN,0.5151,0.0139
FORCEMOT,0.5092,0.0262
FORTIS,0.3235,0.0087
FOSECOIND,0.4037,0.0174
FROG,0.6135,0.0209
FSL,0.4516,0.0129
FUSION,0.4393,0.0201
GABRIEL,0.4731,0.0313
GAEL,0.4643,0.0134
GAIL,0.345,0.0108
GALAPREC,0.5404,0.029
GALAXYSURF,0.3032,0.0172
GALLANTT,0.5415,0.0229
GANDHAR,0.3842,0.0221
GANDHITUBE,0.4312,0.0053
GANECOS,0.4443,0.0145
GANESHBE,0.4339,0.0295
GANESHHOU,0.5304,0.0156
GANGAFORGE,0.5164,0.0182
GANGESSECU,0.5432,0.0137
GARFIBRES,0.3646,0.0224
GARUDA,0.6361,0.0126
GATECH,0.5962,0.0135
GATECHDVR,0.8857,0.0119
GATEWAY,0.3098,0.0124
GAYAHWS,0.8994,0.011
GAYAPROJ,0.5697,0.0347
GEECEE,0.4861,0.0124
GEEKAYWIRE,0.5181,0.0303
GENCON,0.5353,0.0216
GENESYS,0.5966,0.0385
GENUSPAPER,0.5506,0.0159
GENUSPOWER,0.5201,0.0118
GEOJITFSL,0.4848,0.0204
GESHIP,0.4,0.0173
GFLLIMITED,0.4778,0.0173
GGBL,0.5784,0.0247
GHCL,0.4097,0.0192
GHCLTEXTIL,0.4207,0.0163
GICHSGFIN,0.4307,0.0102
GICL,0.539,0.054
GICRE,0.4473,0.0211
GILLANDERS,0.5149,0.0196
GILLETTE,0.2441,0.0062
GINNIFILA,0.5865,0.0218
GIPCL,0.4135,0.0202
GIRIRAJ,0.5558,0.0313
GKWLIMITED,0.4957,0.0133
GLAND,0.3829,0.0129
GLAXO,0.2994,0.013
GLENMARK,0.3731,0.0099
GLFL,0.5693,0.0229
GLOBAL,0.5544,0.0228
GLOBALE,0.448,0.0309
GLOBALPET,0.5275,0.0183
GLOBALVECT,0.5588,0.0144
GLOBE,0.9787,0.01
GLOBUSSPR,0.4959,0.0108
GLOSTERLTD,0.3238,0.0113
GMBREW,0.4337,0.014
GMDCLTD,0.5397,0.021
GMMPFAUDLR,0.4041,0.0162
GMRAIRPORT,0.3876,0.0165
GMRP&UI,0.5387,0.0173
GNA,0.45,0.0231
GNFC,0.419,0.0175
GOACARBON,0.5168,0.017
GOCLCORP,0.5152,0.0239
GOCOLORS,0.3759,0.0428
GODAVARIB,0.5556,0.0163
GODFRYPHLP,0.4858,0.0148
GODIGIT,0.3356,0.0138
GODREJAGRO,0.3231,0.0078
GODREJCP,0.295,0.0105
GODREJIND,0.3576,0.0172
GODREJPROP,0.4177,0.0175
GOKEX,0.5699,0.0248
GOKUL,0.553,0.0136
GOKULAGRO,0.5527,0.0128
GOODLUCK,0.5348,0.0139
GOODYEAR,3.0,0.0087
GOPAL,0.3747,0.0076
GOYALALUM,0.4406,0.0167
GOYALSALT,0.4888,0.0168
GPECO,0.619,0.0166
GPIL,0.5849,0.0095
GPPL,0.3739,0.0119
GPTHEALTH,0.3612,0.016
GPTINFRA,0.5819,0.012
GRANULES,0.3944,0.0119
GRAPHISAD,0.5102,0.0126
GRAPHITE,0.4662,0.0204
GRASIM,0.2895,0.0063
GRAUWEIL,0.5119,0.0281
GRAVITA,0.517,0.0147
GRCL,0.5341,0.0195
GREAVESCOT,0.4809,0.0207
GREENCHEF,0.5243,0.0342
GREENLAM,0.4205,0.0177
GREENPANEL,0.425,0.0184
GREENPLY,0.4313,0.0214
GREENPOWER,0.5362,0.014
GRETEX,0.3134,0.0139
GRINDWELL,0.3346,0.0152
GRINFRA,0.3257,0.0132
GRMOVER,0.507,0.0514
GROBTEA,0.5312,0.0182
GRPLTD,0.5315,0.0217
GRSE,0.5556,0.0185
GRWRHITECH,0.555,0.0199
GSFC,0.4337,0.0082
GSLSU,0.5372,0.0337
GSMFOILS,0.5285,0.0135
GSS,0.5484,0.0164
GSTL,0.5467,0.0068
GTECJAINX,0.5408,0.082
GTL,0.578,0.0262
GTLINFRA,0.7478,0.0273
GTPL,0.4767,0.0113
GUFICBIO,0.4735,0.0278
GUJALKALI,0.4386,0.0165
GUJAPOLLO,0.4963,0.0151
GUJGASLTD,0.3332,0.0141
GUJRAFFIA,0.5111,0.0145
GUJTHEM,0.5481,0.0153
GULFOILLUB,0.3522,0.0143
GULFPETRO,0.5228,0.0258
GULPOLY,0.496,0.0215
GVKPIL,0.6727,0.0118
GVPIL,0.5393,0.0366
GVPTECH,0.4912,0.0147
GVT&D,0.4726,0.0308
HAL,0.3766,0.0113
HALEOSLABS,0.5416,0.0178
HAPPSTMNDS,0.3572,0.0109
HAPPYFORGE,0.3008,0.0151
HARDWYN,0.5195,0.0174
HARIOMPIPE,0.4874,0.0325
HARRMALAYA,0.4786,0.0191
HARSHA,0.3603,0.0167
HATHWAY,0.4708,0.0233
HATSUN,0.376,0.0105
HAVELLS,0.2874,0.0133
HAVISHA,0.601,0.0181
HBLENGINE,0.5629,0.0173
HBSL,0.5705,0.0109
HCC,0.6102,0.0341
HCG,0.3461,0.0081
HCL-INSYS,0.4885,0.0263
HCLTECH,0.278,0.0167
HDFCAMC,0.3149,0.0196
HDFCBANK,0.2574,0.0105
HDFCLIFE,0.2899,0.0132
HDIL,0.4633,0.0128
HEADSUP,0.5522,0.0245
HECPROJECT,0.5231,0.0215
HEG,0.5059,0.0143
HEIDELBERG,0.2937,0.0095
HEMIPROP,0.4664,0.018
HERANBA,0.4133,0.0178
HERITGFOOD,0.4407,0.0104
HEROMOTOCO,0.2935,0.0088
HESTERBIO,0.4286,0.0123
HEXATRADEX,0.4325,0.0144
HEXT,0.3908,0.0155
HFCL,0.5431,0.0386
HGINFRA,0.4485,0.0143
HGM,0.5768,0.029
HGS,0.4134,0.0162
HIGREEN,0.5931,0.0351
HIKAL,0.4739,0.0212
HILTON,0.5666,0.0283
HIMATSEIDE,0.5332,0.0181
HINDALCO,0.3886,0.0151
HINDCOMPOS,0.478,0.0138
HINDCON,0.563,0.0166
HINDCOPPER,0.5388,0.0153
HINDOILEXP,0.511,0.0234
HINDPETRO,0.3798,0.0179
HINDUNILVR,0.2317,0.01
HINDWAREAP,0.4998,0.028
HINDZINC,0.3936,0.0164
HIRECT,0.5818,0.0227
HISARMETAL,0.5628,0.0167
HITECH,0.4926,0.0187
HITECHCORP,0.5527,0.0235
HITECHGEAR,0.5157,0.0106
HLEGLAS,0.4752,0.0327
HLVLTD,0.5557,0.0103
HMAAGRO,0.3953,0.0164
HMT,0.4273,0.0251
HMVL,0.4428,0.0244
HNDFDS,0.3901,0.0138
HOACFOODS,0.5582,0.0268
HOLMARC,0.6598,0.0298
HOMEFIRST,0.3844,0.0186
HOMESFY,0.5571,0.0181
HONASA,0.4687,0.0135
HONAUT,0.3195,0.0134
HPAL,0.3967,0.0183
HPIL,0.4614,0.012
HPL,0.5593,0.0281
HRHNEXT,0.6115,0.0297
HSCL,0.4838,0.0243
HTMEDIA,0.4988,0.0089
HUBTOWN,0.5531,0.0229
HUDCO,0.462,0.0107
HUHTAMAKI,0.386,0.0211
HYBRIDFIN,0.5878,0.0435
HYUNDAI,0.2954,0.0122
IBLFL,0.4487,0.003
IBULLSLTD,0.6086,0.027
ICDSLTD,0.5121,0.0299
ICEMAKE,0.5304,0.0119
ICICIBANK,0.2928,0.0102
ICICIGI,0.2838,0.0145
ICICIPRULI,0.3344,0.0182
ICIL,0.5786,0.0359
ICRA,0.298,0.0091
IDBI,0.4915,0.0324
IDEA,0.7167,0.0196
IDEAFORGE,0.5171,0.0286
IDFCFIRSTB,0.38,0.0122
IEML,0.6847,0.0395
IEX,0.4028,0.0121
IFBAGRO,0.5114,0.0168
IFBIND,0.4961,0.0197
IFCI,0.615,0.0608
IFGLEXPOR,0.6904,0.0284
IGARASHI,0.5061,0.0226
IGIL,0.4343,0.0133
IGL,0.3407,0.0111
IGPL,0.4563,0.0153
IIFL,0.4971,0.0256
IIFLCAPS,0.5428,0.0061
IITL,0.5135,0.0293
IKIO,0.4266,0.0156
IKS,0.4089,0.0122
IL&FSENGG,0.4782,0.0221
IL&FSTRANS,0.4824,0.0215
IMAGICAA,3.0,0.0189
IMFA,0.4877,0.0212
IMPAL,0.3181,0.0157
IMPEXFERRO,0.6264,0.0251
INCREDIBLE,0.565,0.0121
INDBANK,0.6059,0.0099
INDGN,0.3603,0.0113
INDHOTEL,0.3738,0.0138
INDIACEM,0.4393,0.0114
INDIAGLYCO,0.484,0.0099
INDIAMART,0.5914,0.0109
INDIANB,0.4294,0.0163
INDIANCARD,0.4545,0.0192
INDIANHUME,0.4745,0.023
INDIASHLTR,0.3272,0.0188
INDIFRA,0.5153,0.0131
INDIGO,0.3568,0.016
INDIGOPNTS,0.3041,0.0169
INDIGRID,0.126,0.0031
INDNIPPON,0.423,0.0146
INDOAMIN,0.5614,0.0239
INDOBORAX,0.4645,0.0153
INDOCO,0.4481,0.0316
INDOFARM,0.5446,0.0279
INDORAMA,0.5269,0.0239
INDOSTAR,0.4653,0.0215
INDOTECH,0.571,0.0252
INDOTHAI,0.5296,0.0204
INDOUS,0.5886,0.0163
INDOWIND,0.5613,0.0147
INDRAMEDCO,0.4807,0.0149
INDSWFTLAB,0.537,0.0227
INDTERRAIN,0.5339,0.0188
INDUSINDBK,0.4737,0.0144
INDUSTOWER,0.4238,0.0075
INFINIUM,0.4454,0.021
INFOBEAN,0.5501,0.0292
INFOLLION,0.5342,0.0226
INFOMEDIA,0.4852,0.0144
INFY,0.2798,0.0227
INGERRAND,0.3465,0.0241
INM,0.6137,0.0285
INNOVACAP,0.4057,0.0156
INNOVANA,0.548,0.0286
INOXGREEN,0.5337,0.02
INOXINDIA,0.3708,0.0369
INOXWIND,0.5567,0.0231
INSECTICID,0.4073,0.0121
INSPIRE,0.6089,0.0099
INSPIRISYS,0.542,0.0182
INTELLECT,0.4892,0.017
INTENTECH,0.61,0.0242
INTERARCH,0.4966,0.0191
INTLCONV,0.4536,0.013
INVENTURE,0.5691,0.0135
IOB,0.4942,0.0129
IOC,0.2943,0.0141
IOLCP,0.5,0.0286
IONEXCHANG,0.4162,0.0221
IPCALAB,0.3133,0.0145
IPL,0.415,0.0128
IPSL,0.7139,0.0199
IRB,0.4939,0.0103
IRBINVIT,0.2136,0.0021
IRCON,0.4805,0.0155
IRCTC,0.3697,0.0106
IREDA,0.5148,0.0141
IRFC,0.4019,0.0118
IRIS,0.5201,0.0325
IRISDOREME,0.502,0.0148
IRMENERGY,0.4852,0.0257
ISFT,0.5237,0.0127
ISGEC,0.4348,0.0112
ISHAN,0.6391,0.006
ISHANCH,0.4945,0.0134
IT,0.2087,0.0168
ITALIANE,0.6111,0.0178
ITC,0.2478,0.0081
ITCHOTELS,0.3394,0.0162
ITDC,0.5187,0.0374
ITI,0.5441,0.0123
IVC,0.5103,0.0108
IVP,0.5598,0.0155
IXIGO,0.5237,0.0287
IZMO,0.5942,0.039
J&KBANK,0.4947,0.0152
JAGRAN,0.3692,0.0245
JAGSNPHARM,0.5737,0.0098
JAIBALAJI,0.519,0.0182
JAICORPLTD,0.5601,0.0174
JAINAM,0.5223,0.0237
JAIPURKURT,0.5645,0.0184
JAKHARIA,0.384,0.0
JALAN,0.5308,0.0166
JAMNAAUTO,0.4217,0.0221
JASH,0.4604,0.0268
JAYAGROGN,0.4767,0.0197
JAYBARMARU,0.5083,0.0457
JAYNECOIND,0.5495,0.0234
JAYSREETEA,0.4358,0.0172
JBCHEPHARM,0.3226,0.008
JBMA,0.5271,0.0241
JETFREIGHT,0.5122,0.0239
JETKNIT,0.2949,0.0105
JFLLIFE,0.6488,0.0226
JGCHEM,0.5368,0.0144
JHS,0.5507,0.0263
JINDALPHOT,0.608,0.017
JINDALPOLY,0.4834,0.0242
JINDALSAW,0.4991,0.0313
JINDALSTEL,0.4354,0.0096
JINDRILL,0.5436,0.012
JINDWORLD,0.5576,0.0334
JIOFIN,0.3327,0.0132
JISLDVREQS,0.5195,0.0184
JISLJALEQS,0.5456,0.0266
JITFINFRA,0.5546,0.0132
JIWANRAM,0.5499,0.0167
JKCEMENT,0.3269,0.0231
JKIL,0.4298,0.0152
JKLAKSHMI,0.3698,0.0089
JKPAPER,0.441,0.0118
JKTYRE,0.4511,0.0202
JLHL,0.2887,0.0063
JMA,0.4737,0.0113
JMFINANCIL,0.4509,0.0237
JNKINDIA,0.5297,0.0438
JOCIL,0.4793,0.0168
JPOLYINVST,0.528,0.0201
JPPOWER,0.6036,0.0146
JSFB,0.4709,0.0144
JSL,0.4749,0.0166
JSLL,0.7026,0.051
JSWDULUX,0.2842,0.0117
JSWENERGY,0.4488,0.0123
JSWHL,0.4384,0.0141
JSWINFRA,0.3778,0.0206
JSWSTEEL,0.3362,0.0084
JTEKTINDIA,0.4751,0.0175
JTLIND,0.4979,0.0266
JUBLCPL,0.5356,0.0158
JUBLFOOD,0.3486,0.0105
JUBLINGREA,0.4466,0.0102
JUBLPHARMA,0.4292,0.0134
JUNIPER,0.4069,0.0174
JUSTDIAL,0.4681,0.0104
JWL,0.568,0.014
JYOTHYLAB,0.3377,0.0053
JYOTICNC,0.517,0.0272
JYOTISTRUC,0.5578,0.0294
K2INFRA,0.6605,0.0652
KABRAEXTRU,0.5629,0.0178
KAJARIACER,0.3221,0.0115
KAKATCEM,0.4442,0.0225
KALAMANDIR,0.4498,0.0174
KALYANIFRG,0.4272,0.0091
KALYANKJIL,0.4454,0.0269
KAMATHOTEL,0.5645,0.0223
KAMDHENU,0.5229,0.0313
KAMOPAINTS,0.5497,0.0091
KANANIIND,0.5453,0.0096
KANDARP,0.6364,0.0425
KANORICHEM,0.5072,0.0296
KANPRPLA,0.5026,0.0176
KANSAINER,0.2977,0.007
KAPSTON,0.4798,0.0112
KARMAENG,0.5587,0.0213
KARNIKA,0.7371,0.0111
KARURVYSYA,0.4098,0.0172
KAUSHALYA,0.6501,0.0097
KAVDEFENCE,0.479,0.0215
KAYA,0.5219,0.0268
KAYNES,0.4992,0.0199
KCEIL,0.62,0.0202
KCK,0.7569,0.0137
KCP,0.4467,0.0149
KCPSUGIND,0.5271,0.0148
KDDL,0.5329,0.0233
KDL,0.7717,0.0363
KEC,0.3987,0.0175
KECL,0.5512,0.0169
KEEPLEARN,0.506,0.0134
KEI,0.4192,0.0177
KEL,0.648,0.0232
KELLTONTEC,0.5702,0.0184
KENNAMET,0.392,0.02
KERNEX,0.5342,0.0224
KESORAMIND,0.6327,0.0273
KEYFINSERV,0.6874,0.0156
KFINTECH,0.4389,0.0213
KHADIM,0.5308,0.0154
KHAICHEM,0.5477,0.0109
KHAITANLTD,0.4877,0.0123
KHANDSE,0.5557,0.0155
KHFM,0.5277,0.0475
KICL,0.3925,0.0104
KILITCH,0.4878,0.0288
KIMS,0.3159,0.0188
KINGFA,0.515,0.0111
KIOCL,0.5906,0.0219
KIRIINDUS,0.4946,0.0129
KIRLFER,0.4527,0.0156
KIRLOSBROS,0.5241,0.0196
KIRLOSENG,0.4404,0.0205
KIRLOSIND,0.4363,0.0254
KIRLPNU,0.4396,0.0259
KITEX,0.5373,0.0227
KKCL,0.3689,0.0146
KKVAPOW,0.3657,0.0036
KLL,0.6085,0.0262
KMEW,0.5705,0.0272
KMSUGAR,0.5406,0.0098
KNAGRI,0.5357,0.019
KNRCON,0.3802,0.0234
KODYTECH,0.7286,0.0282
KOHINOOR,0.4775,0.0143
KOKUYOCMLN,0.4467,0.015
KOLTEPATIL,0.4682,0.0122
KONSTELEC,0.6219,0.0304
KONTOR,0.6229,0.0405
KOPRAN,0.5535,0.0211
KORE,0.6574,0.0486
KOTAKBANK,0.2803,0.0088
KOTARISUG,0.539,0.0137
KOTHARIPET,0.5601,0.0136
KOTHARIPRO,0.5766,0.011
KOTYARK,0.6914,0.0093
KOVAI,0.9806,0.0099
KPEL,0.5019,0.0171
KPIGREEN,0.5423,0.0152
KPIL,0.3729,0.0157
KPITTECH,0.447,0.0148
KPRMILL,0.4192,0.0281
KRBL,0.4693,0.0182
KREBSBIO,0.598,0.0181
KRIDHANINF,0.5947,0.0187
KRISHANA,0.4302,0.0103
KRISHCA,0.6049,0.0183
KRISHIVAL,0.4319,0.0034
KRISHNADEF,0.598,0.0301
KRITI,3.0,0.0165
KRITIKA,0.4379,0.0075
KRITINUT,0.539,0.0155
KRN,0.5718,0.0289
KRONOX,0.446,0.0248
KROSS,0.5076,0.0181
KRSNAA,0.3728,0.009
KRYSTAL,0.4774,0.0074
KSB,0.3642,0.0158
KSCL,0.388,0.009
KSHITIJPOL,0.5491,0.0481
KSL,0.4302,0.0143
KSOLVES,0.5012,0.0179
KTKBANK,0.3901,0.0166
KUANTUM,0.4981,0.0119
LAGNAM,0.5277,0.0128
LAKPRE,0.4877,0.0202
LAL,0.5061,0.0193
LALPATHLAB,0.3409,0.0101
LAMBODHARA,0.6201,0.0217
LANCORHOL,0.5762,0.0245
LANDMARK,0.4136,0.0191
LANDSMILL,0.7651,0.0098
LAOPALA,0.3978,0.0126
LASA,0.5916,0.0215
LATENTVIEW,0.42,0.0247
LATTEYS,0.6763,0.0195
LAURUSLABS,0.3768,0.0126
LAXMICOT,0.6639,0.0227
LAXMIDENTL,0.5511,0.0174
LCCINFOTEC,3.0,0.0344
LEMERITE,0.4726,0.0453
LEMONTREE,0.4402,0.0165
LEXUS,0.5806,0.0396
LFIC,0.6242,0.0188
LGBBROSLTD,0.4285,0.0126
LGHL,0.4071,0.0116
LIBAS,0.4934,0.0136
LIBERTSHOE,0.5009,0.0186
LICHSGFIN,0.376,0.0116
LICI,0.2882,0.0144
LICNFNHGP,0.2487,0.0062
LIKHITHA,0.4731,0.0197
LINC,0.4828,0.0144
LINCOLN,0.4296,0.0182
LINDEINDIA,0.3912,0.0138
LLOYDS,0.6483,0.0253
LLOYDSENGG,0.6908,0.0381
LLOYDSENT,0.5782,0.0267
LLOYDSME,0.4012,0.0119
LMW,0.3386,0.0098
LODHA,0.4534,0.0184
LOKESHMACH,0.6052,0.0156
LORDSCHLO,0.5149,0.0182
LOTUSEYE,0.5296,0.0347
LOVABLE,0.5134,0.0123
LOYALTEX,0.4979,0.0099
LPDC,0.6018,0.0178
LRRPL,0.5981,0.0156
LT,0.2804,0.0115
LTF,0.4089,0.0188
LTFOODS,0.4807,0.0133
LTM,0.3401,0.0192
LTTS,0.3643,0.0246
LUMAXIND,0.4159,0.0125
LUMAXTECH,0.4906,0.0214
LUPIN,0.2965,0.0079
LUXIND,0.4119,0.017
LXCHEM,0.4188,0.0249
LYKALABS,0.5225,0.0305
LYPSAGEMS,0.589,0.0088
M&M,0.3292,0.0109
M&MFIN,0.4283,0.0139
MAANALU,0.6192,0.0135
MACPOWER,0.5496,0.0333
MADHAV,0.5284,0.0208
MADHAVBAUG,0.5232,0.0276
MADHUCON,0.5209,0.0393
MADHUSUDAN,0.5578,0.0327
MADRASFERT,0.5518,0.0191
MAFANG,0.2624,0.0213
MAGADSUGAR,0.5272,0.0109
MAGNUM,0.5709,0.01
MAGSON,0.5187,0.0092
MAHABANK,0.4535,0.0166
MAHAPEXLTD,0.5498,0.015
MAHASTEEL,0.4699,0.0176
MAHEPC,0.4545,0.0172
MAHESHWARI,0.4822,0.0255
MAHICKRA,0.4251,0.0191
MAHKTECH,0.3606,0.0134
MAHLIFE,0.3757,0.0132
MAHLOG,0.4008,0.0146
MAHSCOOTER,0.3587,0.0103
MAHSEAMLES,0.3872,0.0139
MAITHANALL,0.4461,0.0291
MAITREYA,0.5434,0.0264
MAKEINDIA,0.1641,0.0064
MAKS,0.4909,0.007
MAL,0.5322,0.0331
MALLCOM,0.4452,0.0218
MALUPAPER,0.5465,0.0139
MAMATA,0.532,0.0176
MANAKALUCO,0.6444,0.0353
MANAKCOAT,0.5585,0.0162
MANAKSIA,0.4824,0.0122
MANAKSTEEL,0.5756,0.0147
MANALIPETC,0.496,0.0259
MANAPPURAM,0.4294,0.0188
MANAV,0.3611,0.0092
MANBA,0.3777,0.0191
MANCREDIT,0.3168,0.0177
MANDEEP,0.4363,0.0268
MANGALAM,0.5028,0.0094
MANGLMCEM,0.401,0.0052
MANINDS,0.5536,0.0332
MANINFRA,0.4756,0.0261
MANKIND,0.3074,0.0088
MANOMAY,0.4822,0.024
MANORAMA,0.4735,0.0167
MANORG,0.5135,0.0317
MANUGRAPH,0.5943,0.0369
MANYAVAR,0.3214,0.0122
MAPMYINDIA,0.3963,0.0166
MARALOVER,0.5294,0.0124
MARATHON,0.539,0.0192
MARCO,0.6067,0.0134
MARICO,0.2406,0.0071
MARINE,0.5969,0.0275
MARINETRAN,0.6043,0.0093
MARKSANS,0.506,0.019
MARUTI,0.2859,0.009
MASFIN,0.3972,0.0161
MASKINVEST,0.5848,0.0235
MASON,0.6398,0.0483
MASTEK,0.4549,0.0172
MASTER,0.4368,0.0076
MASTERTR,0.5878,0.031
MATRIMONY,0.4086,0.0107
MAWANASUG,0.5122,0.0193
MAXESTATES,0.4495,0.014
MAXHEALTH,0.3713,0.0126
MAXIND,0.417,0.0182
MAXPOSURE,0.6308,0.03
MAYURUNIQ,0.4211,0.0172
MAZDA,0.472,0.0161
MAZDOCK,0.5063,0.0135
MBAPL,0.6186,0.0097
MBLINFRA,0.5816,0.036
MCL,0.5679,0.0182
MCLEODRUSS,0.5911,0.0181
MCLOUD,0.713,0.0482
MCON,0.6155,0.0397
MCX,0.4051,0.0143
MDL,0.5221,0.0442
MEDANTA,0.3259,0.0129
MEDIASSIST,0.402,0.0135
MEDICAMEQ,0.5055,0.031
MEDICO,0.5087,0.0142
MEDIORG,0.5774,0.0389
MEDPLUS,0.3337,0.0118
MEGAFLEX,0.5193,0.0
MEGASTAR,0.4918,0.0287
MEGATHERM,0.5748,0.0374
MENONBE,0.4684,0.0319
MEP,0.5422,0.0109
METROBRAND,0.3476,0.0104
METROPOLIS,0.3742,0.0131
MFML,0.5317,0.0138
MFSL,0.3647,0.0169
MGEL,0.5321,0.0162
MGL,0.3529,0.0175
MHHL,0.6132,0.0165
MHLXMIRU,0.6119,0.0151
MHRIL,0.3758,0.0201
MICEL,0.999,0.0134
MICROPRO,0.5949,0.0344
MIDHANI,0.4461,0.0276
MILTON,0.3881,0.0026
MINDACORP,0.4375,0.0148
MINDPOOL,0.3149,0.0
MINDSPACE,0.1594,0.0038
MINDTECK,0.6144,0.0168
MIRCELECTR,0.5969,0.0229
MIRZAINT,0.6496,0.0167
MITCON,0.4981,0.015
MITTAL,0.5569,0.0128
MKPL,0.433,0.0111
MMFL,0.4301,0.0113
MMP,0.5146,0.0215
MMTC,0.5558,0.0288
MNC,0.1676,0.0083
MOBIKWIK,0.5872,0.0071
MODEFENCE,0.2876,0.0119
MODIRUBBER,0.4793,0.0108
MODISONLTD,0.5215,0.0412
MODTHREAD,0.5592,0.0176
MOHITIND,0.5351,0.0167
MOIL,0.4227,0.0095
MOKSH,0.6795,0.0096
MOL,0.4467,0.0203
MOLDTECH,0.5495,0.0176
MOLDTKPAC,0.3675,0.0156
MONARCH,0.4964,0.0114
MONOPHARMA,0.5133,0.0274
MONTECARLO,0.4356,0.0157
MOREALTY,0.2717,0.0156
MOREPENLAB,0.5682,0.0311
MOS,0.8026,0.0246
MOSCHIP,0.5539,0.0236
MOTHERSON,0.4369,0.0152
MOTILALOFS,0.527,0.0226
MOTISONS,0.5674,0.0419
MOTOGENFIN,0.5691,0.0204
MOXSH,0.6812,0.0122
MPHASIS,0.3457,0.0135
MPSLTD,0.4915,0.0155
MPTODAY,0.4136,0.0039
MRF,0.2559,0.0066
MRPL,0.5131,0.0284
MSCIINDIA,0.18,0.0066
MSPL,0.4984,0.0127
MSTCLTD,0.554,0.0516
MSUMI,0.2906,0.0144
MTARTECH,0.4491,0.0503
MTEDUCARE,0.5247,0.0293
MTNL,0.604,0.0196
MUFIN,0.4962,0.0135
MUFTI,0.4659,0.0235
MUKANDLTD,0.4934,0.0107
MUKKA,0.4252,0.0245
MUKTAARTS,0.5098,0.0204
MUNJALAU,0.4774,0.0243
MUNJALSHOW,0.3873,0.0065
MURUDCERA,0.5474,0.0172
MUTHOOTCAP,0.4364,0.0083
MUTHOOTFIN,0.3621,0.0187
MUTHOOTMF,0.3825,0.0206
MVGJL,0.5146,0.0122
MVKAGRO,0.5091,0.0225
MWL,0.4219,0.0064
NACLIND,0.5277,0.0347
NAGAFERT,0.5093,0.0035
NAGREEKCAP,0.5662,0.0188
NAGREEKEXP,0.6231,0.0097
NAHARCAP,0.5189,0.0137
NAHARINDUS,0.4889,0.0097
NAHARPOLY,0.5823,0.0125
NAHARSPING,0.4906,0.0168
NAM-INDIA,0.3916,0.0235
NAMAN,0.6063,0.0233
NARMADA,0.4419,0.0399
NATCAPSUQ,0.5233,0.0139
NATCOPHARM,0.3528,0.0148
NATHBIOGEN,0.4384,0.017
NATIONALUM,0.4474,0.0219
NAUKRI,0.3749,0.0127
NAVA,0.5215,0.0163
NAVINFLUOR,0.372,0.0118
NAVKARCORP,0.59,0.02
NAVKARURB,0.5458,0.0314
NAVNETEDUL,0.3834,0.0138
NAZARA,0.4399,0.0134
NBCC,0.4863,0.0225
NBIFIN,0.4229,0.0144
NCC,0.485,0.0101
NCLIND,0.3827,0.014
NDGL,0.5354,0.0174
NDL,0.5624,0.0171
NDLVENTURE,0.5049,0.0132
NDRAUTO,0.5703,0.0176
NDTV,0.5713,0.0165
NECCLTD,0.6165,0.0275
NECLIFE,0.6023,0.0168
NELCAST,0.5301,0.0134
NELCO,0.4983,0.0301
NEOGEN,0.4624,0.0168
NEPHROCARE,0.6229,0.0188
NESCO,0.3397,0.0119
NESTLEIND,0.2193,0.0099
NETWEB,0.5427,0.0382
NETWORK18,0.5189,0.0305
NEULANDLAB,0.554,0.0106
NEWGEN,0.4901,0.0301
NEWJAISA,0.6658,0.0422
NEXTMEDIA,0.5607,0.021
NFL,0.4986,0.0131
NGIL,0.5477,0.0203
NGLFINE,0.4999,0.0355
NH,0.3385,0.0144
NHPC,0.3534,0.0175
NIACL,0.4908,0.0341
NIBE,0.5609,0.0403
NIBL,0.5654,0.0096
NIDAN,0.5559,0.0107
NIITLTD,0.6203,0.0485
NIITMTS,0.4027,0.0219
NILAINFRA,0.5769,0.0076
NILASPACES,0.5813,0.0169
NILKAMAL,0.3065,0.0102
NINSYS,0.4842,0.0127
NIPPOBATRY,0.4908,0.0203
NIRAJ,0.5185,0.0232
NIRAJISPAT,0.484,0.0275
NIRMAN,0.6574,0.0366
NITCO,0.5194,0.0311
NITINSPIN,0.4553,0.021
NITIRAJ,0.4708,0.0376
NIVABUPA,0.3817,0.0117
NKIND,0.5511,0.0158
NLCINDIA,0.4348,0.018
NMDC,0.3889,0.0142
NOCIL,0.4245,0.0178
NOIDATOLL,0.5699,0.0347
NORBTEAEXP,0.4953,0.0206
NORTHARC,0.4279,0.0239
NOVAAGRI,0.507,0.0151
NOVARTIND,0.4367,0.0239
NPBET,0.2581,0.0089
NPST,0.6231,0.0438
NRAIL,0.4793,0.0115
NRBBEARING,0.4536,0.0221
NRL,0.556,0.0249
NSIL,0.4658,0.0087
NSLNISP,0.4298,0.021
NTPC,0.2794,0.0107
NTPCGREEN,0.3471,0.0087
NUCLEUS,0.4878,0.0288
NURECA,0.5331,0.0104
NUVAMA,0.4604,0.0176
NUVOCO,0.3151,0.0188
NXST,0.1725,0.0027
NYKAA,0.3805,0.0186
OAL,0.5126,0.0193
OBCL,0.4889,0.0268
OBEROIRLTY,0.3744,0.0143
OCCLLTD,0.5673,0.0398
ODIGMA,0.4812,0.0269
OFSS,0.3453,0.0147
OIL,0.4218,0.015
OILCOUNTUB,0.549,0.0172
OLAELEC,0.6583,0.0248
OLECTRA,0.52,0.0329
OLIL,0.5797,0.021
OMAXAUTO,0.572,0.0275
OMAXE,0.4933,0.0138
OMFURN,0.546,0.0264
OMINFRAL,0.5539,0.0145
ONDOOR,0.5776,0.0274
ONELIFECAP,0.5848,0.0275
ONEPOINT,0.5138,0.0177
ONESOURCE,0.4648,0.017
ONGC,0.3661,0.0106
ONMOBILE,0.5695,0.0137
ONWARDTEC,0.5536,0.0135
OPTIEMUS,0.581,0.0296
ORBTEXP,0.571,0.0486
ORCHASP,0.5956,0.0251
ORCHPHARMA,1.0202,0.0299
ORIANA,0.6391,0.0197
ORICONENT,0.5126,0.0192
ORIENTALTL,0.5813,0.0108
ORIENTBELL,0.5252,0.0122
ORIENTCEM,0.4376,0.0112
ORIENTCER,0.5263,0.0183
ORIENTELEC,0.3623,0.0138
ORIENTHOT,0.4737,0.0308
ORIENTLTD,0.543,0.0271
ORIENTPPR,0.4848,0.0139
ORIENTTECH,0.6154,0.0143
ORISSAMINE,0.5204,0.019
ORTEL,0.5687,0.0243
ORTINGLOBE,0.5825,0.037
OSIAHYPER,0.5872,0.0372
OSWALAGRO,0.616,0.0171
OSWALGREEN,0.5822,0.0138
OSWALSEEDS,0.485,0.0082
OWAIS,0.674,0.042
PAGEIND,0.2797,0.0125
PAISALO,0.5322,0.0178
PAKKA,0.5645,0.0173
PALASHSECU,0.5506,0.0187
PALREDTEC,0.5684,0.0307
PANACEABIO,0.5553,0.0478
PANACHE,0.5708,0.0244
PANAMAPET,0.4948,0.048
PANSARI,0.4752,0.0231
PAR,0.5308,0.023
PARACABLES,0.5946,0.0453
PARADEEP,0.4489,0.017
PARAGMILK,0.4973,0.0208
PARAGON,0.5421,0.0248
PARAS,0.557,0.0534
PARASPETRO,3.0,0.0223
PARIN,0.3972,0.0084
PARKHOTELS,0.4061,0.0149
PARSVNATH,0.5847,0.0186
PARTYCRUS,0.5785,0.0171
PASHUPATI,0.4963,0.009
PASUPTAC,0.5438,0.0253
PATANJALI,0.5765,0.0099
PATELENG,0.5632,0.0286
PATINTLOG,0.566,0.0202
PATTECH,0.5124,0.0012
PAVNAIND,0.5089,0.0161
PAYTM,0.5202,0.0214
PCBL,0.444,0.0187
PCCL,0.4872,0.0351
PCJEWELLER,0.5653,0.0131
PDMJEPAPER,0.5098,0.0123
PDSL,0.4119,0.0215
PEARLPOLY,0.6163,0.0186
PENIND,0.5531,0.0186
PENINLAND,0.5832,0.0187
PENTAGON,0.5907,0.0175
PERSISTENT,0.3623,0.0178
PETRONET,0.2941,0.0121
PFC,0.3831,0.0137
PFIZER,0.2496,0.0079
PFOCUS,0.6118,0.0288
PFS,0.5074,0.0101
PGEL,0.5599,0.0295
PGHH,0.2189,0.0093
PGHL,0.2612,0.0065
PGIL,0.5631,0.0207
PGINVIT,0.1231,0.0013
PHANTOMFX,0.5765,0.0197
PHOENIXLTD,0.3983,0.0134
PIDILITIND,0.239,0.0086
PIGL,0.476,0.0389
PIIND,0.3118,0.0144
PILANIINVS,0.3815,0.009
PILITA,0.5257,0.015
PIONEEREMB,0.5057,0.02
PITTIENG,0.4983,0.0154
PIXTRANS,0.4373,0.0103
PKTEA,0.4991,0.0119
PLADAINFO,0.5659,0.0232
PLASTIBLEN,0.4248,0.0115
PLATIND,0.5275,0.0163
PLAZACABLE,0.4487,0.0162
PNB,0.3819,0.0108
PNBHOUSING,0.4681,0.013
PNC,0.6085,0.023
PNCINFRA,0.4165,0.0162
PNGJL,0.3971,0.0129
POCL,1.854,0.0222
PODDARMENT,0.4199,0.0185
POKARNA,0.553,0.0204
POLICYBZR,0.4594,0.0153
POLYCAB,0.3625,0.0114
POLYMED,0.4328,0.0237
POLYPLEX,0.4155,0.0114
POLYSIL,0.5085,0.0265
PONNIERODE,0.4794,0.0164
POONAWALLA,0.4768,0.0174
POWERGRID,0.2763,0.0075
POWERINDIA,0.4398,0.0208
POWERMECH,0.4683,0.0236
PPAP,0.4938,0.0309
PPL,0.4957,0.0272
PPLPHARMA,0.4042,0.0155
PRABHA,0.4639,0.0133
PRAENG,0.593,0.017
PRAJIND,0.4612,0.0161
PRAKASH,0.5222,0.0202
PRAKASHSTL,0.7298,0.0151
PRAMARA,0.5696,0.0341
PRATHAM,0.5629,0.0189
PRAXIS,0.5326,0.027
PRECAM,0.5823,0.0171
PRECISION,0.6285,0.0247
PRECOT,0.5466,0.0334
PRECWIRE,0.5338,0.027
PREMEXPLN,0.5749,0.0343
PREMIER,0.4896,0.0194
PREMIERENE,0.4663,0.0108
PREMIERPOL,0.6491,0.0145
PRESSTONIC,0.7021,0.0238
PRESTIGE,0.457,0.0239
PRICOLLTD,0.4627,0.0124
PRIMESECU,0.4664,0.0203
PRIMO,0.4486,0.0294
PRINCEPIPE,0.4043,0.0184
PRITI,0.5321,0.0174
PRITIKA,0.884,0.0137
PRITIKAUTO,0.4864,0.0323
PRIVISCL,0.4549,0.0139
PRIZOR,0.6426,0.0336
PRLIND,0.5624,0.0233
PROLIFE,0.4571,0.0175
PROPEQUITY,0.523,0.0287
PROSTARM,0.5866,0.0094
PROTEAN,0.4748,0.0227
PROV,0.4754,0.0159
PROZONER,0.5529,0.0094
PRSMJOHNSN,0.4311,0.0101
PRUDENT,0.477,0.0226
PRUDMOULI,0.524,0.0181
PSB,0.4852,0.017
PSPPROJECT,0.3768,0.0307
PTC,0.4025,0.0196
PTCIL,0.5021,0.0216
PTL,0.3637,0.0088
PULZ,0.5607,0.0237
PUNJABCHEM,0.4649,0.0155
PURVA,0.5356,0.0169
PURVFLEXI,0.5943,0.0229
PVP,1.0802,0.025
PVRINOX,0.3745,0.0058
PVSL,0.4026,0.0099
PYRAMID,0.4275,0.0129
QFIL,0.5153,0.0281
QMSMEDI,0.5663,0.0338
QUADFUTURE,0.6696,0.0304
QUADPRO,0.5469,0.0133
QUESS,0.4464,0.0155
QUESTLAB,0.589,0.0269
QUICKHEAL,0.5208,0.0256
QUICKTOUCH,0.6122,0.0291
RACE,0.4421,0.0149
RACLGEAR,0.552,0.0181
RADAAN,0.473,0.0189
RADHIKAJWE,0.5634,0.0129
RADIANTCMS,0.3562,0.0075
RADICO,0.3745,0.0106
RADIOCITY,0.3982,0.0122
RADIOWALLA,0.5663,0.0165
RAILTEL,0.4814,0.0184
RAIN,0.468,0.0293
RAINBOW,0.3476,0.0111
RAJESHEXPO,0.4127,0.0481
RAJMET,0.4523,0.0091
RAJOOENG,0.5105,0.0104
RAJRATAN,0.4879,0.015
RAJRILTD,1.8914,0.009
RAJSREESUG,0.5751,0.0168
RAJTV,0.5285,0.0262
RALLIS,0.3811,0.0108
RAMANEWS,0.5277,0.0123
RAMAPHO,0.5215,0.014
RAMASTEEL,0.5376,0.0116
RAMCOCEM,0.2981,0.0145
RAMCOIND,0.3893,0.0201
RAMCOSYS,0.5714,0.0339
RAMKY,0.5705,0.0163
RAMRAT,0.471,0.0191
RANASUG,0.4968,0.0134
RANEHOLDIN,0.4357,0.023
RATEGAIN,0.4505,0.0205
RATNAMANI,0.3412,0.0147
RATNAVEER,0.5015,0.0263
RAYMOND,0.5591,0.017
RAYMONDLSL,0.4743,0.0189
RBA,0.3825,0.0093
RBLBANK,0.4924,0.0146
RBMINFRA,0.6366,0.0218
RBS,0.4985,0.0212
RBZJEWEL,0.4908,0.0229
RCDL,0.6249,0.0291
RCF,0.4787,0.0144
RCOM,0.519,0.0167
RECLTD,0.3801,0.0157
REDINGTON,0.4741,0.0305
REDTAPE,0.6138,0.0104
REFEX,0.6063,0.0241
REFRACTORY,0.5671,0.0172
REGENCERAM,0.4291,0.0128
RELAXO,0.2964,0.0237
RELCHEMQ,0.4174,0.0259
RELIABLE,0.4513,0.0142
RELIANCE,0.28,0.0094
RELIGARE,0.4874,0.0122
RELTD,0.5635,0.0512
REMSONSIND,0.5516,0.0229
REMUS,0.7736,0.0265
RENUKA,0.5105,0.0212
REPCOHOME,0.4707,0.0141
REPL,0.4774,0.0234
REPRO,0.4877,0.0171
RESPONIND,0.4794,0.0277
RETAIL,0.6335,0.0372
REXPIPES,0.4486,0.0
RGL,0.5208,0.0213
RHFL,0.5595,0.0106
RHIM,0.4248,0.0328
RHL,0.501,0.0186
RICOAUTO,0.5495,0.0327
RIIL,0.5047,0.0191
RILINFRA,0.5554,0.0251
RISHABH,0.4937,0.0169
RITCO,0.4987,0.0194
RITES,0.3934,0.0137
RITEZONE,0.6062,0.0154
RKDL,0.5506,0.0151
RKEC,0.6807,0.036
RKFORGE,0.4572,0.0163
RKSWAMY,0.4373,0.0176
RMDRIP,0.5083,0.0365
RML,0.5149,0.0277
ROCKINGDCE,0.6521,0.0395
ROHLTD,0.5126,0.0163
ROLEXRINGS,0.3677,0.0126
ROLLT,0.5747,0.0373
ROML,0.6267,0.0133
ROSSARI,0.3295,0.0219
ROSSELLIND,0.607,0.0091
ROSSTECH,0.5895,0.0268
ROTO,0.4424,0.0239
ROUTE,0.4162,0.0201
ROXHITECH,0.572,0.0396
RPEL,0.5144,0.0264
RPGLIFE,0.4475,0.0136
RPOWER,0.5798,0.0209
RPPINFRA,0.5923,0.021
RPPL,0.5466,0.0278
RPSGVENT,0.5049,0.0093
RPTECH,0.4198,0.0335
RRKABEL,0.3736,0.0179
RSSOFTWARE,0.5818,0.0208
RSWM,0.4704,0.0297
RSYSTEMS,0.4751,0.0221
RTNINDIA,0.5612,0.0277
RTNPOWER,0.5642,0.0148
RUBFILA,0.3681,0.0152
RUBYMILLS,0.5366,0.0432
RUCHINFRA,0.4973,0.0119
RUCHIRA,0.4636,0.0106
RULKA,0.5874,0.034
RUPA,0.4329,0.0181
RUSHIL,0.5458,0.0333
RUSTOMJEE,0.3279,0.0136
RVHL,0.5389,0.0446
RVNL,0.5138,0.0183
RVTH,0.5057,0.014
S&SPOWER,0.5176,0.0226
SAAKSHI,0.5704,0.0173
SABAR,0.6508,0.0143
SADBHAV,0.566,0.012
SADBHIN,0.5479,0.0164
SADHAV,0.575,0.0222
SADHNANIQ,0.711,0.0266
SAFARI,0.4044,0.0235
SAGARDEEP,0.4714,0.0168
SAGCEM,0.4263,0.0137
SAGILITY,0.4253,0.0151
SAHAJSOLAR,0.7203,0.013
SAHANA,0.5826,0.0337
SAHYADRI,0.4022,0.0206
SAIFL,0.7873,0.0173
SAIL,0.4545,0.0161
SAILIFE,0.3976,0.0144
SAKAR,0.5262,0.0243
SAKHTISUG,0.5468,0.0136
SAKSOFT,0.5389,0.0166
SAKUMA,0.5923,0.0199
SALASAR,0.5423,0.0181
SALONA,0.5611,0.0162
SALSTEEL,0.5467,0.0255
SALZERELEC,0.5514,0.0202
SAMBHAAV,0.5905,0.0253
SAMHI,0.4032,0.017
SAMMAANCAP,0.5743,0.0211
SAMPANN,0.5882,0.0107
SANATHAN,0.3761,0.0161
SANCO,0.5626,0.0094
SANDESH,0.4123,0.0085
SANDHAR,0.4051,0.018
SANDUMA,0.5414,0.0169
SANGAMIND,0.5337,0.01
SANGANI,0.4836,0.0102
SANGHVIMOV,0.5594,0.0238
SANGINITA,0.5485,0.0198
SANOFI,0.2672,0.0119
SANOFICONR,0.3083,0.0145
SANSERA,0.3226,0.0172
SANSTAR,0.414,0.0203
SANWARIA,0.6635,0.0061
SAPPHIRE,0.3672,0.0181
SARDAEN,0.4945,0.0087
SAREGAMA,0.4703,0.0201
SARLAPOLY,0.5512,0.0141
SAROJA,0.5766,0.0202
SARTELE,0.6623,0.0534
SARVESHWAR,0.576,0.0202
SASKEN,0.4673,0.0435
SATIA,0.4183,0.0119
SATIN,0.4633,0.024
SATIPOLY,0.5799,0.0278
SAURASHCEM,0.4837,0.0113
SBC,0.4643,0.0173
SBCL,0.5019,0.0217
SBFC,0.3518,0.0108
SBGLP,0.5061,0.019
SBICARD,0.3032,0.0163
SBILIFE,0.2652,0.0106
SBIN,0.3095,0.0083
SCHAEFFLER,0.3116,0.0171
SCHAND,0.4651,0.0117
SCHNEIDER,0.5067,0.037
SCI,0.5128,0.018
SCILAL,0.4705,0.0115
SCML,0.6536,0.0172
SCODATUBES,0.5076,0.0284
SCPL,0.4982,0.0372
SDBL,0.5117,0.0396
SEAMECLTD,0.4818,0.0242
SECMARK,0.6231,0.0257
SECURKLOUD,0.574,0.018
SEJALLTD,0.6068,0.0322
SEL,0.6609,0.0238
SELECTIPO,0.1867,0.0099
SELMC,0.6674,0.0114
SEMAC,0.535,0.0382
SENCO,0.4674,0.0162
SENORES,0.4857,0.0293
SEPC,0.6118,0.0321
SERVICE,0.5752,0.01
SERVOTECH,0.5334,0.0337
SESHAPAPER,0.4196,0.0121
SETCO,0.5447,0.05
SETL,0.5025,0.0269
SEYAIND,0.4811,0.016
SFL,0.3209,0.0187
SGIL,0.4714,0.0289
SGL,0.5945,0.0166
SHAH,0.5762,0.027
SHAHALLOYS,0.5532,0.0134
SHAILY,0.4998,0.0181
SHAIVAL,0.05,0.0
SHAKTIPUMP,0.5325,0.0189
SHALBY,0.4621,0.0122
SHALPAINTS,0.4707,0.0287
SHANKARA,0.5824,0.0156
SHANTHALA,0.6833,0.0433
SHANTI,0.5063,0.0116
SHANTIGEAR,0.4542,0.0033
SHARDACROP,0.5043,0.0156
SHARDAMOTR,0.558,0.0151
SHAREINDIA,0.4411,0.0177
SHEETAL,0.3448,0.0058
SHEKHAWATI,0.8932,0.0162
SHEMAROO,0.5933,0.0312
SHERA,0.5144,0.0198
SHIGAN,0.6305,0.0289
SHILPAMED,0.4761,0.0277
SHIVALIK,0.46,0.0224
SHIVAMAUTO,0.5441,0.0095
SHIVAMILLS,0.5417,0.0248
SHIVATEX,0.5706,0.0128
SHIVAUM,0.275,0.0111
SHK,0.4757,0.0217
SHOPERSTOP,0.4205,0.0167
SHRADHA,0.5894,0.0179
SHREDIGCEM,0.4124,0.0161
SHREECEM,0.2762,0.0126
SHREEKARNI,0.5252,0.0169
SHREEOSFM,0.6413,0.029
SHREEPUSHK,0.5235,0.0186
SHREERAMA,0.5714,0.0236
SHREMINVIT,0.1376,0.0035
SHRENIK,0.6008,0.0058
SHREYANIND,0.4985,0.0176
SHRIPISTON,0.4087,0.0204
SHRIRAMFIN,0.4583,0.0166
SHRIRAMPPS,0.4601,0.0193
SHRITECH,0.4993,0.023
SHUBHLAXMI,0.5508,0.0337
SHYAMCENT,0.535,0.0119
SHYAMMETL,0.3394,0.011
SHYAMTEL,0.5223,0.0304
SICAGEN,1.1036,0.0129
SICALLOG,0.5223,0.0362
SIDDHIKA,0.4556,0.0208
SIEMENS,0.3103,0.0097
SIGACHI,0.4953,0.0157
SIGIND,0.5595,0.0128
SIGMA,0.6677,0.0119
SIGMAADV,0.5886,0.0386
SIGNATURE,0.3633,0.0083
SIGNORIA,0.5596,0.0413
SIGNPOST,0.5665,0.0239
SIKKO,0.6045,0.0153
SIL,0.4253,0.0199
SILGO,0.5607,0.0156
SILINV,0.4687,0.0114
SILKFLEX,0.5838,0.0355
SILLYMONKS,0.5872,0.0213
SIMPLEXINF,0.5668,0.031
SINCLAIR,0.4155,0.0107
SINDHUTRAD,0.6386,0.0176
SINTERCOM,0.3875,0.0184
SIRCA,0.4188,0.0048
SIS,0.3293,0.0165
SITINET,0.5663,0.0141
SIYSIL,0.4853,0.0225
SJLOGISTIC,0.5857,0.0301
SJS,0.4118,0.0123
SJVN,0.4023,0.012
SKFINDIA,0.3769,0.0096
SKIPPER,0.5943,0.0197
SKMEGGPROD,0.5316,0.0342
SKP,0.5439,0.017
SKYGOLD,0.5987,0.0325
SLONE,0.5655,0.0332
SMARTLINK,0.5186,0.0137
SMCGLOBAL,0.388,0.0191
SMLMAH,0.5247,0.0198
SMLT,0.5496,0.0155
SMSPHARMA,0.4903,0.0124
SMVD,0.4678,0.0036
SNOWMAN,0.4841,0.0134
SOBHA,0.4771,0.0157
SOFTTECH,0.4623,0.0179
SOLARA,0.5208,0.0224
SOLARINDS,0.3515,0.0164
SOLEX,0.646,0.0259
SOMANYCERA,0.4231,0.0125
SOMATEX,0.5845,0.0234
SOMICONVEY,0.6468,0.0081
SONACOMS,0.3814,0.0114
SONAMAC,0.6159,0.0304
SONAMLTD,0.4564,0.0187
SONATSOFTW,0.4307,0.0318
SONUINFRA,0.6214,0.0196
SOTAC,0.4944,0.0
SOTL,0.4034,0.0443
SOUTHBANK,0.4434,0.0167
SOUTHWEST,0.5456,0.0254
SPAL,0.5363,0.0386
SPANDANA,0.5177,0.0256
SPARC,0.5109,0.0267
SPCENET,0.5126,0.0199
SPCL,0.5467,0.0194
SPECIALITY,0.502,0.02
SPECTRUM,0.4607,0.035
SPECTSTM,0.6189,0.0313
SPENCERS,0.5262,0.0182
SPIC,0.5328,0.0189
SPLIL,0.5429,0.02
SPLPETRO,0.4053,0.0182
SPMLINFRA,0.5804,0.0232
SPORTKING,0.4719,0.0225
SPRL,0.4238,0.017
SRD,0.4801,0.0171
SREEL,0.4179,0.0118
SRF,0.3197,0.0119
SRGHFL,0.435,0.0152
SRHHYPOLTD,0.5377,0.0087
SRIVASAVI,0.6524,0.0386
SRM,0.5008,0.0212
SSDL,0.395,0.0159
SSFL,0.66,0.0403
SSWL,0.4032,0.0253
STALLION,0.7538,0.0335
STANLEY,0.4279,0.0196
STAR,0.5085,0.0219
STARCEMENT,0.3502,0.0088
STARHEALTH,0.3007,0.0135
STARPAPER,0.4035,0.0097
STARTECK,0.5248,0.0116
STCINDIA,0.5568,0.0357
STEELCAS,0.4342,0.0123
STEELCITY,0.4752,0.0117
STEELXIND,0.5044,0.0296
STEL,0.5193,0.0323
STERTOOLS,0.5071,0.0281
STLTECH,0.509,0.0382
STOVEKRAFT,0.4465,0.0179
STYLAMIND,0.415,0.0115
STYLEBAAZA,0.5808,0.0128
STYRENIX,0.413,0.0141
SUBEXLTD,0.5882,0.0284
SUBROS,0.4599,0.0166
SUDARCOLOR,0.4308,0.0129
SUDARSCHEM,0.4143,0.0155
SUKHJITS,0.3923,0.0118
SULA,0.3632,0.0121
SUMEETINDS,1.7822,0.029
SUMICHEM,0.3623,0.0149
SUMIT,0.5566,0.0284
SUMMITSEC,0.4434,0.0137
SUNCLAY,0.4227,0.0128
SUNDARAM,0.5043,0.0094
SUNDARMFIN,0.3365,0.016
SUNDRMBRAK,0.4746,0.0218
SUNDRMFAST,0.3119,0.0091
SUNDROP,0.3831,0.0156
SUNFLAG,0.5364,0.0297
SUNPHARMA,0.2463,0.0043
SUNREST,0.5803,0.0133
SUNTECK,0.4353,0.0229
SUNTV,0.3398,0.0087
SUPERHOUSE,0.4849,0.0161
SUPERSPIN,0.5444,0.0254
SUPRAJIT,0.3782,0.0148
SUPREME,0.5515,0.0143
SUPREMEENG,0.5809,0.0266
SUPREMEIND,0.3423,0.0104
SUPREMEINF,0.502,0.0327
SUPREMEPWR,0.6227,0.0257
SUPRIYA,0.4841,0.0315
SURAJEST,0.5056,0.0207
SURAJLTD,0.4702,0.0115
SURAKSHA,0.3434,0.0148
SURANASOL,0.5681,0.0119
SURANAT&P,0.5873,0.0166
SURANI,0.5611,0.0214
SURYALAXMI,0.5296,0.016
SURYAROSNI,0.5113,0.0155
SURYODAY,0.4494,0.0174
SUTLEJTEX,0.5194,0.0274
SUVEN,0.5574,0.0304
SUVIDHAA,0.5535,0.0131
SUYOG,0.4811,0.0272
SUZLON,0.5507,0.0173
SVLL,0.4061,0.0436
SVPGLOB,0.5498,0.0227
SWANCORP,0.4951,0.0106
SWANDEF,0.5808,0.0138
SWARAJ,0.5647,0.0236
SWARAJENG,0.3206,0.0085
SWASTIK,0.5357,0.0082
SWELECTES,0.5932,0.0177
SWIGGY,0.4526,0.0185
SWSOLAR,0.5043,0.0295
SYLVANPLY,0.5901,0.0093
SYMPHONY,0.3464,0.0114
SYNCOMF,0.5136,0.0151
SYNGENE,0.303,0.0129
SYNOPTICS,0.5437,0.0398
SYRMA,0.4563,0.0218
SYSTANGO,0.5607,0.0174
TAC,0.7507,0.0316
TAINWALCHM,0.6165,0.0178
TAJGVK,0.4516,0.0168
TAKE,0.5267,0.005
TALBROAUTO,0.5246,0.0144
TANLA,0.5084,0.0189
TAPIFRUIT,0.4845,0.0171
TARACHAND,0.605,0.0195
TARAPUR,0.4982,0.0337
TARC,0.4899,0.0171
TARIL,0.6423,0.0249
TARMAT,0.5892,0.0049
TARSONS,0.4062,0.0404
TASTYBITE,0.4032,0.0128
TATACHEM,0.3428,0.0088
TATACOMM,0.3656,0.0162
TATACONSUM,0.2784,0.0083
TATAELXSI,0.3785,0.0162
TATAINVEST,0.4018,0.015
TATAPOWER,0.366,0.0085
TATASTEEL,0.3583,0.0085
TATATECH,0.2794,0.0219
TATSILV,0.4443,0.0237
TATVA,0.3918,0.0193
TBI,0.526,0.0278
TBOTEK,0.4177,0.0256
TBZ,0.5293,0.0279
TCI,0.4138,0.0138
TCIEXP,0.3852,0.0221
TCIFINANCE,0.5219,0.0736
TCL,0.6167,0.0121
TCPLPACK,0.4955,0.025
TCS,0.2439,0.0203
TDPOWERSYS,0.5144,0.0296
TEAMGTY,0.6236,0.0138
TEAMLEASE,0.3622,0.0066
TECH,0.2336,0.0174
TECHLABS,0.6403,0.0383
TECHM,0.3029,0.0159
TECHNOE,0.4491,0.0157
TECILCHEM,0.5647,0.0205
TEGA,0.3815,0.0198
TEJASNET,0.5376,0.0335
TEMBO,0.4693,0.0184
TERASOFT,0.6509,0.0232
TEXINFRA,0.4892,0.0104
TEXMOPIPES,0.5508,0.0243
TEXRAIL,0.5553,0.0147
TFCILTD,0.5238,0.0087
TFL,0.5404,0.0166
TGBHOTELS,0.5021,0.0101
TGL,0.5992,0.0247
THANGAMAYL,0.5015,0.0312
THEINVEST,0.5058,0.0156
THEJO,0.5008,0.0201
THELEELA,0.304,0.0225
THEMISMED,0.5204,0.0178
THERMAX,0.3625,0.0154
THOMASCOOK,0.5114,0.0343
THOMASCOTT,0.5169,0.0296
THYROCARE,0.9425,0.0129
TI,0.4967,0.0138
TICL,0.6247,0.0235
TIIL,0.5318,0.0115
TIINDIA,0.4029,0.0171
TIJARIA,0.5254,0.0298
TIL,1.2123,0.0329
TIMESCAN,0.6507,0.0115
TIMETECHNO,0.4837,0.0156
TIMKEN,0.3692,0.0137
TINNARUBR,0.4155,0.0195
TIPSFILMS,0.595,0.0203
TIPSMUSIC,0.4897,0.0192
TIRUMALCHM,0.5016,0.0262
TIRUPATI,0.4174,0.002
TIRUPATIFL,0.5146,0.0187
TITAGARH,0.5149,0.0202
TITAN,0.2778,0.0149
TMB,0.27,0.0118
TMPV,0.4347,0.0191
TNPETRO,0.4299,0.01
TNPL,0.3916,0.0073
TNTELE,0.5099,0.0124
TOKYOPLAST,0.4882,0.0119
TOLINS,0.5031,0.0138
TORNTPHARM,0.2665,0.0086
TORNTPOWER,0.3568,0.0111
TOTAL,0.5344,0.0173
TOUCHWOOD,0.5292,0.017
TPHQ,0.4317,0.0073
TPLPLASTEH,0.5721,0.0143
TRACXN,0.4583,0.0155
TRANSRAILL,0.4769,0.0149
TRANSTEEL,0.467,0.0178
TRANSWIND,0.4497,0.0034
TRANSWORLD,0.5921,0.0282
TREEHOUSE,0.5376,0.0179
TREJHARA,0.5737,0.0171
TREL,0.4644,0.0112
TRENT,0.4073,0.0199
TRF,0.5382,0.0176
TRIDENT,0.4606,0.012
TRIDHYA,0.5804,0.0245
TRIGYN,0.5525,0.0185
TRITURBINE,0.4855,0.0194
TRIVENI,0.4757,0.0132
TRU,0.5924,0.0216
TRUST,0.5997,0.0233
TSFINV,0.4426,0.0118
TTKHLTCARE,0.394,0.013
TTKPRESTIG,0.3349,0.0136
TTL,0.5054,0.0188
TTML,0.5916,0.0252
TUNWAL,0.5299,0.0199
TVSELECT,0.55,0.0193
TVSHLTD,0.3756,0.0086
TVSMOTOR,0.3093,0.0117
TVSSCS,0.3951,0.0315
TVSSRICHAK,0.3931,0.0131
TVTODAY,0.3946,0.0143
TVVISION,0.5033,0.0228
UBL,0.264,0.0098
UCAL,0.449,0.0119
UCL,0.6663,0.0056
UCOBANK,0.4368,0.0177
UDS,0.4219,0.0145
UEL,1.2474,0.021
UFBL,0.4945,0.0362
UFLEX,0.4048,0.0131
UFO,0.4623,0.0126
UGARSUGAR,0.5118,0.0133
UGROCAP,0.4196,0.0152
UJJIVANSFB,0.4289,0.0191
ULTRACEMCO,0.2676,0.0096
UMA,0.5181,0.0083
UMAEXPORTS,0.5581,0.0303
UMESLTD,0.5389,0.0169
UMIYA-MRO,0.5845,0.0101
UNICHEMLAB,0.4714,0.0345
UNIDT,0.4796,0.0191
UNIECOM,0.4948,0.0162
UNIENTER,0.437,0.0109
UNIHEALTH,0.5014,0.0304
UNIINFO,0.5932,0.0192
UNIMECH,0.4876,0.0396
UNIONBANK,0.4141,0.0133
UNIPARTS,0.3361,0.0145
UNITDSPR,0.2904,0.0117
UNITECH,0.517,0.0236
UNITEDPOLY,0.5702,0.0112
UNITEDTEA,0.3977,0.0111
UNIVASTU,0.5696,0.0235
UNIVCABLES,0.5172,0.04
UNIVPHOTO,0.572,0.0189
UNOMINDA,0.3964,0.018
UPL,0.3462,0.0113
URAVIDEF,0.4255,0.0134
URBAN,0.6568,0.0106
URJA,0.532,0.0192
USASEEDS,0.5918,0.017
USHAMART,0.4971,0.0166
USK,0.5387,0.0253
UTIAMC,0.3496,0.0096
UTKARSHBNK,0.4333,0.0269
UTTAMSUGAR,0.5247,0.0149
UWCSL,0.3377,0.0103
UYFINCORP,0.5007,0.0106
V2RETAIL,0.5104,0.0274
VADILALIND,0.4648,0.0172
VAIBHAVGBL,0.4523,0.0211
VAISHALI,0.5646,0.0129
VAKRANGEE,0.5512,0.0109
VALIANTLAB,0.4636,0.0213
VALIANTORG,0.4805,0.0345
VARDHACRLC,0.4379,0.0137
VARDMNPOLY,0.5756,0.0271
VARROC,0.4621,0.0196
VASA,0.3894,0.0031
VASCONEQ,0.5838,0.0191
VASWANI,0.6365,0.0245
VBL,0.3644,0.0111
VCL,0.5656,0.0146
VEDL,0.4991,0.0169
VEEDOL,0.3491,0.0139
VEEKAYEM,0.5519,0.0222
VELS,0.5087,0.0
VENKEYS,0.4207,0.0125
VENTIVE,0.3641,0.0144
VENUSPIPES,0.3964,0.0219
VENUSREM,0.4244,0.0375
VERA,0.3417,0.0
VERANDA,0.5713,0.0218
VERITAAS,0.5262,0.0071
VERTEXPLUS,0.5144,0.0352
VERTOZ,0.568,0.0285
VESUVIUS,0.3812,0.012
VETO,0.5152,0.0296
VGL,0.557,0.0313
VGUARD,0.2874,0.0125
VHL,0.4347,0.0098
VHLTD,0.5519,0.009
VIAZ,0.4689,0.0171
VIDHIING,0.4526,0.0079
VIJAYA,0.4196,0.0227
VIJIFIN,0.7696,0.019
VIKASECO,0.5422,0.0084
VIKASLIFE,0.5178,0.0097
VILAS,0.5794,0.0171
VILINBIO,0.6024,0.0122
VIMTALABS,0.5534,0.0273
VINATIORGA,0.3196,0.0104
VINCOFE,0.4245,0.0128
VINDHYATEL,0.4584,0.0464
VINEETLAB,0.5737,0.0148
VINNY,0.4952,0.0231
VINSYS,0.4942,0.0236
VINYAS,0.5763,0.0346
VINYLINDIA,0.5378,0.0129
VIPCLOTHNG,0.5006,0.0133
VIPIND,0.4026,0.0216
VIPULLTD,0.5356,0.0319
VIRINCHI,0.4796,0.0201
VISAKAIND,0.4572,0.0175
VISAMAN,0.4864,0.0036
VISASTEEL,0.5104,0.03
VISHNU,0.4696,0.0119
VISHNUINFR,0.5863,0.0179
VISHWARAJ,0.4371,0.0199
VISHWAS,0.4955,0.0218
VITAL,0.5025,0.0272
VIVIANA,0.6633,0.0201
VIVIDHA,0.8589,0.0198
VIVIMEDLAB,1.8049,0.0149
VIVO,0.4398,0.0142
VIYASH,0.5103,0.0125
VLEGOV,0.6181,0.0171
VLSFINANCE,0.4814,0.0089
VMARCIND,0.6465,0.0328
VMART,0.385,0.0197
VMM,0.3494,0.0112
VOLTAMP,0.4584,0.0203
VOLTAS,0.3215,0.0141
VPRPL,0.5473,0.0477
VR,0.6286,0.0035
VRAJ,0.4078,0.012
VRLLOG,0.3893,0.0155
VSCL,0.4693,0.012
VSSL,0.4549,0.0138
VSTIND,0.2984,0.0059
VSTL,0.4777,0.0115
VSTTILLERS,0.3993,0.0134
VTL,0.3919,0.0148
WAAREEENER,0.4997,0.007
WAAREEINDO,0.4906,0.0194
WAAREERTL,0.4488,0.0126
WABAG,0.4773,0.0291
WALCHANNAG,0.5726,0.0307
WALPAR,0.5437,0.0291
WANBURY,0.4989,0.0243
WCIL,0.4067,0.0209
WEALTH,0.4949,0.0187
WEBELSOLAR,0.5956,0.0204
WEIZMANIND,0.6215,0.0232
WEL,0.5157,0.0082
WELCORP,0.4674,0.0165
WELENT,0.467,0.0153
WELINV,0.5466,0.0157
WELSPUNLIV,0.5025,0.0208
WENDT,0.4436,0.0194
WESTLIFE,0.3564,0.0208
WEWIN,0.5296,0.0236
WHEELS,0.413,0.0197
WHIRLPOOL,0.3332,0.0129
WILLAMAGOR,0.6164,0.0216
WINDLAS,0.4136,0.0104
WINDMACHIN,0.5759,0.0184
WINNY,0.5651,0.0069
WINSOL,0.5729,0.0184
WINSOME,3.0,0.0085
WIPL,0.3961,0.014
WIPRO,0.2881,0.0173
WOCKPHARMA,0.5303,0.0301
WOMANCART,0.647,0.0129
WONDERLA,0.3952,0.0093
WORTHPERI,0.5282,0.0155
WSI,0.5151,0.0136
WSTCSTPAPR,0.4265,0.0154
WTICAB,0.5854,0.0459
XCHANGING,0.4814,0.0145
XELPMOC,0.5772,0.0265
XPROINDIA,0.5465,0.0286
XTGLOBAL,0.618,0.0177
YASHO,0.4577,0.0343
YASHOPTICS,0.4293,0.0167
YATHARTH,0.4026,0.0115
YATRA,0.513,0.0211
YCCL,0.5141,0.0434
YESBANK,0.6167,0.0188
YUDIZ,0.5572,0.0259
YUKEN,0.4181,0.0095
ZAGGLE,0.5656,0.0147
ZEAL,0.613,0.0077
ZEEL,0.5489,0.0342
ZEELEARN,0.5406,0.0395
ZEEMEDIA,0.5491,0.0167
ZENITHDRUG,0.6534,0.0307
ZENITHEXPO,0.5618,0.0246
ZENITHSTL,0.6057,0.0235
ZENSARTECH,0.4408,0.0227
ZENTEC,0.5569,0.0262
ZFCVINDIA,0.3138,0.0143
ZIMLAB,0.4831,0.0244
ZODIAC,0.5427,0.0171
ZODIACLOTH,0.4531,0.0184
ZOTA,0.442,0.0272
ZTECH,0.486,0.0163
ZUARI,0.5478,0.0175
ZUARIIND,0.5745,0.0193
ZYDUSLIFE,0.2874,0.008
ZYDUSWELL,0.2858,0.0139
