Symbol,Annualized_Volatility
20MICRONS.NS,0.5246482698005984
21STCENMGM.NS,0.2573163260870038
360ONE.NS,0.38472221305997917
3IINFOLTD.NS,0.5224428980056913
3MINDIA.NS,0.2993814412134026
3PLAND.NS,0.5267302648709741
5PAISA.NS,0.46175049639575494
63MOONS.NS,0.5390220788268577
A2ZINFRA.NS,0.5539257338056688
AAATECH.NS,0.5097875069971005
AADHARHFC.NS,0.33612017889557433
AAKASH.NS,0.49260723234714127
AAREYDRUGS.NS,0.4948697088173214
AARON.NS,0.49022702551892977
AARTECH.NS,0.5301296898625402
AARTIDRUGS.NS,0.41468090906956195
AARTIIND.NS,0.35939424100653883
AARTIPHARM.NS,0.44313038836456703
AARTISURF.NS,0.45857034112449996
AARVI.NS,0.5201305708315789
AATMAJ.NS,0.5643131958690882
AAVAS.NS,0.35877317957152716
ABAN.NS,0.5212409646573857
ABB.NS,0.3312030969137802
ABBOTINDIA.NS,0.251856194058468
ABCAPITAL.NS,0.3914285368113351
ABCOTS.NS,0.5074904416086798
ABFRL.NS,0.3944223951079764
ABINFRA.NS,0.4661191359067042
ABMINTLLTD.NS,0.5562555236999994
ABREL.NS,0.45069266013747356
ABSLAMC.NS,0.31117379059178557
ABSMARINE.NS,0.5762332203060908
ACC.NS,0.29616543245395893
ACCELYA.NS,0.34128805728892947
ACCENTMIC.NS,0.4703772390971082
ACCORD.NS,0.40827563659840055
ACCURACY.NS,0.5329050514209311
ACE.NS,0.4876271328214839
ACEINTEG.NS,0.4431137738619837
ACI.NS,0.3664817474682133
ACL.NS,0.5171449506194387
ACUTAAS.NS,0.44435290141657313
ADANIENSOL.NS,0.5070019866240674
ADANIENT.NS,0.463863157637638
ADANIGREEN.NS,0.5027619107079905
ADANIPORTS.NS,0.3725813562530488
ADANIPOWER.NS,0.5174431505678059
ADFFOODS.NS,0.46533521497417524
ADL.NS,0.47346509045361324
ADOR.NS,0.4265992063810149
ADROITINFO.NS,0.539288071988456
ADSL.NS,0.5547595746865565
ADVANIHOTR.NS,0.4349279744526557
ADVENZYMES.NS,0.4110876578935344
AEGISLOG.NS,0.4881571299652445
AEROENTER.NS,0.5059942303488227
AEROFLEX.NS,0.5155030080265012
AERONEU.NS,0.483265864781235
AETHER.NS,0.31960846963164
AFFLE.NS,0.39287792350064715
AFSL.NS,0.4092416897850146
AGARIND.NS,0.5395502711447401
AGARWALFT.NS,0.5043012544891916
AGI.NS,0.5313044703333548
AGNI.NS,0.6256794198056086
AGRITECH.NS,0.5533813499906151
AGROPHOS.NS,0.5999873707028116
AGUL.NS,0.5585999843129876
AHIMSA.NS,0.2511912332647673
AHLADA.NS,0.5293404479072845
AHLEAST.NS,0.4184825505513969
AHLUCONT.NS,0.3672920254474525
AHLWEST.NS,0.2973775068193641
AIAENG.NS,0.3021357026307003
AIIL.NS,0.5297534737887868
AILIMITED.NS,0.5331139785968101
AIMTRON.NS,0.5744790133234072
AIRAN.NS,0.5235741248869527
AIROLAM.NS,0.5435238715675887
AISL.NS,0.4991085439801329
AJANTPHARM.NS,0.30933077298268674
AJMERA.NS,0.5357655175441811
AJOONI.NS,0.49976299812830116
AKASH.NS,0.5554361687865488
AKG.NS,0.5209053562642878
AKI.NS,0.5098317956979823
AKSHAR.NS,0.5055849332178319
AKSHARCHEM.NS,0.5069146834794012
AKSHOPTFBR.NS,0.5570483825315181
ALANKIT.NS,0.4846689253121253
ALBERTDAVD.NS,0.40601940887359256
ALEMBICLTD.NS,0.4240340162159911
ALICON.NS,0.46893794918233445
ALIVUS.NS,0.32518080239094865
ALKALI.NS,0.5546877205596831
ALKEM.NS,0.2552025726279562
ALKYLAMINE.NS,0.4050976523029048
ALLCARGO.NS,0.452197024499958
ALLDIGI.NS,0.44231262313149444
ALLETEC.NS,0.5540247955828814
ALMONDZ.NS,0.5211002054919993
ALOKINDS.NS,0.5258795192768747
ALPA.NS,0.5548548797631228
ALPEXSOLAR.NS,0.6218387821641809
ALPHA.NS,0.20746151427361723
ALPHAGEO.NS,0.5308651367878157
ALUWIND.NS,0.511483784622315
AMBER.NS,0.4535962522888647
AMBICAAGAR.NS,0.4721191645575415
AMBIKCO.NS,0.3833941395499702
AMBUJACEM.NS,0.3318023502553437
AMDIND.NS,0.5869685782726708
AMEYA.NS,0.5593580566531311
AMIABLE.NS,0.5523016260590357
AMJLAND.NS,0.5155223515908688
AMNPLST.NS,0.5481150568205487
AMRUTANJAN.NS,0.3439258791367085
ANANDRATHI.NS,0.2927148143651638
ANANTRAJ.NS,0.5325418794758504
ANDHRAPAP.NS,0.3778042406219216
ANDHRSUGAR.NS,0.4104115331344655
ANGELONE.NS,0.5146463161770737
ANIKINDS.NS,0.5528642480891731
ANKITMETAL.NS,0.6271055961967683
ANLON.NS,0.5948582188333051
ANMOL.NS,0.458051783825542
ANNAPURNA.NS,0.5123243284647012
ANSALAPI.NS,0.49190551179516384
ANTELOPUS.NS,0.5405462189774383
ANTGRAPHIC.NS,0.5608997548652558
ANUP.NS,0.47762447481156944
ANURAS.NS,0.3035306529957066
APARINDS.NS,0.46825437294568234
APCL.NS,0.4483457787837352
APCOTEXIND.NS,0.4491296412789536
APEX.NS,0.5007921974827245
APLAPOLLO.NS,0.3825461269850251
APLLTD.NS,0.3392634357107106
APOLLO.NS,0.5712170315517174
APOLLOHOSP.NS,0.3099257034750319
APOLLOPIPE.NS,0.4285932986399269
APOLLOTYRE.NS,0.35506116677219257
APOLSINHOT.NS,0.5069018155834687
APS.NS,0.5864161431867756
APTECHT.NS,0.5049488798652628
APTUS.NS,0.3651798951014583
AQYLON.NS,0.4719227378263606
ARABIAN.NS,0.4457357656014388
ARCHIDPLY.NS,0.5693086529780981
ARCHIES.NS,0.5234863357351002
ARE&M.NS,0.33868869031954707
ARENTERP.NS,0.6016128143779228
ARIES.NS,0.5049127058112973
ARIHANT.NS,0.5853343557580557
ARIHANTACA.NS,0.5170296646138213
ARIHANTCAP.NS,0.535475448774559
ARIHANTSUP.NS,0.49389817120048896
ARISTO.NS,0.6091296917419764
ARMANFIN.NS,0.49441203192925964
AROGRANITE.NS,0.5116001897252205
ARROWGREEN.NS,0.5762891927247743
ARSHIYA.NS,0.5772593973961658
ARTEMISMED.NS,0.47142197627109567
ARTNIRMAN.NS,0.49502652472680464
ARVEE.NS,0.5704145558509142
ARVIND.NS,0.48339524006959866
ARVINDFASN.NS,0.4425082798291897
ARVSMART.NS,0.4827097206989363
ASAHIINDIA.NS,0.41465111972511676
ASAHISONG.NS,0.5044488582663156
ASAL.NS,0.5385759340322495
ASALCBR.NS,0.432380022444987
ASCOM.NS,0.36860747807368466
ASHAPURMIN.NS,0.5597712286820035
ASHIANA.NS,0.43488966255481665
ASHIMASYN.NS,0.5853600124358699
ASHOKA.NS,0.46460748872848157
ASHOKAMET.NS,0.5101994666814998
ASHOKLEY.NS,0.3827891083878209
ASIANENE.NS,0.5122673214108971
ASIANHOTNR.NS,0.46159767880513974
ASIANPAINT.NS,0.25338986947465875
ASIANTILES.NS,0.4821064679634436
ASKAUTOLTD.NS,0.35968512669775166
ASMS.NS,0.5251291566936399
ASPINWALL.NS,0.5184859065923481
ASPIRE.NS,0.600360815615684
ASTEC.NS,0.4816016624301319
ASTERDM.NS,0.38696853203524445
ASTRAL.NS,0.34676671693166067
ASTRAMICRO.NS,0.46654799690820303
ASTRAZEN.NS,0.36651040302881177
ASTRON.NS,0.47454185659493403
ATALREAL.NS,0.5320368880547287
ATAM.NS,0.48247392201514244
ATGL.NS,0.5355003198622748
ATL.NS,0.4922310141133482
ATLANTAA.NS,0.5605780957902475
ATLASCYCLE.NS,0.33111695319358775
ATMASTCO.NS,0.6136571755019294
ATUL.NS,0.29709949562126037
ATULAUTO.NS,0.46047054897927064
AUBANK.NS,0.3889589047396173
AURIGROW.NS,0.5946870065039066
AURIONPRO.NS,0.5569383819626569
AUROIMPEX.NS,0.6245424952989891
AUROPHARMA.NS,0.3578556987317988
AURUM.NS,0.4925272455484825
AUSOMENT.NS,0.5917675565775615
AUTOAXLES.NS,0.3989209961922877
AUTOIND.NS,0.5325320160075687
AVADHSUGAR.NS,0.4961128681627764
AVALON.NS,0.486349579975087
AVANTIFEED.NS,0.43254383458718165
AVG.NS,0.5114235624232623
AVONMORE.NS,0.5042123425653748
AVPINFRA.NS,0.6025394053694796
AVROIND.NS,0.484432455049255
AVSL.NS,0.27924810358981034
AVTNPL.NS,0.43092335566537643
AWFIS.NS,0.4812203699307842
AWHCL.NS,0.45488973757375223
AWL.NS,0.4349390187323629
AXISBANK.NS,0.3255282845426364
AXISCADES.NS,0.5617273702410204
AXITA.NS,0.43190050404756325
AYMSYNTEX.NS,0.5228841518341668
AZAD.NS,0.4630237286806879
BABAFP.NS,0.5356589115760297
BAFNAPH.NS,0.45099592731549315
BAGFILMS.NS,0.5355516725979702
BAHETI.NS,0.5322324239132479
BAIDFIN.NS,0.4869683283493186
BAJAJ-AUTO.NS,0.269430647459261
BAJAJCON.NS,0.38089619529010277
BAJAJELEC.NS,0.36304413925344914
BAJAJFINSV.NS,0.32254004122562085
BAJAJHCARE.NS,0.47882515684628896
BAJAJHIND.NS,0.5435838669160945
BAJAJHLDNG.NS,0.33348418462324786
BAJEL.NS,0.532191596420279
BAJFINANCE.NS,0.3554399230692486
BALAJITELE.NS,0.5273330052152397
BALAMINES.NS,0.4840489407210762
BALAXI.NS,0.5105021994549356
BALKRISHNA.NS,0.5283034670831251
BALKRISIND.NS,0.33299519657169196
BALMLAWRIE.NS,0.36663424358201563
BALPHARMA.NS,0.5154862607509011
BALRAMCHIN.NS,0.4205627353286955
BALUFORGE.NS,0.5903073393267223
BANARBEADS.NS,0.5091443942418161
BANARISUG.NS,0.34491897331754157
BANCOINDIA.NS,0.4895908458027645
BANDHANBNK.NS,0.44395110413036964
BANG.NS,0.5601797398219766
BANKA.NS,0.5141865711643826
BANKBARODA.NS,0.38751679711415576
BANKINDIA.NS,0.41908100374480173
BANSWRAS.NS,0.47111802669076247
BASF.NS,0.3876903219975839
BASILIC.NS,0.5605776920928286
BASML.NS,0.5078168352405371
BATAINDIA.NS,0.2793527333053467
BAWEJA.NS,0.6386701078634751
BAYERCROP.NS,0.2818919331018073
BBL.NS,0.4452090272436818
BBOX.NS,0.5081783009135207
BBTC.NS,0.40255484859040014
BBTCL.NS,0.4364948541016825
BCG.NS,0.6047789589818453
BCLIND.NS,0.4981274888576085
BCONCEPTS.NS,0.5115723039174134
BDL.NS,0.46470516860447886
BEACON.NS,0.6351883827047847
BEARDSELL.NS,0.5715330968272851
BECTORFOOD.NS,0.37958069371856
BEDMUTHA.NS,0.5087618156854375
BEL.NS,0.35640918855564147
BEML.NS,0.46320529568940955
BEPL.NS,0.45311181494161284
BERGEPAINT.NS,0.27159736072374047
BESTAGRO.NS,0.5126849942606563
BEWLTD.NS,0.5691715058930672
BFINVEST.NS,0.47755156368302104
BFSI.NS,0.16600653416356398
BFUTILITIE.NS,0.5116587086581069
BGRENERGY.NS,0.6003446967123753
BHAGCHEM.NS,0.4260593300048808
BHAGERIA.NS,0.4573981064598993
BHAGYANGR.NS,0.5631067676802762
BHANDARI.NS,0.5885163411817337
BHARATFORG.NS,0.36371056479152397
BHARATGEAR.NS,0.512299373491811
BHARATRAS.NS,0.4153250554578682
BHARATWIRE.NS,0.5509253823458562
BHARTIARTL.NS,0.2678008322081976
BHARTIHEXA.NS,0.3802443610376373
BHEL.NS,0.46220382169018426
BIGBLOC.NS,0.5402556441825371
BIKAJI.NS,0.3316674313209943
BIL.NS,0.5099654074067217
BIOCON.NS,0.326059137679558
BIOFILCHEM.NS,0.5539284456849155
BIRDYS.NS,0.4758310926030374
BIRET.NS,0.1748553287120344
BIRLACABLE.NS,0.5570442319779176
BIRLACORPN.NS,0.3855472827514043
BIRLAMONEY.NS,0.49816615080447446
BIRLANU.NS,0.40990759371830954
BLAL.NS,0.40392616987354313
BLBLIMITED.NS,0.5898122918626311
BLISSGVS.NS,0.47530987774354644
BLKASHYAP.NS,0.5143072536604846
BLS.NS,0.5376002164452767
BLSE.NS,0.4542774338130194
BLUECHIP.NS,0.6253366583318498
BLUECOAST.NS,0.38588682795910784
BLUEDART.NS,0.32966218908158984
BLUEJET.NS,0.47576492996015346
BLUEPEBBLE.NS,0.6290941241228573
BLUESTARCO.NS,0.3425851620387411
BMETRICS.NS,0.5809467158115921
BODALCHEM.NS,0.4511451509731112
BOHRAIND.NS,0.48699384876308244
BOMDYEING.NS,0.5030624024542008
BOROLTD.NS,0.43138580427560685
BORORENEW.NS,0.517723601779258
BOROSCI.NS,0.4500827935338302
BOSCH-HCIL.NS,0.3892080017481559
BOSCHLTD.NS,0.30484710008206634
BPCL.NS,0.3330782773909244
BPL.NS,0.5637630418543111
BRIGADE.NS,0.40146510705381566
BRITANNIA.NS,0.23224837036488424
BRNL.NS,0.5199362429672851
BROOKS.NS,0.5864154920930109
BSE.NS,0.4777801227298947
BSHSL.NS,0.4841489876469789
BSL.NS,0.5410475305242423
BSOFT.NS,0.428813000754649
BTML.NS,0.54395612991744
BUTTERFLY.NS,0.4652013656351709
BVCL.NS,0.4898162423282864
BYKE.NS,0.5543787610820851
CADSYS.NS,0.5357908190178842
CALSOFT.NS,0.5778141272882589
CAMLINFINE.NS,0.5111366955158432
CAMPUS.NS,0.3481962107887565
CAMS.NS,0.34701438216340635
CANARYS.NS,0.5733043171511204
CANBK.NS,0.39577915066668246
CANFINHOME.NS,0.3653742185353243
CANTABIL.NS,0.42909297152180853
CAPACITE.NS,0.4874258933856583
CAPITALSFB.NS,0.2913670043012337
CAPLIPOINT.NS,0.43927899145712723
CAPTRUST.NS,0.5946947956470248
CARBORUNIV.NS,0.3475027974195875
CARERATING.NS,0.3974277161043067
CARTRADE.NS,0.48881856916574545
CARYSIL.NS,0.4803882388149031
CASTROLIND.NS,0.31881672649465953
CBAZAAR.NS,0.5517129413497933
CCAVENUE.NS,0.48287412394150886
CCCL.NS,0.7700364006144623
CCHHL.NS,0.5275949138056178
CCL.NS,0.36985214163646657
CDSL.NS,0.39209332369253497
CEATLTD.NS,0.3764943350831817
CELEBRITY.NS,0.5746895645620176
CELLECOR.NS,0.5926978280581179
CELLO.NS,0.30117626614215726
CELLPOINT.NS,0.44387921290761834
CEMPRO.NS,0.5115808439834041
CENTENKA.NS,0.41080882156651255
CENTEXT.NS,0.6310718123255634
CENTRALBK.NS,0.4680621723418708
CENTRUM.NS,0.5360833976065059
CENTUM.NS,0.552836298304026
CENTURYPLY.NS,0.3535023660952571
CERA.NS,0.3276330547842512
CEREBRAINT.NS,0.5062850631651196
CESC.NS,0.34738138558731013
CGCL.NS,0.4236163472503783
CGPOWER.NS,0.42315367292647055
CGRAPHICS.NS,0.5776535040628232
CHALET.NS,0.4034431068792731
CHAMBLFERT.NS,0.3980056116238524
CHAVDA.NS,0.544533432460646
CHEMBOND.NS,0.47574757923956745
CHEMCON.NS,0.39581082192632944
CHEMFAB.NS,0.5138950639867614
CHEMPLASTS.NS,0.4120716265263071
CHENNPETRO.NS,0.5266521878721665
CHEVIOT.NS,0.29207175572762506
CHOICEIN.NS,0.2837677980119694
CHOLAFIN.NS,0.42101313876590346
CHOLAHLDNG.NS,0.35106661205117384
CIEINDIA.NS,0.39349340870234806
CINELINE.NS,0.5315176452276689
CINEVISTA.NS,0.5604101549488942
CIPLA.NS,0.26245638187810366
CLEAN.NS,0.3291070244504639
CLEDUCATE.NS,0.5525106844563435
CLSEL.NS,0.4578092767409439
CLSL.NS,0.4983017829509573
CMNL.NS,0.578169734748229
CMRSL.NS,0.5844114466025512
CMSINFO.NS,0.3160915620023716
CNL.NS,0.4826588087643648
COALINDIA.NS,0.3146882646755948
COASTCORP.NS,0.5351662941360003
COCHINSHIP.NS,0.46292980377176185
COFFEEDAY.NS,0.5757631939033627
COFORGE.NS,0.4197341571142252
COHANCE.NS,0.40778781376286094
COLPAL.NS,0.2316634632590346
COMMITTED.NS,0.5262836909912673
COMPINFO.NS,0.5653615200343373
COMPUSOFT.NS,0.579011739956609
COMSYN.NS,0.4340677702440455
CONCOR.NS,0.3480903944813674
CONCORDBIO.NS,0.4205262750183586
CONFIPET.NS,0.5025677539484783
CONS.NS,0.19307074763767237
CONSOFINVT.NS,0.5083515594576239
CONTI.NS,0.5113819937498175
CONTROLPR.NS,0.4035180921871182
COOLCAPS.NS,0.5186628884522714
CORALFINAC.NS,0.5676715686359118
CORDSCABLE.NS,0.53323027940015
COROMANDEL.NS,0.30770776035848
COSMOFIRST.NS,0.47469316757412916
COUNCODOS.NS,0.5826842091023773
CPCAP.NS,0.4743665527909235
CPS.NS,0.514733032922876
CRAFTSMAN.NS,0.3668144601408021
CRAYONS.NS,0.6124582037173694
CREATIVEYE.NS,0.5747776193156703
CREDITACC.NS,0.44259281319370775
CREST.NS,0.48981130500185927
CRISIL.NS,0.32888196108511514
CROMPTON.NS,0.3131920129348712
CROWN.NS,0.43710829293472736
CSBBANK.NS,0.3837741856383787
CSLFINANCE.NS,0.4610957931214197
CTE.NS,0.5965705299340123
CUB.NS,0.358516137402329
CUBEXTUB.NS,0.5877053602433493
CUMMINSIND.NS,0.3235702483644359
CUPID.NS,0.4772128628032132
CURAA.NS,0.2363202639145949
CYBERMEDIA.NS,0.5440109293745052
CYBERTECH.NS,0.5884991649752018
CYIENT.NS,0.3820773890735462
CYIENTDLM.NS,0.40314944318090323
DABUR.NS,0.23027218176259137
DALBHARAT.NS,0.3377897986326795
DALMIASUG.NS,0.4827224674597725
DAMODARIND.NS,0.5357539033238211
DANGEE.NS,0.5157228003885633
DATAMATICS.NS,0.5473211747802481
DATAPATTNS.NS,0.49717841999986
DAVANGERE.NS,0.5055568227203994
DBCORP.NS,0.4165608496715042
DBL.NS,0.45560940956047613
DBOL.NS,0.4272041006822959
DBREALTY.NS,0.5975203685922207
DBSTOCKBRO.NS,0.5495034678257146
DCAL.NS,0.5623497855690838
DCBBANK.NS,0.3878057348568027
DCG.NS,0.5469283441250413
DCI.NS,0.4816716958187004
DCM.NS,0.5161159179030766
DCMFINSERV.NS,0.5330771936694113
DCMNVL.NS,0.5113349337583171
DCMSHRIRAM.NS,0.4178775156287421
DCMSRIND.NS,0.4498743587654815
DCW.NS,0.5331788575885174
DCXINDIA.NS,0.5044771366373348
DECCANCE.NS,0.39705963535238364
DEEM.NS,0.6026942725548483
DEEPAKFERT.NS,0.48484460695610615
DEEPAKNTR.NS,0.3829024557784932
DEEPINDS.NS,0.516009919506293
DELAPLEX.NS,0.5383193619211709
DELHIVERY.NS,0.36791760718178845
DELPHIFX.NS,0.5526050903760376
DELTACORP.NS,0.4564928911501166
DELTAMAGNT.NS,0.5737706494685261
DEN.NS,0.43852684414687176
DENEERS.NS,0.517840361730556
DENORA.NS,0.5484657630612247
DENTALKART.NS,0.52011493988821
DESTINY.NS,0.5296892299036355
DEVIT.NS,0.5375670558611002
DEVYANI.NS,0.3695505193969556
DGCONTENT.NS,0.5444283166328183
DHAMPURSUG.NS,0.4544431535836566
DHANBANK.NS,0.4793191166380087
DHANUKA.NS,0.36608472018935745
DHARMAJ.NS,0.44009905985319697
DHRUV.NS,0.5008517455045144
DHTL.NS,0.5884191593674409
DHUNINV.NS,0.5173374019431125
DIACABS.NS,0.6072272240750604
DIAMINESQ.NS,0.43549538098082013
DIAMONDYD.NS,0.36793499583338696
DICIND.NS,0.3541614055060335
DIGIDRIVE.NS,0.4728897145883553
DIGIKORE.NS,0.6114044051497243
DIGISPICE.NS,0.5536263547112235
DIGJAMLMTD.NS,0.46294291948094024
DISHTV.NS,0.571083574719121
DIVGIITTS.NS,0.38639353774955876
DIVISLAB.NS,0.2848954280810364
DIXON.NS,0.4036410773259459
DJML.NS,0.4559583336113865
DKEGL.NS,0.6413025823053832
DLF.NS,0.3874304506426182
DLINKINDIA.NS,0.4964960665036627
DMART.NS,0.3013085038987837
DMCC.NS,0.48108424106139114
DNAMEDIA.NS,0.7280713950321647
DODLA.NS,0.3579905209352412
DOLATALGO.NS,0.5088982414605228
DOLLAR.NS,0.4380991058784673
DOLLEX.NS,0.44659598265171285
DOLPHIN.NS,0.3422983842808225
DOMS.NS,0.3695850257239307
DONEAR.NS,0.49649437336229496
DPABHUSHAN.NS,0.48800943493492627
DPSCLTD.NS,0.5514226023366653
DPWIRES.NS,0.5428011216226379
DRCSYSTEMS.NS,0.5548422255432869
DREAMFOLKS.NS,0.43022924212530755
DREDGECORP.NS,0.5053534915174466
DRONE.NS,0.5551417578256491
DRREDDY.NS,0.2470737436066625
DRSDILIP.NS,0.33429021780216367
DSSL.NS,0.6422499467250032
DTIL.NS,0.44163340879549134
DUCOL.NS,0.514747806863693
DUCON.NS,0.5737723960538453
DUGLOBAL.NS,0.6015830470384104
DVL.NS,0.4780163714592077
DWARKESH.NS,0.4696186649160356
DYCL.NS,0.552308748249465
DYNAMATECH.NS,0.49231786057044075
DYNAMIC.NS,0.6093600935485421
DYNPRO.NS,0.5172258227838435
E2E.NS,0.5471890891585075
EASEMYTRIP.NS,0.5191445419416925
EASTSILK.NS,0.4899326231708988
ECLERX.NS,0.421211540380886
EDELWEISS.NS,0.5007167824615975
EFACTOR.NS,0.6590132945765929
EFORCE.NS,0.5395940105266763
EICHERMOT.NS,0.29855516754208994
EIDPARRY.NS,0.3961054705369902
EIFFL.NS,0.43509315548058314
EIHAHOTELS.NS,0.42348016663157884
EIHOTEL.NS,0.40716204881105217
EIMCOELECO.NS,0.5038623157159234
EKC.NS,0.5554414548231322
ELDEHSG.NS,0.423953343056472
ELECON.NS,0.5454047710237442
ELECTCAST.NS,0.5088998752599784
ELECTHERM.NS,0.544600781950807
ELGIEQUIP.NS,0.4535271908981133
ELGIRUBCO.NS,0.5877105248925193
ELIN.NS,0.4666794794495232
EMAMILTD.NS,0.3411292850478285
EMAMIREAL.NS,0.5443383190855131
EMBASSY.NS,0.22368695215817633
EMBDL.NS,0.5727286052957029
EMIL.NS,0.45449911897429046
EMKAY.NS,0.5661320219619492
EMKAYTOOLS.NS,0.4874904598249671
EMMBI.NS,0.4836053431260071
EMMIL.NS,0.540355405039126
EMSLIMITED.NS,0.5119955805356059
EMUDHRA.NS,0.40166723365171986
ENDURANCE.NS,0.3257144728842538
ENERGYDEV.NS,0.5440242584891952
ENFUSE.NS,0.6267942333657356
ENGINERSIN.NS,0.41850617641194204
ENIL.NS,0.44479302660349374
ENSER.NS,0.5908964626006163
ENTERO.NS,0.40287934488980226
EPACK.NS,0.5106254471157257
EPIGRAL.NS,0.4785086447657961
EPL.NS,0.3743327981461394
EQUIPPP.NS,0.6735795905720381
EQUITASBNK.NS,0.3735334366839477
ERIS.NS,0.30261650858151434
ESABINDIA.NS,0.3784598658251631
ESAFSFB.NS,0.36575677966335296
ESCONET.NS,0.5893400658977573
ESCORTS.NS,0.35524746159148657
ESFL.NS,0.5708612655066417
ESG.NS,0.13795840484886043
ESSARSHPNG.NS,0.5931407428860104
ESSENTIA.NS,0.5415518808843316
ESTER.NS,0.5034535574125316
ETERNAL.NS,0.4672397644590265
ETHOSLTD.NS,0.3766954091320513
EUROTEXIND.NS,0.5055834450413054
EVEREADY.NS,0.407695791426696
EVERESTIND.NS,0.4828014006898289
EXCELINDUS.NS,0.44331445313219536
EXICOM.NS,0.6096013010752529
EXIDEIND.NS,0.3042481309031405
EXPLEOSOL.NS,0.446844860040779
EXXARO.NS,0.45147577369722114
FACT.NS,0.596805543600519
FAIRCHEMOR.NS,0.46620675543577533
FAZE3Q.NS,0.5354245126796175
FCL.NS,0.5298664679507729
FCSSOFT.NS,0.8150231314923616
FDC.NS,0.3324570109329392
FEDERALBNK.NS,0.3436650948048156
FEDFINA.NS,0.3468213968544722
FEL.NS,0.5391321030599132
FELDVR.NS,0.5577015754393032
FELIX.NS,0.5236971532845253
FIBERWEB.NS,0.5034923976505319
FIDEL.NS,0.5990230466270633
FIEMIND.NS,0.450368664244382
FILATEX.NS,0.48614384205646355
FILATFASH.NS,0.5959863538398537
FINCABLES.NS,0.4079839698335062
FINEORG.NS,0.3636846375005673
FINOPB.NS,0.4919127609514617
FINPIPE.NS,0.370048495275496
FIVESTAR.NS,0.39958621629198976
FLAIR.NS,0.37937314301447617
FLEXITUFF.NS,0.565179836022175
FLFL.NS,0.5433806110880748
FLUOROCHEM.NS,0.4049001138077453
FMGOETZE.NS,0.36641839045590374
FMNL.NS,0.5414555434674112
FOCUS.NS,0.48975061912599493
FONEBOX.NS,0.5666552826205903
FOODSIN.NS,0.5069230460858583
FORCEMOT.NS,0.4868148277924873
FORTIS.NS,0.3206861199128881
FOSECOIND.NS,0.3953836115474549
FROG.NS,0.5980132954625552
FSL.NS,0.44525128217742366
FUSION.NS,0.4324215400832842
GABRIEL.NS,0.4657917541654745
GAEL.NS,0.45899516996042966
GAIL.NS,0.3412484730169615
GALAXYSURF.NS,0.3014877585896968
GALLANTT.NS,0.5294523225981315
GANDHAR.NS,0.3806337787454968
GANDHITUBE.NS,0.4223045719632083
GANECOS.NS,0.4363757881087543
GANESHBE.NS,0.42689840611182145
GANESHHOU.NS,0.5231383983930997
GANGAFORGE.NS,0.49698432512035284
GANGESSECU.NS,0.5320849546441982
GARFIBRES.NS,0.35974577779020156
GATECH.NS,0.5908928545812886
GATECHDVR.NS,0.6983716157635251
GATEWAY.NS,0.30863796810973604
GAYAHWS.NS,0.8460408688075267
GAYAPROJ.NS,0.5609937280218367
GEECEE.NS,0.4737985343755424
GEEKAYWIRE.NS,0.5059786188189169
GENCON.NS,0.5209232146002458
GENESYS.NS,0.5870885433853785
GENUSPAPER.NS,0.5365969178646857
GENUSPOWER.NS,0.5129411898639374
GEOJITFSL.NS,0.4754275838628575
GESHIP.NS,0.39777914270273923
GFLLIMITED.NS,0.4678612054169908
GHCL.NS,0.40283664025743465
GHCLTEXTIL.NS,0.41596187229709736
GICHSGFIN.NS,0.42602196858359287
GICL.NS,0.44037009596379373
GICRE.NS,0.44145627867416
GILLANDERS.NS,0.5078054085644408
GILLETTE.NS,0.24197153220266404
GINNIFILA.NS,0.5737531125576367
GIPCL.NS,0.40859904198545227
GIRIRAJ.NS,0.5043535884892862
GKWLIMITED.NS,0.484065036679467
GLAND.NS,0.36894517325990334
GLAXO.NS,0.2968223153018431
GLENMARK.NS,0.3539445004593343
GLFL.NS,0.5630729621117411
GLOBAL.NS,0.5403990517838188
GLOBALPET.NS,0.5218433704005605
GLOBALVECT.NS,0.5454067222866652
GLOBE.NS,0.49126821982564134
GLOBUSSPR.NS,0.48568424696970247
GLOSTERLTD.NS,0.32206561918705234
GMBREW.NS,0.42478051233054953
GMDCLTD.NS,0.5274772683052824
GMMPFAUDLR.NS,0.39611289311118014
GMRAIRPORT.NS,0.38612629217705474
GMRP&UI.NS,0.533647140993983
GNA.NS,0.44525576315441345
GNFC.NS,0.4171335669635097
GOACARBON.NS,0.5069358512388451
GOCLCORP.NS,0.4994318758790352
GOCOLORS.NS,0.3737939195648774
GODFRYPHLP.NS,0.4760076300207584
GODIGIT.NS,0.33205897416312397
GODREJAGRO.NS,0.3206091690946459
GODREJCP.NS,0.2915433247517982
GODREJIND.NS,0.3509567425277529
GODREJPROP.NS,0.411830165915107
GOKEX.NS,0.5531054525591952
GOKUL.NS,0.5397032431882398
GOKULAGRO.NS,0.5392310387353361
GOODLUCK.NS,0.5187035579834898
GOODYEAR.NS,0.2689621376053651
GOPAL.NS,0.3733339591601103
GOYALALUM.NS,0.4349175756882509
GOYALSALT.NS,0.4785490004589824
GPIL.NS,0.48609449200017096
GPPL.NS,0.37011033717914477
GPTHEALTH.NS,0.3583192710196347
GPTINFRA.NS,0.5662911511798927
GRANULES.NS,0.38954776725673906
GRAPHISAD.NS,0.5102949738316317
GRAPHITE.NS,0.46116659836975915
GRASIM.NS,0.28448409533992663
GRAUWEIL.NS,0.4438823468397319
GRAVITA.NS,0.5090445092960015
GRCL.NS,0.5272438345891066
GREAVESCOT.NS,0.4735797217331622
GREENCHEF.NS,0.519556896253525
GREENLAM.NS,0.4160916796735077
GREENPANEL.NS,0.4219141590315299
GREENPLY.NS,0.42498846515293687
GREENPOWER.NS,0.5305718989643646
GRETEX.NS,0.29788090690429747
GRINDWELL.NS,0.3322658078164818
GRINFRA.NS,0.32347465131588937
GRMOVER.NS,0.487561989142783
GROBTEA.NS,0.5181944647660732
GRPLTD.NS,0.5138772735581347
GRSE.NS,0.5444734057578882
GRWRHITECH.NS,0.5430602488879887
GSFC.NS,0.4288400383900407
GSLSU.NS,0.5269791418543435
GSMFOILS.NS,0.5202704112946515
GSS.NS,0.5367660012711342
GSTL.NS,0.537309002590719
GTECJAINX.NS,0.5290062018446118
GTL.NS,0.5643681466037059
GTLINFRA.NS,0.7120477647147195
GTPL.NS,0.4665560263048964
GUFICBIO.NS,0.46482243761287645
GUJALKALI.NS,0.42836796419632184
GUJAPOLLO.NS,0.4816254779428335
GUJGASLTD.NS,0.3304743598102697
GUJRAFFIA.NS,0.5031212649886339
GULFOILLUB.NS,0.34873685403190474
GULFPETRO.NS,0.508191998515515
GULPOLY.NS,0.48954614793763274
GVKPIL.NS,0.4432973947207698
GVPIL.NS,0.5209853269740049
GVPTECH.NS,0.36500674801479627
GVT&D.NS,0.4686575787633146
HAL.NS,0.37018684446678013
HALEOSLABS.NS,0.5248057643182024
HAPPSTMNDS.NS,0.3509984725150535
HAPPYFORGE.NS,0.29864965057633386
HARDWYN.NS,0.5088102248061352
HARIOMPIPE.NS,0.4800362349154219
HARRMALAYA.NS,0.47298793064270017
HARSHA.NS,0.3555710519919893
HATHWAY.NS,0.46087103981994687
HATSUN.NS,0.3652481218067569
HAVELLS.NS,0.28797942080831723
HAVISHA.NS,0.5965453401238908
HBLENGINE.NS,0.5517161960291502
HBSL.NS,0.557360374615813
HCC.NS,0.5977550183492694
HCG.NS,0.3417089908011604
HCL-INSYS.NS,0.4807031483825178
HCLTECH.NS,0.2781506690490887
HDFCAMC.NS,0.3110381881598865
HDFCBANK.NS,0.2580568075120186
HDFCLIFE.NS,0.2849705815749037
HDIL.NS,0.4629779775857063
HEADSUP.NS,0.5416984416775665
HECPROJECT.NS,0.5128686061010653
HEG.NS,0.4955783759609377
HEIDELBERG.NS,0.28977768950484956
HEMIPROP.NS,0.45547844000931026
HERANBA.NS,0.40504578909564787
HERITGFOOD.NS,0.4333991107465199
HEROMOTOCO.NS,0.29328157016527207
HESTERBIO.NS,0.4170239775193868
HEXATRADEX.NS,0.43017121737997716
HFCL.NS,0.5334924977935321
HGINFRA.NS,0.4430651763183602
HGM.NS,0.5619429751087768
HGS.NS,0.3977502242782252
HIGREEN.NS,0.5826168200977161
HIKAL.NS,0.4667185570812871
HILTON.NS,0.5565007866528816
HIMATSEIDE.NS,0.5255093086074325
HINDALCO.NS,0.3865827144163893
HINDCOMPOS.NS,0.46629231578407276
HINDCON.NS,0.5427344512184206
HINDCOPPER.NS,0.5287898600422063
HINDOILEXP.NS,0.5041071099165066
HINDPETRO.NS,0.37818277897350766
HINDUNILVR.NS,0.23042502675334567
HINDWAREAP.NS,0.4953155829623648
HINDZINC.NS,0.3853024379600126
HIRECT.NS,0.5670254146951398
HISARMETAL.NS,0.5476942155658453
HITECH.NS,0.48592504976005113
HITECHCORP.NS,0.5366036415548058
HITECHGEAR.NS,0.5009803727528207
HLEGLAS.NS,0.4668708598880573
HLVLTD.NS,0.5422256941488764
HMAAGRO.NS,0.3937283450678043
HMT.NS,0.42557117322587196
HMVL.NS,0.4380494122628336
HNDFDS.NS,0.3838985903145663
HOACFOODS.NS,0.5501992471694931
HOLMARC.NS,0.6537266205989397
HOMEFIRST.NS,0.3823017601978559
HOMESFY.NS,0.5508696429967461
HONASA.NS,0.4511406004979687
HONAUT.NS,0.31006833326287864
HPAL.NS,0.38994433055060357
HPIL.NS,0.44917692707164375
HPL.NS,0.545121238942281
HRHNEXT.NS,0.6039100767421045
HSCL.NS,0.4777317979552377
HTMEDIA.NS,0.4881533225466101
HUBTOWN.NS,0.548913754371191
HUDCO.NS,0.4521782633930164
HUHTAMAKI.NS,0.38385938667804625
HYBRIDFIN.NS,0.5736520236081324
IBLFL.NS,0.4485651567683335
IBULLSLTD.NS,0.5992958031541313
ICDSLTD.NS,0.5067125967556011
ICEMAKE.NS,0.5187806762321597
ICICIBANK.NS,0.2889320417678657
ICICIGI.NS,0.27836512549406367
ICICIPRULI.NS,0.3201459783916468
ICIL.NS,0.5677510601811376
ICRA.NS,0.29326845792497247
IDBI.NS,0.4798488989538
IDEA.NS,0.6355952211835735
IDEAFORGE.NS,0.5070438803019441
IDFCFIRSTB.NS,0.37528118339347116
IEML.NS,0.6555107709052398
IEX.NS,0.38843223440530145
IFBAGRO.NS,0.5010970221065386
IFBIND.NS,0.48317271867498157
IFCI.NS,0.5942519134131028
IFGLEXPOR.NS,0.5226809188350177
IGARASHI.NS,0.4984183932682521
IGL.NS,0.3361743567885021
IGPL.NS,0.449820115382941
IIFL.NS,0.4839019541502598
IIFLCAPS.NS,0.5303318317514095
IITL.NS,0.5067799068513336
IKIO.NS,0.4191059017480106
IL&FSENGG.NS,0.4773369238334852
IL&FSTRANS.NS,0.48159945056354875
IMAGICAA.NS,0.5497468970443591
IMFA.NS,0.4814567750977834
IMPAL.NS,0.31300127547847256
IMPEXFERRO.NS,0.6186867564820082
INCREDIBLE.NS,0.5527717540352222
INDBANK.NS,0.5858492495132265
INDGN.NS,0.35881229491557104
INDHOTEL.NS,0.3691089114404904
INDIACEM.NS,0.43257127717857313
INDIAGLYCO.NS,0.4715138960673113
INDIAMART.NS,0.39506233157969
INDIANB.NS,0.42593457426787557
INDIANCARD.NS,0.44404180489142303
INDIANHUME.NS,0.4681864968364399
INDIASHLTR.NS,0.32469770251749963
INDIFRA.NS,0.5130229784298006
INDIGO.NS,0.35584106902511703
INDIGOPNTS.NS,0.3017096253589403
INDIGRID.NS,0.12627642967263109
INDNIPPON.NS,0.41778835083783544
INDOAMIN.NS,0.5476632661336792
INDOBORAX.NS,0.45333674000514096
INDOCO.NS,0.44043174367293403
INDORAMA.NS,0.5126087133950137
INDOSTAR.NS,0.46022266762141517
INDOTECH.NS,0.5604048178301158
INDOTHAI.NS,0.5235881243438135
INDOWIND.NS,0.5537028738980028
INDRAMEDCO.NS,0.4708127911898994
INDSWFTLAB.NS,0.5249962176223084
INDTERRAIN.NS,0.5261523933218305
INDUSINDBK.NS,0.4123651025891884
INDUSTOWER.NS,0.4091313861960402
INFINIUM.NS,0.4421608819151867
INFOBEAN.NS,0.5365407226029993
INFOLLION.NS,0.5240477809813686
INFOMEDIA.NS,0.4848393728668826
INFY.NS,0.27993292799272534
INGERRAND.NS,0.341841569746836
INM.NS,0.5371442504631139
INNOVACAP.NS,0.40146276165956585
INNOVANA.NS,0.5427941446624017
INOXGREEN.NS,0.5254571556845271
INOXINDIA.NS,0.36671902653418115
INOXWIND.NS,0.5486096945064017
INSECTICID.NS,0.40084155682209865
INSPIRE.NS,0.601416796044276
INSPIRISYS.NS,0.5343142812608991
INTELLECT.NS,0.4796861780695144
INTENTECH.NS,0.5875266779343653
INTLCONV.NS,0.44259070907600756
INVENTURE.NS,0.5487056579960295
IOB.NS,0.47999047800946193
IOC.NS,0.2951645569996076
IOLCP.NS,0.4906780482360044
IONEXCHANG.NS,0.4133109366872156
IPCALAB.NS,0.3116214388509163
IPL.NS,0.4052149445877484
IPSL.NS,0.6931891343863339
IRB.NS,0.48608371499994335
IRBINVIT.NS,0.11850142759357449
IRCON.NS,0.4718149804125246
IRCTC.NS,0.3640953608700364
IREDA.NS,0.5051928730681998
IRFC.NS,0.3897484194672163
IRIS.NS,0.5104834430500871
IRISDOREME.NS,0.4561545913697155
IRMENERGY.NS,0.47212632671196725
ISFT.NS,0.5192078812933595
ISGEC.NS,0.4287475131451982
ISHAN.NS,0.6377407663490477
IT.NS,0.209049058939398
ITALIANE.NS,0.599509529112326
ITC.NS,0.24913104577532708
ITDC.NS,0.5056795114672868
ITI.NS,0.525917383483148
IVC.NS,0.496335818219947
IVP.NS,0.5463893248447335
IZMO.NS,0.5847350689350037
J&KBANK.NS,0.4837257335501131
JAGRAN.NS,0.36712181960886187
JAGSNPHARM.NS,0.5569043435011953
JAIBALAJI.NS,0.5128992030600126
JAICORPLTD.NS,0.5489421560985557
JAINAM.NS,0.5150367934458929
JAIPURKURT.NS,0.5242301753854988
JAKHARIA.NS,0.2770279200502714
JALAN.NS,0.4976453019581284
JAMNAAUTO.NS,0.41688518151078574
JASH.NS,0.45349373356819983
JAYAGROGN.NS,0.47058493004163066
JAYBARMARU.NS,0.49756293841155
JAYNECOIND.NS,0.5387171966887493
JAYSREETEA.NS,0.4312144898531149
JBCHEPHARM.NS,0.32087955502454685
JBMA.NS,0.5167913733999393
JETFREIGHT.NS,0.49981346622316053
JETKNIT.NS,0.2936422382760713
JFLLIFE.NS,0.5474930501896504
JGCHEM.NS,0.5230582682927757
JHS.NS,0.5440635231973545
JINDALPHOT.NS,0.5893740859007722
JINDALPOLY.NS,0.4725633158101128
JINDALSAW.NS,0.4943307331282286
JINDALSTEL.NS,0.42447003821996626
JINDRILL.NS,0.5307044727984894
JINDWORLD.NS,0.5401335015045188
JIOFIN.NS,0.3309368811716635
JISLDVREQS.NS,0.514048710198535
JISLJALEQS.NS,0.53877590182617
JITFINFRA.NS,0.5514852875498468
JIWANRAM.NS,0.5430851042318318
JKCEMENT.NS,0.32615899102645096
JKIL.NS,0.42210902417944857
JKLAKSHMI.NS,0.3649436668038713
JKPAPER.NS,0.4346454232281475
JKTYRE.NS,0.44091782169621363
JLHL.NS,0.2887811484758977
JMA.NS,0.4628904166545434
JMFINANCIL.NS,0.4462034045356151
JNKINDIA.NS,0.5210923334107902
JOCIL.NS,0.4702528364313462
JPOLYINVST.NS,0.5185067352569347
JPPOWER.NS,0.5941601306550038
JSFB.NS,0.4599378665875121
JSL.NS,0.46388275334577495
JSLL.NS,0.5693943613312894
JSWDULUX.NS,0.28225533466596114
JSWENERGY.NS,0.44319406259414623
JSWHL.NS,0.4303529452463561
JSWINFRA.NS,0.3753714969819236
JSWSTEEL.NS,0.33315242811247836
JTEKTINDIA.NS,0.46860399556413257
JTLIND.NS,0.4844613339436511
JUBLFOOD.NS,0.3477434973060902
JUBLINGREA.NS,0.44032709454749785
JUBLPHARMA.NS,0.42387178234732
JUNIPER.NS,0.40458398411957586
JUSTDIAL.NS,0.4567054871385423
JWL.NS,0.5562555820319586
JYOTHYLAB.NS,0.33395543673443534
JYOTICNC.NS,0.5096025190287369
JYOTISTRUC.NS,0.5547710303477729
K2INFRA.NS,0.6501767362163027
KABRAEXTRU.NS,0.5507535734166594
KAJARIACER.NS,0.3170070628353717
KAKATCEM.NS,0.43635805348662243
KALAMANDIR.NS,0.44619497300982625
KALYANIFRG.NS,0.4222448136662024
KALYANKJIL.NS,0.440512352105521
KAMATHOTEL.NS,0.5509054053522549
KAMDHENU.NS,0.5110879671548912
KAMOPAINTS.NS,0.5311676342942173
KANANIIND.NS,0.5362351581051058
KANDARP.NS,0.6139640312108013
KANORICHEM.NS,0.4992829297684213
KANPRPLA.NS,0.49319673375236817
KANSAINER.NS,0.29070042006071034
KAPSTON.NS,0.45131651100981457
KARMAENG.NS,0.5516090485489173
KARNIKA.NS,0.5448841778817283
KARURVYSYA.NS,0.40584709955282133
KAUSHALYA.NS,0.641002023422289
KAVDEFENCE.NS,0.47690829309786764
KAYA.NS,0.5104258177110035
KAYNES.NS,0.4831408486115709
KCEIL.NS,0.6126423785281205
KCK.NS,0.6271199454437313
KCP.NS,0.43911306140564244
KCPSUGIND.NS,0.5121612023747105
KDDL.NS,0.5199246041257544
KDL.NS,0.6631408142637515
KEC.NS,0.39395404065530554
KECL.NS,0.5374384096411984
KEEPLEARN.NS,0.503730271522471
KEI.NS,0.4107603389960942
KEL.NS,0.6220718077934451
KELLTONTEC.NS,0.558260010255006
KENNAMET.NS,0.37925841300051993
KERNEX.NS,0.5313274142361553
KESORAMIND.NS,0.5059066840542128
KEYFINSERV.NS,0.6627430793495498
KFINTECH.NS,0.43600424144758526
KHADIM.NS,0.5202091144223436
KHAICHEM.NS,0.5374417174455599
KHAITANLTD.NS,0.4752591765815001
KHANDSE.NS,0.5449855662523604
KHFM.NS,0.511144455860487
KICL.NS,0.38389788685556553
KILITCH.NS,0.4776574613178622
KIMS.NS,0.3135635480952808
KINGFA.NS,0.5033066678692802
KIOCL.NS,0.5758351397017365
KIRIINDUS.NS,0.48345544259610757
KIRLFER.NS,0.4419939041173775
KIRLOSBROS.NS,0.5166546229838999
KIRLOSENG.NS,0.4352486943370848
KIRLOSIND.NS,0.42763967340577747
KIRLPNU.NS,0.43375906968984823
KITEX.NS,0.5274494955498756
KKCL.NS,0.3665373860619121
KLL.NS,0.5976874761225432
KMSUGAR.NS,0.5279440784098748
KNAGRI.NS,0.5276455467497023
KNRCON.NS,0.37669941557931813
KODYTECH.NS,0.6467182622395605
KOHINOOR.NS,0.4677349587286308
KOKUYOCMLN.NS,0.439721921071224
KOLTEPATIL.NS,0.4595955623831792
KONSTELEC.NS,0.6109008427100072
KONTOR.NS,0.609502530340749
KOPRAN.NS,0.5414312490153497
KORE.NS,0.6455423787983268
KOTAKBANK.NS,0.28083944956536927
KOTARISUG.NS,0.5262106056439483
KOTHARIPET.NS,0.544329909541793
KOTHARIPRO.NS,0.5566554524974482
KOTYARK.NS,0.6660596002222785
KOVAI.NS,0.2683233393167992
KPIGREEN.NS,0.5343282094565113
KPIL.NS,0.3706143714725524
KPITTECH.NS,0.4409332384506583
KPRMILL.NS,0.4111063326926073
KRBL.NS,0.4559837107701124
KREBSBIO.NS,0.5791218525976294
KRIDHANINF.NS,0.5848024842849663
KRISHANA.NS,0.4227127540436449
KRISHCA.NS,0.5966266768368571
KRISHIVAL.NS,0.4306780621853124
KRISHNADEF.NS,0.5888768099805295
KRITI.NS,0.4788542621075718
KRITIKA.NS,0.4298390188855938
KRITINUT.NS,0.5248855111520844
KRSNAA.NS,0.3697592114691938
KRYSTAL.NS,0.46335762468260544
KSB.NS,0.35812184398436486
KSCL.NS,0.3843598083187191
KSHITIJPOL.NS,0.5375568765380048
KSL.NS,0.4226434995872877
KSOLVES.NS,0.49224924498713696
KTKBANK.NS,0.3861863650223178
KUANTUM.NS,0.4904478492451666
LAGNAM.NS,0.5163338030280803
LAKPRE.NS,0.48842675566532884
LAL.NS,0.49900806340151665
LALPATHLAB.NS,0.33952250256561334
LAMBODHARA.NS,0.6025709876913681
LANCORHOL.NS,0.5650933326569633
LANDMARK.NS,0.4104509929576721
LANDSMILL.NS,0.7596930160110825
LAOPALA.NS,0.39327390902319787
LASA.NS,0.5810648763156065
LATENTVIEW.NS,0.4138240650059261
LATTEYS.NS,0.4673701265724014
LAURUSLABS.NS,0.3751236514460161
LAXMICOT.NS,0.6297624623856799
LCCINFOTEC.NS,0.48269259469340386
LEMERITE.NS,0.4585769760143493
LEMONTREE.NS,0.4355418405674665
LEXUS.NS,0.5719410404561002
LFIC.NS,0.6036559959877329
LGBBROSLTD.NS,0.42244186983385873
LGHL.NS,0.3975390940377841
LIBAS.NS,0.48447131059417015
LIBERTSHOE.NS,0.4915378460593704
LICHSGFIN.NS,0.3745928579070479
LICI.NS,0.28746056083647675
LICNFNHGP.NS,0.24785400384534748
LIKHITHA.NS,0.4631130785693287
LINC.NS,0.47024610541433326
LINCOLN.NS,0.42391900066205496
LINDEINDIA.NS,0.38719133674636835
LLOYDS.NS,0.6359027681119246
LLOYDSENGG.NS,0.6824127096321881
LLOYDSME.NS,0.3993391005047002
LMW.NS,0.33441485397396087
LODHA.NS,0.4505873857615534
LOKESHMACH.NS,0.5880623909094226
LORDSCHLO.NS,0.5055674736778191
LOTUSEYE.NS,0.5167052290469073
LOVABLE.NS,0.5010925311779488
LOYALTEX.NS,0.48229592890352974
LPDC.NS,0.5889869951613015
LRRPL.NS,0.5872046128895708
LT.NS,0.2784122672394422
LTF.NS,0.40263795399093943
LTFOODS.NS,0.47121597851300306
LTM.NS,0.3386532199380409
LTTS.NS,0.3595468150437886
LUMAXIND.NS,0.411200540416498
LUMAXTECH.NS,0.4794577829866036
LUPIN.NS,0.29494821714245983
LUXIND.NS,0.40143181539748013
LXCHEM.NS,0.4130954714512692
LYKALABS.NS,0.5164564377745897
LYPSAGEMS.NS,0.57640760444656
M&M.NS,0.32766808876576486
M&MFIN.NS,0.4141878394118213
MAANALU.NS,0.599824613043761
MACPOWER.NS,0.535038887039467
MADHAV.NS,0.5197885244212632
MADHAVBAUG.NS,0.5137885456772944
MADHUCON.NS,0.5174384385917207
MADHUSUDAN.NS,0.5546462833404647
MADRASFERT.NS,0.5401898244100978
MAFANG.NS,0.2620183067360232
MAGADSUGAR.NS,0.5182691053064151
MAGNUM.NS,0.5615182828090659
MAGSON.NS,0.5142164387156799
MAHABANK.NS,0.4464794279960149
MAHAPEXLTD.NS,0.5142216449869157
MAHASTEEL.NS,0.4620142867802331
MAHEPC.NS,0.44567861904152295
MAHESHWARI.NS,0.4705002399812302
MAHICKRA.NS,0.4232899476962192
MAHKTECH.NS,0.35797628537274734
MAHLIFE.NS,0.3728356286274854
MAHLOG.NS,0.39885178127605403
MAHSCOOTER.NS,0.3550327972834137
MAHSEAMLES.NS,0.3831756653075643
MAITHANALL.NS,0.43983208670599633
MAITREYA.NS,0.5378267827634023
MAKEINDIA.NS,0.16452386613157768
MAKS.NS,0.4873247914766056
MAL.NS,0.5247676226900035
MALLCOM.NS,0.4400797081617571
MALUPAPER.NS,0.5327991025555471
MANAKALUCO.NS,0.6274675695679951
MANAKCOAT.NS,0.5515547099161672
MANAKSIA.NS,0.471216198867309
MANAKSTEEL.NS,0.5632989069048405
MANALIPETC.NS,0.48693951444447264
MANAPPURAM.NS,0.4225130289710874
MANAV.NS,0.3585717304869191
MANDEEP.NS,0.43533646951934585
MANGALAM.NS,0.4956783046022854
MANGLMCEM.NS,0.39481088213508386
MANINDS.NS,0.5433437795017466
MANINFRA.NS,0.4709606532219557
MANKIND.NS,0.30540643812344864
MANOMAY.NS,0.46989619107783537
MANORAMA.NS,0.4649987895024931
MANORG.NS,0.5047200628426394
MANUGRAPH.NS,0.5809362787450786
MANYAVAR.NS,0.32069515650223124
MAPMYINDIA.NS,0.3918914510688991
MARALOVER.NS,0.523044662231099
MARATHON.NS,0.5294900129519666
MARCO.NS,0.6012913670308299
MARICO.NS,0.2398436390197987
MARINE.NS,0.5080743235329785
MARINETRAN.NS,0.5963335899418826
MARKSANS.NS,0.496826542514418
MARUTI.NS,0.28184055163311056
MASFIN.NS,0.3861917486377426
MASKINVEST.NS,0.5467391944613628
MASTEK.NS,0.45037865575825364
MASTER.NS,0.4314728848253094
MATRIMONY.NS,0.40015702120863067
MAWANASUG.NS,0.5001734647305252
MAXESTATES.NS,0.44387667084822885
MAXHEALTH.NS,0.3678606373442155
MAXIND.NS,0.40844527654036594
MAXPOSURE.NS,0.6225991612365134
MAYURUNIQ.NS,0.41295958931652305
MAZDA.NS,0.4627153169805898
MAZDOCK.NS,0.49417966517605844
MBAPL.NS,0.43258960202244173
MBLINFRA.NS,0.5716263014588482
MCL.NS,0.5466474049611525
MCLEODRUSS.NS,0.5857342838576731
MCON.NS,0.6105015074883975
MCX.NS,0.40252170958415767
MDL.NS,0.5126063044240411
MEDANTA.NS,0.3241150928751729
MEDIASSIST.NS,0.4003287060092005
MEDICAMEQ.NS,0.49523460330015984
MEDICO.NS,0.48986393096701214
MEDPLUS.NS,0.33075133959580416
MEGAFLEX.NS,0.5156162982541664
MEGASTAR.NS,0.4834540721725136
MEGATHERM.NS,0.5663406416988079
MENONBE.NS,0.4574600171395507
MEP.NS,0.5362876136937733
METROBRAND.NS,0.34151056356188636
METROPOLIS.NS,0.36701231609800783
MFSL.NS,0.3463431126066974
MGEL.NS,0.5174037553252621
MGL.NS,0.35011994655707745
MHHL.NS,0.6011604837073234
MHLXMIRU.NS,0.5746596288032193
MHRIL.NS,0.3713283906861292
MICEL.NS,0.6127780582354687
MICROPRO.NS,0.5878446991204058
MIDHANI.NS,0.43858904952428984
MILTON.NS,0.38813653688508265
MINDACORP.NS,0.4323885648204655
MINDPOOL.NS,0.3037373173802491
MINDSPACE.NS,0.1591969563180701
MINDTECK.NS,0.6034724270047428
MIRCELECTR.NS,0.587112363548258
MIRZAINT.NS,0.5422819521624843
MITCON.NS,0.4881108933996913
MITTAL.NS,0.5444463325725866
MKPL.NS,0.4144526210121756
MMFL.NS,0.4239494107566512
MMP.NS,0.5048164357503936
MMTC.NS,0.5434811644337095
MNC.NS,0.16753676566927825
MODIRUBBER.NS,0.4728085589644155
MODISONLTD.NS,0.5117317410909601
MODTHREAD.NS,0.5354034422560208
MOHITIND.NS,0.5261068108904896
MOIL.NS,0.4176363027287615
MOKSH.NS,0.5319262525113114
MOL.NS,0.44023964886206574
MOLDTECH.NS,0.5351405450440593
MOLDTKPAC.NS,0.3595180857594998
MONARCH.NS,0.48730545405528425
MONOPHARMA.NS,0.511023249456278
MONTECARLO.NS,0.4301277807101989
MOREALTY.NS,0.2716559970108211
MOREPENLAB.NS,0.5544412662299115
MOS.NS,0.5860059842938568
MOTHERSON.NS,0.4139544618883675
MOTILALOFS.NS,0.4322728939020076
MOTISONS.NS,0.5542597992172298
MOTOGENFIN.NS,0.5536023119348625
MOXSH.NS,0.5450793739023863
MPHASIS.NS,0.3447776443281619
MPSLTD.NS,0.4779856128357766
MPTODAY.NS,0.4110978381059292
MRF.NS,0.2554541011950679
MRPL.NS,0.4975259882175436
MSPL.NS,0.490612703676615
MSTCLTD.NS,0.5406383754157528
MSUMI.NS,0.2894261954121595
MTARTECH.NS,0.44433418011031206
MTEDUCARE.NS,0.5160068548762108
MTNL.NS,0.5904779719807078
MUFIN.NS,0.4875130531933192
MUFTI.NS,0.4490175765365873
MUKANDLTD.NS,0.48429313860517464
MUKKA.NS,0.41585664612618173
MUKTAARTS.NS,0.5020207842659465
MUNJALAU.NS,0.4681984094938959
MUNJALSHOW.NS,0.3840691157376133
MURUDCERA.NS,0.5365378894169327
MUTHOOTCAP.NS,0.4344302914028499
MUTHOOTFIN.NS,0.35609583895101576
MUTHOOTMF.NS,0.3785926847453281
MVGJL.NS,0.5021345608548727
MVKAGRO.NS,0.5015744604583748
MWL.NS,0.4195818714137479
NACLIND.NS,0.5133603260267237
NAGAFERT.NS,0.5045626529195142
NAGREEKCAP.NS,0.5612819567012787
NAGREEKEXP.NS,0.6052182147685397
NAHARCAP.NS,0.5049375368770561
NAHARINDUS.NS,0.48373580674950695
NAHARPOLY.NS,0.5671660108764187
NAHARSPING.NS,0.48614853062598473
NAM-INDIA.NS,0.38701523013622996
NAMAN.NS,0.6010857739589734
NARMADA.NS,0.42473764634880595
NATCOPHARM.NS,0.3459348525197347
NATHBIOGEN.NS,0.43202383610049516
NATIONALUM.NS,0.4435186769914056
NAUKRI.NS,0.3727769001152729
NAVA.NS,0.5116992788663213
NAVINFLUOR.NS,0.36766658332317614
NAVKARCORP.NS,0.5774676131506412
NAVNETEDUL.NS,0.3776538474322536
NAZARA.NS,0.43233402257485665
NBCC.NS,0.4810271638580274
NBIFIN.NS,0.413724801143252
NCC.NS,0.477236965617073
NCLIND.NS,0.37963057080490725
NDGL.NS,0.521711918750287
NDL.NS,0.5503390861815335
NDLVENTURE.NS,0.4928369602609452
NDRAUTO.NS,0.5563635517589565
NDTV.NS,0.5507587731206529
NECCLTD.NS,0.600713001957807
NECLIFE.NS,0.5835772764716413
NELCAST.NS,0.5202057042420402
NELCO.NS,0.48947700170974706
NEOGEN.NS,0.45419374152415
NESCO.NS,0.33235037527896466
NESTLEIND.NS,0.21823914427187985
NETWEB.NS,0.5363147586243255
NETWORK18.NS,0.5072538558066314
NEULANDLAB.NS,0.5431556436453712
NEWGEN.NS,0.48177305442227586
NEWJAISA.NS,0.6467781590853391
NEXTMEDIA.NS,0.5498726078908936
NFL.NS,0.48963254622739205
NGIL.NS,0.5382696154367422
NGLFINE.NS,0.4852932745935786
NH.NS,0.3334679322592191
NHPC.NS,0.3482611476319518
NIACL.NS,0.4767585987153751
NIBL.NS,0.5543189622553413
NIDAN.NS,0.5461925303959505
NIITLTD.NS,0.5320945392042271
NIITMTS.NS,0.39883507965659115
NILAINFRA.NS,0.5642543349703025
NILASPACES.NS,0.5727237111274828
NILKAMAL.NS,0.30291425633989105
NINSYS.NS,0.4764967330873014
NIPPOBATRY.NS,0.4772121610304462
NIRAJ.NS,0.5077736462533167
NIRAJISPAT.NS,0.47659018179913876
NIRMAN.NS,0.6517929987579605
NITCO.NS,0.5118714496525252
NITINSPIN.NS,0.4466407554187027
NITIRAJ.NS,0.46413559602390797
NKIND.NS,0.5454556090320662
NLCINDIA.NS,0.42810719391819774
NMDC.NS,0.3912211089257329
NOCIL.NS,0.4209093896622486
NOIDATOLL.NS,0.5580496815195035
NORBTEAEXP.NS,0.49231636049293637
NOVAAGRI.NS,0.4973135104988166
NOVARTIND.NS,0.3533561170615943
NPBET.NS,0.25380193829702
NPST.NS,0.59751842307998
NRAIL.NS,0.4714181512837516
NRBBEARING.NS,0.4457444040547746
NRL.NS,0.5419878189179209
NSIL.NS,0.45054293299724113
NSLNISP.NS,0.42523218395938556
NTPC.NS,0.2773443557725824
NUCLEUS.NS,0.4759865168359305
NURECA.NS,0.5196675526348047
NUVAMA.NS,0.45723334079354616
NUVOCO.NS,0.314159904541497
NXST.NS,0.1728377197628218
NYKAA.NS,0.37873382523112287
OAL.NS,0.5013919711855453
OBCL.NS,0.4754881783206882
OBEROIRLTY.NS,0.37217023651608644
OFSS.NS,0.3311272994351231
OIL.NS,0.42078801527249876
OILCOUNTUB.NS,0.5403623921300396
OLECTRA.NS,0.5115664124426549
OLIL.NS,0.5683860151024805
OMAXAUTO.NS,0.560163496013319
OMAXE.NS,0.47843955153079476
OMFURN.NS,0.471687364147865
OMINFRAL.NS,0.5448710874261129
ONDOOR.NS,0.5735669391843788
ONELIFECAP.NS,0.5728238997592152
ONEPOINT.NS,0.506652971252105
ONGC.NS,0.35853772512238896
ONMOBILE.NS,0.5567222333054285
ONWARDTEC.NS,0.5411517668300678
OPTIEMUS.NS,0.5743792026463012
ORBTEXP.NS,0.5552358572451765
ORCHPHARMA.NS,0.45736911130983005
ORIANA.NS,0.6321136411260637
ORICONENT.NS,0.5014989149833744
ORIENTALTL.NS,0.563879889337354
ORIENTBELL.NS,0.509204310606092
ORIENTCEM.NS,0.42740929460276483
ORIENTCER.NS,0.516830565151419
ORIENTELEC.NS,0.35757531875467835
ORIENTHOT.NS,0.4649319809369473
ORIENTLTD.NS,0.5290181260416459
ORIENTPPR.NS,0.4782925434198528
ORISSAMINE.NS,0.5046737552217435
ORTEL.NS,0.5683426237100776
ORTINGLOBE.NS,0.569556570799363
OSIAHYPER.NS,0.5763553197066406
OSWALAGRO.NS,0.5991220661736103
OSWALGREEN.NS,0.5682910865784615
OSWALSEEDS.NS,0.46568925574877695
OWAIS.NS,0.668042212120572
PAGEIND.NS,0.27889976669756256
PAISALO.NS,0.5076114515385154
PAKKA.NS,0.5486069316435311
PALASHSECU.NS,0.5367083362629672
PALREDTEC.NS,0.5604797806339622
PANACEABIO.NS,0.5425136633613853
PANACHE.NS,0.5608280842039983
PANAMAPET.NS,0.4849100228455734
PANSARI.NS,0.46941065967782675
PAR.NS,0.5146658903466068
PARACABLES.NS,0.5832752218425138
PARADEEP.NS,0.444267717445298
PARAGMILK.NS,0.48873118846495656
PARAGON.NS,0.5337151861483754
PARAS.NS,0.4979856837530422
PARASPETRO.NS,0.39113455981672035
PARIN.NS,0.38221641398506084
PARKHOTELS.NS,0.40460578172315187
PARSVNATH.NS,0.577459246650451
PARTYCRUS.NS,0.5683603080010237
PASHUPATI.NS,0.46966490287510837
PASUPTAC.NS,0.5324313838507714
PATANJALI.NS,0.4329766792825854
PATELENG.NS,0.5543493062869045
PATINTLOG.NS,0.5551144863008731
PATTECH.NS,0.5045053564734602
PAVNAIND.NS,0.49782569223178513
PAYTM.NS,0.5055206698394504
PCBL.NS,0.4411868207677151
PCJEWELLER.NS,0.556807721280153
PDMJEPAPER.NS,0.5009885077895195
PDSL.NS,0.40777335586848634
PEARLPOLY.NS,0.5992702906350249
PENIND.NS,0.5437655860137116
PENINLAND.NS,0.5755262869813634
PENTAGON.NS,0.5801509305898255
PERSISTENT.NS,0.3609164606390822
PETRONET.NS,0.29518962995266784
PFC.NS,0.3753301008397958
PFIZER.NS,0.24786906383296028
PFOCUS.NS,0.596615869236972
PFS.NS,0.4954697041069308
PGEL.NS,0.5496978150730109
PGHH.NS,0.2183617984499556
PGHL.NS,0.2591157859745662
PGIL.NS,0.5467494825195981
PGINVIT.NS,0.12305660154110834
PHANTOMFX.NS,0.5681559818534789
PHOENIXLTD.NS,0.396470484175967
PIDILITIND.NS,0.2371407114549113
PIGL.NS,0.4721669448425898
PIIND.NS,0.3106352462590625
PILANIINVS.NS,0.3699127595098261
PILITA.NS,0.5147218231482181
PIONEEREMB.NS,0.49950489306776275
PITTIENG.NS,0.4888478869298579
PIXTRANS.NS,0.42449586700950787
PKTEA.NS,0.4929152828039152
PLADAINFO.NS,0.561910039176718
PLASTIBLEN.NS,0.42004394150759733
PLATIND.NS,0.5227940545508489
PLAZACABLE.NS,0.4414648356660682
PNB.NS,0.3797862597717793
PNBHOUSING.NS,0.4580250244735
PNC.NS,0.593102935445152
PNCINFRA.NS,0.4051919765424873
POCL.NS,0.43201207156800997
PODDARMENT.NS,0.4134976688558231
POKARNA.NS,0.5410425379873754
POLICYBZR.NS,0.45567647375097703
POLYCAB.NS,0.34802078005636233
POLYMED.NS,0.4274453163613991
POLYPLEX.NS,0.40716620770979023
POLYSIL.NS,0.5082159454219757
PONNIERODE.NS,0.469257931471462
POONAWALLA.NS,0.4682283819494009
POWERGRID.NS,0.2767972936196508
POWERINDIA.NS,0.43462719602408234
POWERMECH.NS,0.46048104413240587
PPAP.NS,0.4850742773384864
PPL.NS,0.485690940941166
PPLPHARMA.NS,0.4004763623403632
PRAENG.NS,0.5816497687424463
PRAJIND.NS,0.4559092371618894
PRAKASH.NS,0.5163574450473841
PRAKASHSTL.NS,0.6465398954110176
PRAMARA.NS,0.5489482567536479
PRATHAM.NS,0.5523528089374401
PRAXIS.NS,0.5306792918173572
PRECAM.NS,0.5704584077323703
PRECISION.NS,0.620586032473017
PRECOT.NS,0.5394670636997518
PRECWIRE.NS,0.5250770759899496
PREMEXPLN.NS,0.5615769540951406
PREMIER.NS,0.4891652349759002
PREMIERPOL.NS,0.6260894217090446
PRESSTONIC.NS,0.6668686788527296
PRESTIGE.NS,0.44561960481113716
PRICOLLTD.NS,0.4580875753359898
PRIMESECU.NS,0.456893094458937
PRINCEPIPE.NS,0.3963808822935936
PRITI.NS,0.5049928507057692
PRITIKA.NS,0.6124349771279834
PRITIKAUTO.NS,0.47407230021270846
PRIVISCL.NS,0.4454190591899518
PRLIND.NS,0.5527547152499067
PROLIFE.NS,0.45385347667332143
PROPEQUITY.NS,0.5203080719387327
PROV.NS,0.46636422755764384
PROZONER.NS,0.5436937507761106
PRSMJOHNSN.NS,0.4224239909931996
PRUDENT.NS,0.46875519279625355
PRUDMOULI.NS,0.5224483457781552
PSB.NS,0.4733540536828244
PSPPROJECT.NS,0.3696125055777386
PTC.NS,0.3970634435581711
PTCIL.NS,0.4854618593925104
PTL.NS,0.3574061126396708
PULZ.NS,0.5122275620596365
PUNJABCHEM.NS,0.45876483643524624
PURVA.NS,0.52832256613423
PURVFLEXI.NS,0.5854841303941964
PVP.NS,0.5212713758313328
PVRINOX.NS,0.3745951007123708
PVSL.NS,0.40069800216571444
PYRAMID.NS,0.420277626075044
QFIL.NS,0.5052558979082362
QMSMEDI.NS,0.5535785835562137
QUADPRO.NS,0.541009652307473
QUESS.NS,0.3967306004404558
QUESTLAB.NS,0.5722935286060663
QUICKHEAL.NS,0.508859865452985
QUICKTOUCH.NS,0.6024175642851444
RACE.NS,0.4316761653367324
RADAAN.NS,0.4719349508336283
RADHIKAJWE.NS,0.5503497515327335
RADIANTCMS.NS,0.35244308913157246
RADICO.NS,0.3673392498442404
RADIOCITY.NS,0.38646707851099465
RADIOWALLA.NS,0.5640875350980052
RAILTEL.NS,0.4674772098204937
RAIN.NS,0.4637009117069568
RAINBOW.NS,0.3448117798769655
RAJESHEXPO.NS,0.40881366778237194
RAJMET.NS,0.437360930636759
RAJRATAN.NS,0.476464980908098
RAJRILTD.NS,0.8539846870192692
RAJSREESUG.NS,0.5616060934105329
RAJTV.NS,0.5127270538118762
RALLIS.NS,0.3726274568980419
RAMANEWS.NS,0.5148407130988754
RAMAPHO.NS,0.5115501819998153
RAMASTEEL.NS,0.5296235448724439
RAMCOCEM.NS,0.2967016417083787
RAMCOIND.NS,0.38632474131773725
RAMCOSYS.NS,0.5591061605885164
RAMKY.NS,0.5537953502933626
RAMRAT.NS,0.4629572460044236
RANASUG.NS,0.4900141864972832
RANEHOLDIN.NS,0.42886720023697644
RATEGAIN.NS,0.44814331889158787
RATNAMANI.NS,0.33732801034398935
RATNAVEER.NS,0.49594172033358785
RAYMOND.NS,0.47231751316665077
RBA.NS,0.37744395755940513
RBLBANK.NS,0.47180982942409816
RBMINFRA.NS,0.6220843766361878
RBS.NS,0.4868803997091458
RBZJEWEL.NS,0.4833063487276765
RCDL.NS,0.6184800724420616
RCF.NS,0.47034833393509684
RCOM.NS,0.516248515120286
RECLTD.NS,0.36990578862146795
REDINGTON.NS,0.46489854370935574
REDTAPE.NS,0.42309355980923313
REFEX.NS,0.58727130218206
REFRACTORY.NS,0.5637017738644355
REGENCERAM.NS,0.4254552234859409
RELAXO.NS,0.2929936338261514
RELCHEMQ.NS,0.4104484113829717
RELIABLE.NS,0.4461382622299013
RELIANCE.NS,0.2791923276995755
RELIGARE.NS,0.47908027008326537
REMSONSIND.NS,0.5359307548653812
REMUS.NS,0.5648450157891453
RENUKA.NS,0.5055392108123289
REPCOHOME.NS,0.46198052180700705
REPL.NS,0.4695188579424286
REPRO.NS,0.4740543935481492
RESPONIND.NS,0.46881216555829236
REXPIPES.NS,0.44804640915984756
RGL.NS,0.5059606360666169
RHFL.NS,0.5557098061197829
RHIM.NS,0.4166389164850991
RHL.NS,0.4897488726592769
RICOAUTO.NS,0.5371842344307263
RIIL.NS,0.493282972077941
RILINFRA.NS,0.5454968284050183
RISHABH.NS,0.4815457754011022
RITCO.NS,0.4913927559181758
RITES.NS,0.3871026663418524
RITEZONE.NS,0.6002847040106551
RKDL.NS,0.5396233973760448
RKEC.NS,0.6611804218167855
RKFORGE.NS,0.4525801228055182
RKSWAMY.NS,0.43834870908456197
RMDRIP.NS,0.4996033634930884
RML.NS,0.5024852157354099
ROCKINGDCE.NS,0.6365817580833711
ROHLTD.NS,0.5062131413812408
ROLEXRINGS.NS,0.36354995137157
ROLLT.NS,0.5703416448746287
ROML.NS,0.5023011797728941
ROSSARI.NS,0.32600383468596317
ROSSELLIND.NS,0.5259128387931231
ROTO.NS,0.4362447868611331
ROUTE.NS,0.40834493922717097
ROXHITECH.NS,0.563874866088606
RPGLIFE.NS,0.4391068566596462
RPOWER.NS,0.5726351373643629
RPPINFRA.NS,0.5747236877125772
RPPL.NS,0.5379133045668113
RPSGVENT.NS,0.4925817932328846
RPTECH.NS,0.4142832847381171
RRKABEL.NS,0.3581765077760811
RSSOFTWARE.NS,0.5720201443807865
RSWM.NS,0.4656396534053086
RSYSTEMS.NS,0.4600755714017756
RTNINDIA.NS,0.5540265125497934
RTNPOWER.NS,0.5546373293512235
RUBYMILLS.NS,0.5207569789842393
RUCHINFRA.NS,0.4907249996374035
RUCHIRA.NS,0.45762382801334395
RULKA.NS,0.5770905499023679
RUPA.NS,0.42550333664414275
RUSHIL.NS,0.5367678613396636
RUSTOMJEE.NS,0.32662325202488773
RVHL.NS,0.5288800280312281
RVNL.NS,0.5008292364965975
S&SPOWER.NS,0.5158791626426501
SAAKSHI.NS,0.5628580808900053
SABAR.NS,0.6376159193018648
SADBHAV.NS,0.5607359885599908
SADBHIN.NS,0.5440066840118439
SADHAV.NS,0.565231128913967
SADHNANIQ.NS,0.5665283137267004
SAFARI.NS,0.3948628035510623
SAGARDEEP.NS,0.4666228977418204
SAGCEM.NS,0.42077233008245174
SAHANA.NS,0.5729577757923158
SAHYADRI.NS,0.3988288481943834
SAIFL.NS,0.6050899881111123
SAIL.NS,0.4477373687069478
SAKAR.NS,0.5163214643127106
SAKHTISUG.NS,0.5360903955147074
SAKSOFT.NS,0.5227952631401575
SAKUMA.NS,0.5761114768669556
SALASAR.NS,0.5175038695726597
SALONA.NS,0.5490480391907523
SALSTEEL.NS,0.5385463166747481
SALZERELEC.NS,0.5414659054840028
SAMBHAAV.NS,0.5793065796338631
SAMHI.NS,0.4001174320728713
SAMMAANCAP.NS,0.540833829478428
SAMPANN.NS,0.5807162555706369
SANCO.NS,0.5515358827004578
SANDESH.NS,0.39869786575511834
SANDHAR.NS,0.4015180269145571
SANDUMA.NS,0.5339466619237219
SANGAMIND.NS,0.5221389849708709
SANGANI.NS,0.47672965982211535
SANGHVIMOV.NS,0.5509140550079292
SANGINITA.NS,0.5328936172812297
SANOFI.NS,0.2331823889552761
SANSERA.NS,0.31981878330358754
SANWARIA.NS,0.6605564903659673
SAPPHIRE.NS,0.36472360645880136
SARDAEN.NS,0.48597530671140676
SAREGAMA.NS,0.46076331665063014
SARLAPOLY.NS,0.541375047196325
SAROJA.NS,0.5642602642832621
SARTELE.NS,0.6453255203168083
SARVESHWAR.NS,0.5682417683949242
SASKEN.NS,0.4601618159914542
SATIA.NS,0.41163047895013083
SATIN.NS,0.4595593166487755
SAURASHCEM.NS,0.4752168653689106
SBC.NS,0.4560630069328069
SBCL.NS,0.494374203437938
SBFC.NS,0.34858348346000073
SBGLP.NS,0.4861765854282993
SBICARD.NS,0.29636508704252235
SBILIFE.NS,0.26417163886906525
SBIN.NS,0.3085176177598783
SCHAEFFLER.NS,0.3097770023244432
SCHAND.NS,0.4586250363533517
SCHNEIDER.NS,0.4979156745118318
SCI.NS,0.49554582600912994
SCILAL.NS,0.459152115298262
SCML.NS,0.630968701343274
SCPL.NS,0.4860401565590401
SDBL.NS,0.5066803992001092
SEAMECLTD.NS,0.47015195279824623
SECMARK.NS,0.6043190353099621
SECURKLOUD.NS,0.5617963784074792
SEJALLTD.NS,0.46018192699156374
SEL.NS,0.6563824662926289
SELMC.NS,0.5349549209829751
SEMAC.NS,0.5101864258937763
SENCO.NS,0.4536810907828825
SEPC.NS,0.6010148794832062
SERVICE.NS,0.5658162879952079
SERVOTECH.NS,0.5241122403703066
SESHAPAPER.NS,0.4135270828510348
SETCO.NS,0.5104059358886776
SEYAIND.NS,0.47818454997021315
SFL.NS,0.3172890855235667
SGIL.NS,0.4635491400494438
SGL.NS,0.5769485293244168
SHAH.NS,0.5662702221074604
SHAHALLOYS.NS,0.5481296593258725
SHAILY.NS,0.4903618790950104
SHAIVAL.NS,0.03438017198589318
SHAKTIPUMP.NS,0.5210421709647053
SHALBY.NS,0.45646384290923414
SHALPAINTS.NS,0.46459318654310594
SHANKARA.NS,0.49197103057571023
SHANTHALA.NS,0.6684880806072028
SHANTI.NS,0.49429817437119367
SHANTIGEAR.NS,0.4448105178170555
SHARDACROP.NS,0.4936376554964401
SHARDAMOTR.NS,0.502755451262369
SHAREINDIA.NS,0.43224915726079194
SHEETAL.NS,0.3392148188642725
SHEKHAWATI.NS,0.8351440298947646
SHEMAROO.NS,0.5736186378011126
SHERA.NS,0.5016143930252102
SHIGAN.NS,0.6249914716612425
SHILPAMED.NS,0.46866021389271056
SHIVALIK.NS,0.4537832066542399
SHIVAMAUTO.NS,0.5378551809738056
SHIVAMILLS.NS,0.5311093412564617
SHIVATEX.NS,0.5556349013945732
SHIVAUM.NS,0.26644181846725545
SHK.NS,0.4687925828168537
SHOPERSTOP.NS,0.41442796446173324
SHRADHA.NS,0.5739824602550985
SHREDIGCEM.NS,0.4066337506434749
SHREECEM.NS,0.2763459082294144
SHREEKARNI.NS,0.5121922920068859
SHREEOSFM.NS,0.6295853777559697
SHREEPUSHK.NS,0.516872919741662
SHREERAMA.NS,0.5599998800704361
SHREMINVIT.NS,0.1365703171443092
SHRENIK.NS,0.5871656062616085
SHREYANIND.NS,0.48746606478261106
SHRIPISTON.NS,0.4055649273712805
SHRIRAMFIN.NS,0.4454289210567663
SHRIRAMPPS.NS,0.4553598093242772
SHRITECH.NS,0.49313706811983327
SHUBHLAXMI.NS,0.5485944483343803
SHYAMCENT.NS,0.5246103426511637
SHYAMMETL.NS,0.3383776350291944
SHYAMTEL.NS,0.5188187830007702
SICALLOG.NS,0.5150987983293163
SIDDHIKA.NS,0.4520664902500145
SIEMENS.NS,0.3096918240165253
SIGACHI.NS,0.48403611484684045
SIGIND.NS,0.543971543573749
SIGMA.NS,0.5280544566021506
SIGMAADV.NS,0.578783491492793
SIGNATURE.NS,0.3582169256340807
SIGNORIA.NS,0.5502066700872036
SIGNPOST.NS,0.5542736823915111
SIKKO.NS,0.571185090896941
SIL.NS,0.4232317558161125
SILGO.NS,0.5439230165723269
SILINV.NS,0.45894826410112965
SILKFLEX.NS,0.57659696545103
SILLYMONKS.NS,0.57237211168441
SIMPLEXINF.NS,0.5612733748424172
SINCLAIR.NS,0.41024931417020377
SINDHUTRAD.NS,0.6124592336006137
SINTERCOM.NS,0.37987613411256393
SIRCA.NS,0.4124761433703338
SIS.NS,0.32711791465454676
SITINET.NS,0.5637349741611385
SIYSIL.NS,0.4787681161121075
SJLOGISTIC.NS,0.575094019308209
SJS.NS,0.40808247046983054
SJVN.NS,0.3933783225062566
SKFINDIA.NS,0.3034135733537209
SKIPPER.NS,0.5774524411138638
SKMEGGPROD.NS,0.5233543742098742
SKP.NS,0.5334494813666333
SKYGOLD.NS,0.5810025353490971
SLONE.NS,0.5598219242197455
SMARTLINK.NS,0.5027046532165966
SMCGLOBAL.NS,0.38272451653653927
SMLMAH.NS,0.512515892961468
SMLT.NS,0.5358152073869438
SMSPHARMA.NS,0.4806364655441838
SMVD.NS,0.4654304293195683
SNOWMAN.NS,0.4723708304521121
SOBHA.NS,0.47042292056089635
SOFTTECH.NS,0.4581195013608604
SOLARA.NS,0.5048894347277957
SOLARINDS.NS,0.34931966697368905
SOLEX.NS,0.623300977287945
SOMANYCERA.NS,0.41476376289596006
SOMATEX.NS,0.575345022588673
SOMICONVEY.NS,0.6247535326027289
SONACOMS.NS,0.37737451600418925
SONAMAC.NS,0.5983280651572733
SONAMLTD.NS,0.44782166458902867
SONATSOFTW.NS,0.42549318726253804
SONUINFRA.NS,0.6053634339410419
SOTAC.NS,0.48996145982401323
SOTL.NS,0.3951051243718111
SOUTHBANK.NS,0.4360242164308529
SOUTHWEST.NS,0.5377857526618736
SPAL.NS,0.5277022937815598
SPANDANA.NS,0.5035436478310887
SPARC.NS,0.4961590229648769
SPCENET.NS,0.5035896658140014
SPECIALITY.NS,0.4949496620982687
SPECTRUM.NS,0.453223401819474
SPECTSTM.NS,0.6024713688119404
SPENCERS.NS,0.5145584049407946
SPIC.NS,0.5223625617336322
SPLIL.NS,0.5319756938266222
SPLPETRO.NS,0.40010155017435384
SPMLINFRA.NS,0.5743677750109716
SPORTKING.NS,0.4624038964590425
SPRL.NS,0.42240591131661326
SREEL.NS,0.40449963408178985
SRF.NS,0.3167332593983786
SRGHFL.NS,0.42983059614693153
SRHHYPOLTD.NS,0.5265777275174695
SRIVASAVI.NS,0.6442202180450615
SRM.NS,0.49336386119490633
SSFL.NS,0.6472720355590963
SSWL.NS,0.3940466551289814
STAR.NS,0.4585932747041573
STARCEMENT.NS,0.34591495703657316
STARHEALTH.NS,0.29938766194582517
STARPAPER.NS,0.39797698160673567
STARTECK.NS,0.5083221809344775
STCINDIA.NS,0.5449575640166947
STEELCAS.NS,0.42990053117681454
STEELCITY.NS,0.4653394055837844
STEELXIND.NS,0.49729282099399946
STEL.NS,0.5079704473152211
STERTOOLS.NS,0.49695207502114286
STLTECH.NS,0.49602165985523605
STOVEKRAFT.NS,0.4408500813864948
STYLAMIND.NS,0.41202128493298684
STYRENIX.NS,0.3975298030305216
SUBEXLTD.NS,0.57364279742384
SUBROS.NS,0.45258614645908996
SUDARCOLOR.NS,0.40897616921614754
SUDARSCHEM.NS,0.4049877654679469
SUKHJITS.NS,0.3914869360286271
SULA.NS,0.35733031101995893
SUMEETINDS.NS,0.5320448672913719
SUMICHEM.NS,0.35454798050644626
SUMIT.NS,0.5442125246403257
SUMMITSEC.NS,0.4369193526585522
SUNCLAY.NS,0.42052355437546474
SUNDARAM.NS,0.4995033506092455
SUNDARMFIN.NS,0.3330948432294412
SUNDRMBRAK.NS,0.4595574274932312
SUNDRMFAST.NS,0.31109434656920615
SUNDROP.NS,0.3723824347652908
SUNFLAG.NS,0.5285311646077562
SUNPHARMA.NS,0.24541814464416492
SUNREST.NS,0.5746963694205968
SUNTECK.NS,0.4278283765144303
SUNTV.NS,0.3398379746745833
SUPERHOUSE.NS,0.47325149428831026
SUPERSPIN.NS,0.5380842820628011
SUPRAJIT.NS,0.37634318127246763
SUPREMEENG.NS,0.573277089101744
SUPREMEIND.NS,0.34103556708086225
SUPREMEINF.NS,0.5006291273508723
SUPREMEPWR.NS,0.6153267020882097
SUPRIYA.NS,0.4725005506464999
SURAJEST.NS,0.4958038259037479
SURANASOL.NS,0.5528663806614822
SURANAT&P.NS,0.5745190519675861
SURANI.NS,0.544458422683502
SURYALAXMI.NS,0.5212735382001445
SURYAROSNI.NS,0.504078139542201
SURYODAY.NS,0.44309249013901786
SUTLEJTEX.NS,0.513988894682192
SUVEN.NS,0.5460775618125238
SUVIDHAA.NS,0.5406254933217001
SUZLON.NS,0.5427659619947324
SVLL.NS,0.39926487503848185
SVPGLOB.NS,0.5357604571629536
SWANCORP.NS,0.4832592457465179
SWANDEF.NS,0.44610520471074716
SWARAJ.NS,0.557605689801484
SWARAJENG.NS,0.31734489951367756
SWASTIK.NS,0.5289301004152006
SWELECTES.NS,0.5744277015536354
SWSOLAR.NS,0.4970482977031356
SYMPHONY.NS,0.3385229837453749
SYNCOMF.NS,0.499115584213461
SYNGENE.NS,0.30247115225111876
SYNOPTICS.NS,0.5272369986831135
SYRMA.NS,0.44782163235043443
SYSTANGO.NS,0.5532793177158074
TAC.NS,0.6635432048993445
TAINWALCHM.NS,0.5939899787841049
TAJGVK.NS,0.4449516307533496
TAKE.NS,0.5196079018927272
TALBROAUTO.NS,0.5135143447880388
TANLA.NS,0.494809075814266
TAPIFRUIT.NS,0.4824406212838179
TARACHAND.NS,0.5943661444383376
TARAPUR.NS,0.49133204773120026
TARC.NS,0.4854414764345669
TARIL.NS,0.6210228564206014
TARMAT.NS,0.5728903041054576
TARSONS.NS,0.40043314057942364
TASTYBITE.NS,0.39615584802242765
TATACHEM.NS,0.34193055022565827
TATACOMM.NS,0.3608405125316011
TATACONSUM.NS,0.2766351722196188
TATAELXSI.NS,0.3742124037737542
TATAINVEST.NS,0.3889859965764467
TATAPOWER.NS,0.3650312712866859
TATASTEEL.NS,0.35904140047004934
TATATECH.NS,0.2793756746633002
TATSILV.NS,0.4143291025153591
TATVA.NS,0.3879199898436295
TBOTEK.NS,0.41406314929721055
TBZ.NS,0.5187482401799076
TCI.NS,0.4072048136436359
TCIEXP.NS,0.38258293538807514
TCIFINANCE.NS,0.5142408732959944
TCL.NS,0.6046084517003326
TCPLPACK.NS,0.48256877138808096
TCS.NS,0.24422108404954948
TDPOWERSYS.NS,0.5058060994170989
TEAMGTY.NS,0.6066271691608763
TEAMLEASE.NS,0.3577743706008107
TECHLABS.NS,0.6346393397621913
TECHM.NS,0.30222310730890034
TECHNOE.NS,0.4414517432684355
TECILCHEM.NS,0.5578949552951922
TEGA.NS,0.37986750670031444
TEJASNET.NS,0.5314005118599423
TEMBO.NS,0.4629044646777257
TERASOFT.NS,0.6313151099554377
TEXINFRA.NS,0.4807575183640646
TEXMOPIPES.NS,0.536606261684127
TEXRAIL.NS,0.5454417164448554
TFCILTD.NS,0.5097000181945206
TFL.NS,0.5325741681568446
TGBHOTELS.NS,0.49799557753140855
TGL.NS,0.5973577800226655
THANGAMAYL.NS,0.49142757246268637
THEINVEST.NS,0.4937154631017074
THEJO.NS,0.4929226975429995
THEMISMED.NS,0.5118240820001091
THERMAX.NS,0.35932963733771317
THOMASCOOK.NS,0.505498085269063
THOMASCOTT.NS,0.5135738475677484
THYROCARE.NS,0.4075973215332314
TI.NS,0.485516287607424
TICL.NS,0.5172569273010769
TIIL.NS,0.5166846906861854
TIINDIA.NS,0.40034495680219834
TIJARIA.NS,0.519462498842428
TIL.NS,0.5360082260270878
TIMESCAN.NS,0.6001122453293288
TIMETECHNO.NS,0.4778789774856584
TIMKEN.NS,0.36484352828325056
TIPSFILMS.NS,0.5764190794983411
TIPSMUSIC.NS,0.4808589370246975
TIRUMALCHM.NS,0.4961595553453185
TIRUPATI.NS,0.4056134506048985
TIRUPATIFL.NS,0.5092173428808418
TITAGARH.NS,0.5013601217352182
TITAN.NS,0.2773768307890813
TMB.NS,0.26606656949182184
TMPV.NS,0.40408692303920624
TNPETRO.NS,0.42580671016633187
TNPL.NS,0.3882808057225507
TNTELE.NS,0.5035280148840157
TOKYOPLAST.NS,0.47613831783886545
TORNTPHARM.NS,0.2640541245438251
TORNTPOWER.NS,0.3547210114416504
TOTAL.NS,0.5238356692924653
TOUCHWOOD.NS,0.5208504417279707
TPHQ.NS,0.4295316285880235
TPLPLASTEH.NS,0.5575034533568455
TRACXN.NS,0.45336919571324374
TRANSTEEL.NS,0.46210090259368647
TRANSWIND.NS,0.44819595765870285
TRANSWORLD.NS,0.5726083085263289
TREEHOUSE.NS,0.5335656845639473
TREJHARA.NS,0.5644004483296177
TREL.NS,0.45595987493330553
TRENT.NS,0.381319067407941
TRF.NS,0.5234634536907085
TRIDENT.NS,0.4505851591370329
TRIDHYA.NS,0.5632139314698441
TRIGYN.NS,0.5390498816875978
TRITURBINE.NS,0.47488343953521905
TRIVENI.NS,0.467733175500781
TRU.NS,0.5780015597132347
TRUST.NS,0.5944046883380064
TSFINV.NS,0.4344979027497375
TTKHLTCARE.NS,0.3870644309305178
TTKPRESTIG.NS,0.33013846303824124
TTL.NS,0.4945122981312912
TTML.NS,0.5794353948090967
TVSELECT.NS,0.5345583034935661
TVSHLTD.NS,0.3625269211824586
TVSMOTOR.NS,0.30866584001692016
TVSSCS.NS,0.39175911789802037
TVSSRICHAK.NS,0.3873792464140961
TVTODAY.NS,0.38269936574938057
TVVISION.NS,0.5004918189570742
UBL.NS,0.2637878247125423
UCAL.NS,0.44744163665221726
UCL.NS,0.6417244508516756
UCOBANK.NS,0.4284155793937565
UDS.NS,0.4183627993086147
UEL.NS,0.5294616392913079
UFBL.NS,0.4597747401543503
UFLEX.NS,0.3956044444179722
UFO.NS,0.4492385654292067
UGARSUGAR.NS,0.5026856967553164
UGROCAP.NS,0.4170663509329559
UJJIVANSFB.NS,0.4207426248809038
ULTRACEMCO.NS,0.2660516513134878
UMA.NS,0.5041546919313776
UMAEXPORTS.NS,0.5421716784969842
UMESLTD.NS,0.5322690963755727
UMIYA-MRO.NS,0.5703525709680372
UNICHEMLAB.NS,0.4614255211761701
UNIDT.NS,0.47100459754385715
UNIENTER.NS,0.42751715886036296
UNIHEALTH.NS,0.49313916635252114
UNIINFO.NS,0.5820990947905138
UNIONBANK.NS,0.4095825387538929
UNIPARTS.NS,0.33412773872573265
UNITDSPR.NS,0.2900919340680327
UNITECH.NS,0.5144429309034686
UNITEDPOLY.NS,0.5268369896757803
UNITEDTEA.NS,0.38896065339488584
UNIVASTU.NS,0.551191358355209
UNIVCABLES.NS,0.5049458814034292
UNIVPHOTO.NS,0.5535649307689374
UNOMINDA.NS,0.3886798241759093
UPL.NS,0.34458938279588275
URAVIDEF.NS,0.4165472311276306
URBAN.NS,0.5904093556050007
URJA.NS,0.5219063717845212
USASEEDS.NS,0.5711205569632163
USHAMART.NS,0.484647508376835
USK.NS,0.5253190858616705
UTIAMC.NS,0.3468750426943636
UTKARSHBNK.NS,0.42651978975541577
UTTAMSUGAR.NS,0.5146389736182919
UWCSL.NS,0.32532012248484354
V2RETAIL.NS,0.5031566381880361
VADILALIND.NS,0.4526234001972146
VAIBHAVGBL.NS,0.4396017415063485
VAISHALI.NS,0.5461265284747715
VAKRANGEE.NS,0.542259295206535
VALIANTLAB.NS,0.4594215703789793
VALIANTORG.NS,0.47200602430289285
VARDHACRLC.NS,0.4262247026156725
VARDMNPOLY.NS,0.5641497279833506
VARROC.NS,0.45000350255822225
VASA.NS,0.3887378325604754
VASCONEQ.NS,0.5741351424096742
VASWANI.NS,0.6205802906943145
VBL.NS,0.3629144406384699
VCL.NS,0.5549854467350547
VEDL.NS,0.42506270912996424
VEEDOL.NS,0.34385574972927374
VEEKAYEM.NS,0.5419717687121012
VELS.NS,0.5014165897169932
VENKEYS.NS,0.41296421497640845
VENUSPIPES.NS,0.3908297092240209
VENUSREM.NS,0.3593097359709307
VERA.NS,0.2951180758409024
VERANDA.NS,0.5590076634798083
VERITAAS.NS,0.49334170492382
VERTEXPLUS.NS,0.5116768295572366
VERTOZ.NS,0.5553649806243228
VESUVIUS.NS,0.37646987082921524
VETO.NS,0.5042560449186345
VGL.NS,0.5450879732513959
VGUARD.NS,0.2862145643768421
VHL.NS,0.42131896308365113
VHLTD.NS,0.4280020329959394
VIAZ.NS,0.4704888442422115
VIDHIING.NS,0.44559919343763355
VIJAYA.NS,0.41368478381524476
VIJIFIN.NS,0.745087214935239
VIKASECO.NS,0.5373940186910053
VIKASLIFE.NS,0.512467857659351
VILAS.NS,0.5690317549393789
VILINBIO.NS,0.5855443984670792
VIMTALABS.NS,0.5416155594523784
VINATIORGA.NS,0.317850785916174
VINDHYATEL.NS,0.4485630327160961
VINEETLAB.NS,0.552710541230011
VINNY.NS,0.47034377417242834
VINSYS.NS,0.48701673379067045
VINYAS.NS,0.5601659765651598
VINYLINDIA.NS,0.5219866578889061
VIPCLOTHNG.NS,0.49697056181461996
VIPIND.NS,0.39799655701161035
VIPULLTD.NS,0.5284279539701444
VIRINCHI.NS,0.4736498833297912
VISAKAIND.NS,0.4487788199824181
VISASTEEL.NS,0.5087554746554284
VISHNU.NS,0.46390713963634855
VISHNUINFR.NS,0.5821659554189555
VISHWARAJ.NS,0.43139197403056584
VISHWAS.NS,0.4866624074107468
VITAL.NS,0.49254401263396336
VIVIANA.NS,0.6213303567071392
VIVIDHA.NS,0.7778718916720774
VIVIMEDLAB.NS,0.48031897452839106
VIVO.NS,0.43850096151109696
VIYASH.NS,0.5043102228669756
VLEGOV.NS,0.608599750353917
VLSFINANCE.NS,0.4678718021583494
VMARCIND.NS,0.6332088411663688
VMART.NS,0.3748736543960808
VOLTAMP.NS,0.44479711046483755
VOLTAS.NS,0.3210543244922138
VPRPL.NS,0.5394104137511146
VR.NS,0.6154591420407499
VRLLOG.NS,0.3844743796004511
VSCL.NS,0.4495186854416007
VSSL.NS,0.4482803561561111
VSTIND.NS,0.29281587189646247
VSTL.NS,0.467985168603925
VSTTILLERS.NS,0.39301842807848747
VTL.NS,0.38784179900627547
WAAREEINDO.NS,0.4548610059269939
WABAG.NS,0.4695267996815132
WALCHANNAG.NS,0.5663509582535149
WALPAR.NS,0.4910986048423512
WANBURY.NS,0.495733038245846
WEALTH.NS,0.4851032469791537
WEBELSOLAR.NS,0.5870138436262523
WEIZMANIND.NS,0.5848093301865408
WEL.NS,0.5022388343741984
WELCORP.NS,0.4616809866260954
WELENT.NS,0.4597412398760716
WELINV.NS,0.5336268716963762
WELSPUNLIV.NS,0.48760658919637156
WENDT.NS,0.42901559048130933
WESTLIFE.NS,0.3545067065315423
WEWIN.NS,0.5159990392154169
WHEELS.NS,0.4060965157303768
WHIRLPOOL.NS,0.3260429308515916
WILLAMAGOR.NS,0.6024531209890621
WINDLAS.NS,0.4083130676836612
WINDMACHIN.NS,0.5618656545438426
WINSOL.NS,0.5616478988302535
WINSOME.NS,0.24019114967500685
WIPL.NS,0.3935859764281489
WIPRO.NS,0.2869408137833017
WOCKPHARMA.NS,0.5171321524863368
WOMANCART.NS,0.6318080863632608
WONDERLA.NS,0.3915849380972557
WORTHPERI.NS,0.5138512470587561
WSI.NS,0.4828429254273145
WSTCSTPAPR.NS,0.41997578889888487
WTICAB.NS,0.5731973104705186
XCHANGING.NS,0.46957380145329736
XELPMOC.NS,0.5658584476765335
XPROINDIA.NS,0.5368816044818712
YASHO.NS,0.4488113191341748
YASHOPTICS.NS,0.4225866893083065
YATHARTH.NS,0.4010375833110911
YATRA.NS,0.49703446001306506
YCCL.NS,0.5081168555901896
YESBANK.NS,0.47067030799994825
YUDIZ.NS,0.5468376326073093
YUKEN.NS,0.411877896058361
ZAGGLE.NS,0.5498893625893397
ZEAL.NS,0.5974641061000596
ZEEL.NS,0.4948357673951808
ZEELEARN.NS,0.528243237555622
ZEEMEDIA.NS,0.5414762912332548
ZENITHDRUG.NS,0.6325840115841344
ZENITHEXPO.NS,0.5503274521522243
ZENITHSTL.NS,0.5977287554717227
ZENSARTECH.NS,0.4317875325027499
ZENTEC.NS,0.5408127773019933
ZFCVINDIA.NS,0.3092015462696498
ZIMLAB.NS,0.4700890332800317
ZODIAC.NS,0.5375666424051693
ZODIACLOTH.NS,0.44452322322577725
ZOTA.NS,0.4336939500304936
ZTECH.NS,0.48171954982366116
ZUARI.NS,0.5363056271942804
ZUARIIND.NS,0.558503999200455
ZYDUSLIFE.NS,0.28487792149319974
ZYDUSWELL.NS,0.2833406146040517
