Symbol,Annualized_Volatility
20MICRONS.NS,0.5251345271718051
21STCENMGM.NS,0.25733027802575076
360ONE.NS,0.38508296411167786
3IINFOLTD.NS,0.5229167578247231
3MINDIA.NS,0.2995110729693158
3PLAND.NS,0.526840361791176
5PAISA.NS,0.46216733275075733
63MOONS.NS,0.5395266510430357
A2ZINFRA.NS,0.5544399435336353
AAATECH.NS,0.5102596556859378
AADHARHFC.NS,0.33475449715448086
AAKASH.NS,0.4927391610323775
AAREYDRUGS.NS,0.4952622005693714
AARON.NS,0.49065143073988665
AARTECH.NS,0.5311630468307609
AARTIDRUGS.NS,0.4150461803110952
AARTIIND.NS,0.35939885475443956
AARTIPHARM.NS,0.4430076743954554
AARTISURF.NS,0.4590057474543427
AARVI.NS,0.5205796639544545
AATMAJ.NS,0.5651646154729169
AAVAS.NS,0.3587117665777223
ABAN.NS,0.5221171618268775
ABB.NS,0.33141145039442704
ABBOTINDIA.NS,0.2520649191187472
ABCAPITAL.NS,0.3917525491327913
ABCOTS.NS,0.5076819970469592
ABFRL.NS,0.39472493833818223
ABINFRA.NS,0.46647068235244254
ABMINTLLTD.NS,0.5567223784905082
ABREL.NS,0.45088305701263814
ABSLAMC.NS,0.31008951276238894
ABSMARINE.NS,0.5777627521774116
ACC.NS,0.2964055170742037
ACCELYA.NS,0.3414995930560143
ACCENTMIC.NS,0.4706094146914581
ACCORD.NS,0.40823447810209335
ACCURACY.NS,0.5333272281467402
ACE.NS,0.4879017931595186
ACEINTEG.NS,0.4395426578982968
ACI.NS,0.3670631036769662
ACL.NS,0.517607436981057
ACUTAAS.NS,0.4442224049307177
ADANIENSOL.NS,0.5074089715836948
ADANIENT.NS,0.4642515811396483
ADANIGREEN.NS,0.5031122367087826
ADANIPORTS.NS,0.37293510962522003
ADANIPOWER.NS,0.5176273452891758
ADFFOODS.NS,0.46574689209816433
ADL.NS,0.4732679486969431
ADOR.NS,0.4267917185123704
ADROITINFO.NS,0.5396399313991178
ADSL.NS,0.5551865761473982
ADVANIHOTR.NS,0.4353198341358385
ADVENZYMES.NS,0.4114570160705797
AEGISLOG.NS,0.4885513985287226
AEROENTER.NS,0.5017938571360233
AEROFLEX.NS,0.513275857484923
AERONEU.NS,0.48240398851222416
AETHER.NS,0.3198877024322319
AFFLE.NS,0.39317630365175027
AFSL.NS,0.4099752869178342
AGARIND.NS,0.5396757966095175
AGARWALFT.NS,0.5039374087057206
AGI.NS,0.5316131078192444
AGNI.NS,0.6265226461456805
AGRITECH.NS,0.553705987335368
AGROPHOS.NS,0.6005383823002882
AGUL.NS,0.5596831426440819
AHIMSA.NS,0.25144871600325563
AHLADA.NS,0.5297351921179941
AHLEAST.NS,0.418602377745551
AHLUCONT.NS,0.36748728302410427
AHLWEST.NS,0.29639289419435644
AIAENG.NS,0.3021280346000583
AIIL.NS,0.5311006951013665
AILIMITED.NS,0.5323789924644711
AIRAN.NS,0.5240156964837651
AIROLAM.NS,0.5439986599294047
AISL.NS,0.4993404288086401
AJANTPHARM.NS,0.3096195962645898
AJMERA.NS,0.5359437533612526
AJOONI.NS,0.5001878609739876
AKASH.NS,0.5559392780085423
AKG.NS,0.5211678087301632
AKI.NS,0.5107572406868893
AKSHAR.NS,0.5063481464476278
AKSHARCHEM.NS,0.5049855230913322
AKSHOPTFBR.NS,0.5566148295005553
ALANKIT.NS,0.48501409851303395
ALBERTDAVD.NS,0.4063742673156898
ALEMBICLTD.NS,0.4238712057650857
ALICON.NS,0.4693599329229112
ALIVUS.NS,0.32552668312387756
ALKALI.NS,0.5549958449745636
ALKEM.NS,0.25543694052314775
ALKYLAMINE.NS,0.4052301225506138
ALLCARGO.NS,0.4522095182289967
ALLDIGI.NS,0.44272148403621325
ALLETEC.NS,0.5540496704761982
ALMONDZ.NS,0.5211897568212213
ALOKINDS.NS,0.5262756988115099
ALPA.NS,0.5552476183861894
ALPEXSOLAR.NS,0.623651542597804
ALPHA.NS,0.2076303269310312
ALPHAGEO.NS,0.5312391134888489
ALUWIND.NS,0.5127235906908044
AMBER.NS,0.45397868001311786
AMBICAAGAR.NS,0.47199485552809567
AMBIKCO.NS,0.38360387146385677
AMBUJACEM.NS,0.3320603222979943
AMDIND.NS,0.5874668264758246
AMEYA.NS,0.5600387982150331
AMIABLE.NS,0.5533181305414022
AMJLAND.NS,0.5159851484827743
AMNPLST.NS,0.5489138878948098
AMRUTANJAN.NS,0.34409570196349726
ANANDRATHI.NS,0.2926862406220123
ANANTRAJ.NS,0.5329341807231954
ANDHRAPAP.NS,0.37815140892702337
ANDHRSUGAR.NS,0.4107667537576497
ANGELONE.NS,0.5151771503032923
ANIKINDS.NS,0.5531931201518916
ANKITMETAL.NS,0.6275325032538631
ANLON.NS,0.5957422984000871
ANMOL.NS,0.4585047586145092
ANNAPURNA.NS,0.5130699241591117
ANSALAPI.NS,0.49220882085838624
ANTELOPUS.NS,0.5408824657806436
ANTGRAPHIC.NS,0.5613200998762254
ANUP.NS,0.4767465951499732
ANURAS.NS,0.3036423687003049
APARINDS.NS,0.4685096451999507
APCL.NS,0.4487402118855309
APCOTEXIND.NS,0.44930043609472187
APEX.NS,0.5011853578869095
APLAPOLLO.NS,0.38289825455456944
APLLTD.NS,0.3395111340110487
APOLLO.NS,0.5716005329763971
APOLLOHOSP.NS,0.3101991996170526
APOLLOPIPE.NS,0.4289585605746186
APOLLOTYRE.NS,0.35518234831599566
APOLSINHOT.NS,0.506824052081962
APS.NS,0.5878578593963434
APTECHT.NS,0.5048805655482845
APTUS.NS,0.36557506765465553
AQYLON.NS,0.4714336972677876
ARABIAN.NS,0.44656852546655396
ARCHIDPLY.NS,0.5696082598033505
ARCHIES.NS,0.5239215475734449
ARE&M.NS,0.3388945821693797
ARENTERP.NS,0.6020976697624142
ARIES.NS,0.5052974292382587
ARIHANT.NS,0.5866809546892949
ARIHANTACA.NS,0.5178988024436788
ARIHANTCAP.NS,0.5360584550432823
ARIHANTSUP.NS,0.49434528366785757
ARISTO.NS,0.6096657697368925
ARMANFIN.NS,0.49474183426207646
AROGRANITE.NS,0.5116372848530573
ARROWGREEN.NS,0.5764890986349391
ARSHIYA.NS,0.5777248144422289
ARTEMISMED.NS,0.4717497123787017
ARTNIRMAN.NS,0.4954071052349501
ARVEE.NS,0.5707447076624884
ARVIND.NS,0.48374520976738106
ARVINDFASN.NS,0.4427574259054167
ARVSMART.NS,0.4830838437837938
ASAHIINDIA.NS,0.4148381418855835
ASAHISONG.NS,0.5048538694828387
ASAL.NS,0.5390779669269664
ASALCBR.NS,0.43275025612824325
ASCOM.NS,0.3689630198919949
ASHAPURMIN.NS,0.5602889768312769
ASHIANA.NS,0.43521823815644856
ASHIMASYN.NS,0.585820060903372
ASHOKA.NS,0.4648930588865523
ASHOKAMET.NS,0.5110833795106718
ASHOKLEY.NS,0.38310432922931364
ASIANENE.NS,0.5126847117010758
ASIANHOTNR.NS,0.46198335101210414
ASIANPAINT.NS,0.2535957181170363
ASIANTILES.NS,0.48246254327139193
ASKAUTOLTD.NS,0.36030706107726473
ASMS.NS,0.5253454305163856
ASPINWALL.NS,0.5189158771034579
ASPIRE.NS,0.6012154872303402
ASTEC.NS,0.4820461576052963
ASTERDM.NS,0.38697995071810404
ASTRAL.NS,0.3470394887799907
ASTRAMICRO.NS,0.4658318496961656
ASTRAZEN.NS,0.36683030143892553
ASTRON.NS,0.47494617064535033
ATALREAL.NS,0.5323596797327479
ATAM.NS,0.4833272622473752
ATGL.NS,0.5358443074246969
ATL.NS,0.4932648794387956
ATLANTAA.NS,0.5609524431555684
ATLASCYCLE.NS,0.3314163566571841
ATMASTCO.NS,0.6156715578252581
ATUL.NS,0.29726143885218037
ATULAUTO.NS,0.460862324311627
AUBANK.NS,0.3893133914667389
AURIGROW.NS,0.595124568915234
AURIONPRO.NS,0.5574592588315408
AUROIMPEX.NS,0.6253199603900986
AUROPHARMA.NS,0.3578071618339176
AURUM.NS,0.49289309243035523
AUSOMENT.NS,0.5920843229802956
AUTOAXLES.NS,0.3992446573057171
AUTOIND.NS,0.5328989888469595
AVADHSUGAR.NS,0.4965513876381311
AVALON.NS,0.4872498532318118
AVANTIFEED.NS,0.4328616401646031
AVG.NS,0.5115241471421142
AVONMORE.NS,0.5047397365272309
AVPINFRA.NS,0.6036910530787353
AVROIND.NS,0.4848331579099393
AVSL.NS,0.27951455612797316
AVTNPL.NS,0.43127130363409766
AWFIS.NS,0.48263541748133537
AWHCL.NS,0.4552597033222861
AWL.NS,0.4349516328530198
AXISBANK.NS,0.32579587504583124
AXISCADES.NS,0.5619323872454941
AXITA.NS,0.4325693046754025
AYMSYNTEX.NS,0.523334490243997
AZAD.NS,0.4630288701021706
BABAFP.NS,0.5273582868373475
BAFNAPH.NS,0.45077477917898784
BAGFILMS.NS,0.5359160872808734
BAHETI.NS,0.5307848180321058
BAIDFIN.NS,0.4878288941781003
BAJAJ-AUTO.NS,0.26966364077182053
BAJAJCON.NS,0.3810760221997689
BAJAJELEC.NS,0.36331487126125717
BAJAJFINSV.NS,0.32280001879191766
BAJAJHCARE.NS,0.4786061900365643
BAJAJHIND.NS,0.5439875504153194
BAJAJHLDNG.NS,0.3337443753538571
BAJEL.NS,0.533199003062846
BAJFINANCE.NS,0.3557751178807683
BALAJITELE.NS,0.5276075634332773
BALAMINES.NS,0.48401883223589814
BALAXI.NS,0.5109833315735177
BALKRISHNA.NS,0.5284448577864411
BALKRISIND.NS,0.33326023338951516
BALMLAWRIE.NS,0.36694127328026027
BALPHARMA.NS,0.5159200707998411
BALRAMCHIN.NS,0.4205040215924845
BALUFORGE.NS,0.5919336327895937
BANARBEADS.NS,0.5095624569990229
BANARISUG.NS,0.3452461396332482
BANCOINDIA.NS,0.49002624284437213
BANDHANBNK.NS,0.4441997120717884
BANG.NS,0.559464684731251
BANKA.NS,0.5144849136557069
BANKBARODA.NS,0.38777268732249875
BANKINDIA.NS,0.4194531202325338
BANSWRAS.NS,0.4711903422299398
BASF.NS,0.38799589986965444
BASILIC.NS,0.5615542411858481
BASML.NS,0.5082599593311629
BATAINDIA.NS,0.272121901119627
BAWEJA.NS,0.6407201373485688
BAYERCROP.NS,0.28209283745919034
BBL.NS,0.4456144721556076
BBOX.NS,0.5085215477545969
BBTC.NS,0.40291925328347283
BBTCL.NS,0.43681874068701904
BCG.NS,0.6053238654063212
BCLIND.NS,0.4986242512599251
BCONCEPTS.NS,0.5120444740041371
BDL.NS,0.46427765703918095
BEARDSELL.NS,0.5719630675255951
BECTORFOOD.NS,0.3799126661004424
BEDMUTHA.NS,0.50904291491005
BEL.NS,0.3564945297611268
BEML.NS,0.4635082764422805
BEPL.NS,0.45293004391185937
BERGEPAINT.NS,0.26962568504059237
BESTAGRO.NS,0.5132644946359403
BEWLTD.NS,0.570173445921554
BFINVEST.NS,0.4779922670959296
BFSI.NS,0.16630619091545676
BFUTILITIE.NS,0.5120038460964932
BGRENERGY.NS,0.6008959426160629
BHAGCHEM.NS,0.42509071077974114
BHAGERIA.NS,0.4577468194586476
BHAGYANGR.NS,0.5629270559496825
BHANDARI.NS,0.5889764236386091
BHARATFORG.NS,0.3640030662061385
BHARATGEAR.NS,0.5114197248342256
BHARATRAS.NS,0.41563587805297303
BHARATWIRE.NS,0.5512557713774963
BHARTIARTL.NS,0.26791753172689653
BHARTIHEXA.NS,0.3802275477441758
BHEL.NS,0.4623343156833603
BIGBLOC.NS,0.5406260598499392
BIKAJI.NS,0.3321064654563114
BIL.NS,0.5103581216238207
BIOCON.NS,0.32632548242941817
BIOFILCHEM.NS,0.5543530598084508
BIRDYS.NS,0.4758956498254043
BIRET.NS,0.17503339891485073
BIRLACABLE.NS,0.557079674467868
BIRLACORPN.NS,0.38485153643614056
BIRLAMONEY.NS,0.4980204965066911
BIRLANU.NS,0.40999757910307333
BLAL.NS,0.40458236326195723
BLBLIMITED.NS,0.5903636859749755
BLISSGVS.NS,0.4753310575941216
BLKASHYAP.NS,0.5147603112263944
BLS.NS,0.5381059549393433
BLSE.NS,0.45526589497349057
BLUECHIP.NS,0.6260360172186553
BLUECOAST.NS,0.38613756936639904
BLUEDART.NS,0.32987358723537286
BLUEJET.NS,0.47677563110969295
BLUEPEBBLE.NS,0.6300240690276114
BLUESTARCO.NS,0.34233074450723583
BMETRICS.NS,0.5811591335816381
BODALCHEM.NS,0.45066822807902973
BOHRAIND.NS,0.4869163179723703
BOMDYEING.NS,0.5035146848301906
BOROLTD.NS,0.431677783411364
BORORENEW.NS,0.5178346893409428
BOSCH-HCIL.NS,0.3871140842138279
BOSCHLTD.NS,0.30502516495716303
BPCL.NS,0.3330840799235205
BPL.NS,0.5640314640679515
BRIGADE.NS,0.40129147393106246
BRITANNIA.NS,0.23243524942343702
BRNL.NS,0.5204182443931197
BROOKS.NS,0.5868857959214803
BSE.NS,0.4779302871175687
BSHSL.NS,0.4844980623393117
BSL.NS,0.5413779214471099
BSOFT.NS,0.4292159595207767
BTML.NS,0.5444408453407933
BUTTERFLY.NS,0.4650520045021357
BVCL.NS,0.48989718023412937
BYKE.NS,0.5548410333851513
CADSYS.NS,0.5362961947660856
CALSOFT.NS,0.5774161528401459
CAMLINFINE.NS,0.5114528162497581
CAMPUS.NS,0.34820067262823673
CAMS.NS,0.3470216931819197
CANARYS.NS,0.5740463964383828
CANBK.NS,0.3960808527530317
CANFINHOME.NS,0.3656931982211826
CANTABIL.NS,0.42920669687328294
CAPACITE.NS,0.48761360663691444
CAPITALSFB.NS,0.29133565312104964
CAPLIPOINT.NS,0.43900850608597397
CAPTRUST.NS,0.5948723372817732
CARBORUNIV.NS,0.3460755515726403
CARERATING.NS,0.3974635882279631
CARTRADE.NS,0.48754077356161696
CARYSIL.NS,0.48039915770398306
CASTROLIND.NS,0.3191033149564188
CBAZAAR.NS,0.5518286597658806
CCAVENUE.NS,0.4829239738012283
CCCL.NS,0.7708107988415424
CCHHL.NS,0.5279344192237083
CCL.NS,0.3701444326640535
CDSL.NS,0.3919695655933235
CEATLTD.NS,0.37675828327059824
CELEBRITY.NS,0.5746473032347473
CELLECOR.NS,0.5935052850157956
CELLO.NS,0.30155188773366887
CELLPOINT.NS,0.4466519715272172
CEMPRO.NS,0.5116872358092657
CENTENKA.NS,0.41095958314734277
CENTEXT.NS,0.6316346399185345
CENTRALBK.NS,0.46786509835756485
CENTRUM.NS,0.5365767722800061
CENTUM.NS,0.5531420838527975
CENTURYPLY.NS,0.3537567899587476
CERA.NS,0.3274305409892504
CEREBRAINT.NS,0.506653959505808
CESC.NS,0.347633662615651
CGCL.NS,0.4239813403652874
CGPOWER.NS,0.42342762892819796
CGRAPHICS.NS,0.5785499270993951
CHALET.NS,0.4034272691204792
CHAMBLFERT.NS,0.39834695928400105
CHAVDA.NS,0.5456024711715065
CHEMBOND.NS,0.475622675493114
CHEMCON.NS,0.39618035015186237
CHEMFAB.NS,0.5143495476406315
CHEMPLASTS.NS,0.40941424170725876
CHENNPETRO.NS,0.526794347796043
CHEVIOT.NS,0.2923877914199276
CHOICEIN.NS,0.2839244412756575
CHOLAFIN.NS,0.4214097886049379
CHOLAHLDNG.NS,0.3513983076136485
CIEINDIA.NS,0.39366384844428454
CINELINE.NS,0.5317011113177093
CINEVISTA.NS,0.5608862509526867
CIPLA.NS,0.2626089747415165
CLEAN.NS,0.32949808392904434
CLEDUCATE.NS,0.5528476237996887
CLSEL.NS,0.45835190758321587
CLSL.NS,0.4988535029193632
CMNL.NS,0.5774829352987401
CMRSL.NS,0.584151098544336
CMSINFO.NS,0.31644232746081075
CNL.NS,0.48269972247301834
COALINDIA.NS,0.31494651016075886
COASTCORP.NS,0.5358495624896961
COCHINSHIP.NS,0.46292149167729274
COFFEEDAY.NS,0.5762102104231548
COFORGE.NS,0.4200708984794307
COHANCE.NS,0.4078897946475302
COLPAL.NS,0.2314831380704005
COMMITTED.NS,0.5265826581798908
COMPINFO.NS,0.5658225684408112
COMPUSOFT.NS,0.5793835973951297
COMSYN.NS,0.43254003942575037
CONCOR.NS,0.3483930996524443
CONCORDBIO.NS,0.42086401155907743
CONFIPET.NS,0.5027080310207939
CONS.NS,0.19333488354951248
CONSOFINVT.NS,0.5087303740164975
CONTI.NS,0.511679046155216
CONTROLPR.NS,0.40385313750393115
COOLCAPS.NS,0.519259797628957
CORALFINAC.NS,0.5681097973795765
CORDSCABLE.NS,0.5336413183186374
COROMANDEL.NS,0.3077158222275263
COSMOFIRST.NS,0.47497605744899424
COUNCODOS.NS,0.5832118442232769
CPCAP.NS,0.474718960733098
CPS.NS,0.5138186430368443
CRAFTSMAN.NS,0.366920816592691
CRAYONS.NS,0.6138832624010455
CREATIVEYE.NS,0.5753066251435792
CREDITACC.NS,0.44291191959354465
CREST.NS,0.4901481191309647
CRISIL.NS,0.32914408648554677
CROMPTON.NS,0.31303887084857407
CROWN.NS,0.43720352613032276
CSBBANK.NS,0.3841258318156418
CSLFINANCE.NS,0.4616968756849259
CTE.NS,0.5971093090030684
CUB.NS,0.3586829766368791
CUBEXTUB.NS,0.5882244995004874
CUMMINSIND.NS,0.3237974793318015
CUPID.NS,0.4773385716757262
CURAA.NS,0.23290688047639332
CYBERMEDIA.NS,0.5444629611018995
CYBERTECH.NS,0.588605982399206
CYIENT.NS,0.3821143701174849
CYIENTDLM.NS,0.40388928629227727
DABUR.NS,0.23036170600554248
DALBHARAT.NS,0.33809049679197345
DALMIASUG.NS,0.48316523511357357
DAMODARIND.NS,0.5355780972470574
DANGEE.NS,0.5161920649628714
DATAMATICS.NS,0.5477521811325955
DATAPATTNS.NS,0.4969754256507571
DAVANGERE.NS,0.5068420295262831
DBCORP.NS,0.4169027208211765
DBL.NS,0.4559455863427192
DBOL.NS,0.4275028687193036
DBREALTY.NS,0.5978389545935746
DBSTOCKBRO.NS,0.5493345539302574
DCAL.NS,0.5625263990850766
DCBBANK.NS,0.38814674742504335
DCG.NS,0.5477813938920915
DCI.NS,0.48204262107958723
DCM.NS,0.5163749905206358
DCMFINSERV.NS,0.5334492112164575
DCMNVL.NS,0.5116431944945367
DCMSHRIRAM.NS,0.41823823045010555
DCMSRIND.NS,0.4503871919466389
DCW.NS,0.5334972289537094
DCXINDIA.NS,0.5042144934018785
DECCANCE.NS,0.3973798677348322
DEEM.NS,0.6005721767844044
DEEPAKFERT.NS,0.485162283902434
DEEPAKNTR.NS,0.383060866368279
DEEPINDS.NS,0.5165753484363504
DELAPLEX.NS,0.5398025658328316
DELHIVERY.NS,0.3683818716255997
DELPHIFX.NS,0.5528964677635849
DELTACORP.NS,0.4569318829194504
DELTAMAGNT.NS,0.5733411325361519
DEN.NS,0.43727604767859957
DENEERS.NS,0.5191016353315221
DENORA.NS,0.5488667711564429
DENTALKART.NS,0.521017203738663
DESTINY.NS,0.530390109244437
DEVIT.NS,0.5380589926368213
DEVYANI.NS,0.3698522601384525
DGCONTENT.NS,0.5445922166837178
DHAMPURSUG.NS,0.4547400018455182
DHANBANK.NS,0.47953098842304037
DHANUKA.NS,0.3662669663397016
DHARMAJ.NS,0.4404143428658579
DHRUV.NS,0.5013229164433002
DHTL.NS,0.5896779721325898
DHUNINV.NS,0.5178050928067955
DIACABS.NS,0.6076337433835314
DIAMINESQ.NS,0.4363356082814149
DIAMONDYD.NS,0.3682249365715525
DICIND.NS,0.35416015666513256
DIGIDRIVE.NS,0.4736706815240766
DIGIKORE.NS,0.6119268806226952
DIGISPICE.NS,0.5539144702547416
DIGJAMLMTD.NS,0.4632955272162195
DISHTV.NS,0.5715189247529293
DIVGIITTS.NS,0.3869088578647156
DIVISLAB.NS,0.28508018681006575
DIXON.NS,0.4035352625646059
DJML.NS,0.45577054115509213
DKEGL.NS,0.6417339943984186
DLF.NS,0.3874914471896198
DLINKINDIA.NS,0.4968313256194208
DMART.NS,0.301477897839601
DMCC.NS,0.48155991783296637
DNAMEDIA.NS,0.7287564094207482
DODLA.NS,0.35839607191965184
DOLATALGO.NS,0.5093561783491679
DOLLAR.NS,0.43839945659309065
DOLLEX.NS,0.4471423346718511
DOLPHIN.NS,0.3425699104596691
DOMS.NS,0.3700242619578331
DONEAR.NS,0.49685727600854945
DPABHUSHAN.NS,0.4884454981202404
DPSCLTD.NS,0.55190926174794
DPWIRES.NS,0.5432587242603808
DRCSYSTEMS.NS,0.5553248083652572
DREAMFOLKS.NS,0.4307974065504815
DREDGECORP.NS,0.5056735218217852
DRONE.NS,0.5563327480677642
DRREDDY.NS,0.2472872180006561
DRSDILIP.NS,0.33461680363269836
DSSL.NS,0.6422970392712997
DTIL.NS,0.4418624265615123
DUCOL.NS,0.5160276863645769
DUCON.NS,0.5741809095296512
DUGLOBAL.NS,0.6015502415121718
DVL.NS,0.4784573416454209
DWARKESH.NS,0.4699393352166177
DYCL.NS,0.5497798261763146
DYNAMATECH.NS,0.49265430509173425
DYNAMIC.NS,0.6101507838130072
DYNPRO.NS,0.5177039552172107
E2E.NS,0.5471030911642321
EASEMYTRIP.NS,0.5194824112569418
EASTSILK.NS,0.49036623068682295
ECLERX.NS,0.4214823542789413
EDELWEISS.NS,0.5010730945010174
EFACTOR.NS,0.6599053935358985
EFORCE.NS,0.535478557401472
EICHERMOT.NS,0.2987856064645259
EIDPARRY.NS,0.3963008620189011
EIFFL.NS,0.4249132801049399
EIHAHOTELS.NS,0.42373890411962734
EIHOTEL.NS,0.40732662577243034
EIMCOELECO.NS,0.504280979206719
EKC.NS,0.5559485757575612
ELDEHSG.NS,0.4243062990931517
ELECON.NS,0.5456239955457642
ELECTCAST.NS,0.5092280213877791
ELECTHERM.NS,0.5448583016793697
ELGIEQUIP.NS,0.453904762561373
ELGIRUBCO.NS,0.5881634034489441
ELIN.NS,0.4674199939877782
EMAMILTD.NS,0.3412104856181624
EMAMIREAL.NS,0.5447344509881642
EMBASSY.NS,0.2238633931759415
EMBDL.NS,0.573024973434111
EMIL.NS,0.4541175801139828
EMKAY.NS,0.5666601776480027
EMKAYTOOLS.NS,0.48789434151030325
EMMBI.NS,0.48405146697722745
EMMIL.NS,0.541120849778766
EMSLIMITED.NS,0.5101147993610153
EMUDHRA.NS,0.4022080824555004
ENDURANCE.NS,0.32593246706883555
ENERGYDEV.NS,0.5443331330172304
ENFUSE.NS,0.6269798279679378
ENGINERSIN.NS,0.41819985758541806
ENIL.NS,0.4450391394188268
ENSER.NS,0.5921276106833927
ENTERO.NS,0.4037846472961429
EPACK.NS,0.5117984030456764
EPIGRAL.NS,0.47903965481426963
EPL.NS,0.37453758397368886
EQUIPPP.NS,0.6737454402178882
EQUITASBNK.NS,0.3738861074128183
ERIS.NS,0.3026681038680636
ESABINDIA.NS,0.37877006453953027
ESAFSFB.NS,0.35694699387227896
ESCONET.NS,0.59025758553041
ESCORTS.NS,0.35556622103209246
ESFL.NS,0.5716605453347127
ESG.NS,0.13814755892840408
ESSARSHPNG.NS,0.5936285972262115
ESSENTIA.NS,0.5419319838980335
ESTER.NS,0.5038696160809846
ETERNAL.NS,0.46764848411928084
ETHOSLTD.NS,0.37723293020952287
EUROTEXIND.NS,0.5060084058651394
EVEREADY.NS,0.4075262660369235
EVERESTIND.NS,0.4821023379078919
EXCELINDUS.NS,0.443716627713092
EXICOM.NS,0.6107392909938794
EXIDEIND.NS,0.3044770841302014
EXPLEOSOL.NS,0.447132096164797
EXXARO.NS,0.45193847511805324
FACT.NS,0.5964141921126401
FAIRCHEMOR.NS,0.46669623544392935
FAZE3Q.NS,0.5353384967240521
FCL.NS,0.5300425065852816
FCSSOFT.NS,0.8157450725715512
FDC.NS,0.33269116309016483
FEDERALBNK.NS,0.343947210638508
FEDFINA.NS,0.346754813797087
FEL.NS,0.5395027537302716
FELDVR.NS,0.5578589723013839
FELIX.NS,0.524114573917196
FIBERWEB.NS,0.5041526197613321
FIDEL.NS,0.5994471760007573
FIEMIND.NS,0.45069529981017814
FILATEX.NS,0.48649342868220774
FILATFASH.NS,0.596891038280719
FINCABLES.NS,0.4074884098218479
FINEORG.NS,0.36366215240124616
FINOPB.NS,0.4892545854669419
FINPIPE.NS,0.3702292859840702
FIVESTAR.NS,0.3979785024836656
FLAIR.NS,0.37973877302536696
FLEXITUFF.NS,0.5656836872345208
FLFL.NS,0.5432760104463974
FLUOROCHEM.NS,0.4049422536753041
FMGOETZE.NS,0.36656877600955823
FMNL.NS,0.5418665260971965
FOCUS.NS,0.49018923421371413
FONEBOX.NS,0.5683946434438837
FOODSIN.NS,0.507583962772546
FORCEMOT.NS,0.487256832091934
FORTIS.NS,0.32085820278609545
FOSECOIND.NS,0.3956370397082992
FROG.NS,0.5994503217392628
FSL.NS,0.44556072510692085
FUSION.NS,0.43295482569915156
GABRIEL.NS,0.4658053023285826
GAEL.NS,0.4592993879960772
GAIL.NS,0.34149767529674674
GALAXYSURF.NS,0.3001355152953142
GALLANTT.NS,0.5292593011485237
GANDHAR.NS,0.37440970449324973
GANDHITUBE.NS,0.42270032749284414
GANECOS.NS,0.4364814750678025
GANESHBE.NS,0.42684183557997135
GANESHHOU.NS,0.5236268952960266
GANGAFORGE.NS,0.4973471034555253
GANGESSECU.NS,0.5324663955241131
GARFIBRES.NS,0.35616245833488147
GATECH.NS,0.5914051297741459
GATECHDVR.NS,0.699081590660119
GATEWAY.NS,0.3088265170137432
GAYAHWS.NS,0.8468662779542036
GAYAPROJ.NS,0.5607942651276614
GEECEE.NS,0.473890864854627
GEEKAYWIRE.NS,0.5061733779035165
GENCON.NS,0.5211715343068695
GENESYS.NS,0.586623186444908
GENUSPAPER.NS,0.5369886550771262
GENUSPOWER.NS,0.51339146594487
GEOJITFSL.NS,0.4757852363236837
GESHIP.NS,0.3980705167884017
GFLLIMITED.NS,0.4682284589544401
GHCL.NS,0.4028809736932301
GHCLTEXTIL.NS,0.4167074601029753
GICHSGFIN.NS,0.42639758968316205
GICL.NS,0.440617639628322
GICRE.NS,0.44163974140596046
GILLANDERS.NS,0.507881590937781
GILLETTE.NS,0.2420914157618249
GINNIFILA.NS,0.5742246829695425
GIPCL.NS,0.4089397663204123
GIRIRAJ.NS,0.5026301997232583
GKWLIMITED.NS,0.4844438635747066
GLAND.NS,0.36934158128713385
GLAXO.NS,0.29665403862701717
GLENMARK.NS,0.35409364809079646
GLFL.NS,0.5630448210451328
GLOBAL.NS,0.5401131907032797
GLOBALPET.NS,0.5226444352276401
GLOBALVECT.NS,0.5458338728071751
GLOBE.NS,0.4916686724317842
GLOBUSSPR.NS,0.4860603425825673
GLOSTERLTD.NS,0.322771771421138
GMBREW.NS,0.4251663050400662
GMDCLTD.NS,0.5279608485381453
GMMPFAUDLR.NS,0.39638896783273714
GMRAIRPORT.NS,0.38636788232429103
GMRP&UI.NS,0.5341306501242289
GNA.NS,0.4451408306565154
GNFC.NS,0.4171871557561838
GOACARBON.NS,0.5072458274430934
GOCLCORP.NS,0.49935158876033114
GOCOLORS.NS,0.3738332825299662
GODFRYPHLP.NS,0.47644427475228157
GODIGIT.NS,0.332526392067108
GODREJAGRO.NS,0.3209026565302333
GODREJCP.NS,0.29171324769815465
GODREJIND.NS,0.35061324642044134
GODREJPROP.NS,0.4121839302206209
GOKEX.NS,0.5525876042770866
GOKUL.NS,0.5398253908293379
GOKULAGRO.NS,0.5395646647715885
GOODLUCK.NS,0.518761340409242
GOODYEAR.NS,0.26931979874346035
GOPAL.NS,0.3742744946441135
GOYALALUM.NS,0.43545666899679775
GOYALSALT.NS,0.47924464701702885
GPIL.NS,0.48648373429964503
GPPL.NS,0.3704250805221274
GPTHEALTH.NS,0.35896016713743745
GPTINFRA.NS,0.5664455417528895
GRANULES.NS,0.3893408298458575
GRAPHISAD.NS,0.5114917081360165
GRAPHITE.NS,0.46147148826232653
GRASIM.NS,0.2847524654894584
GRAUWEIL.NS,0.4446481033381362
GRAVITA.NS,0.509363105733618
GRCL.NS,0.5276491822023976
GREAVESCOT.NS,0.4738443978504637
GREENCHEF.NS,0.5210257641798882
GREENLAM.NS,0.4164264333101092
GREENPANEL.NS,0.4222764431361509
GREENPLY.NS,0.42536664304894845
GREENPOWER.NS,0.531061215953982
GRETEX.NS,0.2975143129994909
GRINDWELL.NS,0.33239964497823016
GRINFRA.NS,0.32382273162085146
GRMOVER.NS,0.48835297580416825
GROBTEA.NS,0.5179455854058671
GRPLTD.NS,0.512968495856712
GRSE.NS,0.5445337073314518
GRWRHITECH.NS,0.5435659872349214
GSFC.NS,0.4292191179223861
GSLSU.NS,0.5259840740721121
GSMFOILS.NS,0.5196085423840533
GSS.NS,0.5371608574548188
GSTL.NS,0.538060525103877
GTECJAINX.NS,0.5283318424604491
GTL.NS,0.5648907608367079
GTLINFRA.NS,0.7127347626896963
GTPL.NS,0.46686722616286513
GUFICBIO.NS,0.46511901674908407
GUJALKALI.NS,0.42870293668277926
GUJAPOLLO.NS,0.4819702901563678
GUJGASLTD.NS,0.33056881799237997
GUJRAFFIA.NS,0.5032805509499085
GULFOILLUB.NS,0.34869020657906885
GULFPETRO.NS,0.5086377072004851
GULPOLY.NS,0.48996005043853785
GVKPIL.NS,0.4436569032163556
GVPIL.NS,0.5206006869991007
GVPTECH.NS,0.3649638122282301
GVT&D.NS,0.4681400981913663
HAL.NS,0.3700678485078462
HALEOSLABS.NS,0.5249811043770202
HAPPSTMNDS.NS,0.3512321655617337
HAPPYFORGE.NS,0.29599214170433025
HARDWYN.NS,0.5086579566923763
HARIOMPIPE.NS,0.48068349659084475
HARRMALAYA.NS,0.47318630669998646
HARSHA.NS,0.35610256220549513
HATHWAY.NS,0.4606954203559535
HATSUN.NS,0.3655668638601846
HAVELLS.NS,0.28813054969158225
HAVISHA.NS,0.5968096038047197
HBLENGINE.NS,0.5522018274130163
HBSL.NS,0.5578688231057395
HCC.NS,0.5979117646372298
HCG.NS,0.3419308847801572
HCL-INSYS.NS,0.48106013108332263
HCLTECH.NS,0.2781924274907184
HDFCAMC.NS,0.3112375698480118
HDFCBANK.NS,0.2580465558378415
HDFCLIFE.NS,0.2851246770946271
HDIL.NS,0.4631573336925898
HEADSUP.NS,0.5418876546921599
HECPROJECT.NS,0.5129401523917442
HEG.NS,0.4959889233707313
HEIDELBERG.NS,0.28991490667110903
HEMIPROP.NS,0.45586792710661234
HERANBA.NS,0.40549548312443917
HERITGFOOD.NS,0.43380456966225966
HEROMOTOCO.NS,0.2935278525786773
HESTERBIO.NS,0.4174041550864678
HEXATRADEX.NS,0.43051355145051545
HFCL.NS,0.5333370063824964
HGINFRA.NS,0.44347858671977075
HGM.NS,0.5624243127587819
HGS.NS,0.39809742146930754
HIGREEN.NS,0.5812445749815173
HIKAL.NS,0.46668256088142535
HILTON.NS,0.556055232494224
HIMATSEIDE.NS,0.5253821619058932
HINDALCO.NS,0.38682520024460854
HINDCOMPOS.NS,0.4666685740544924
HINDCON.NS,0.5432269513088823
HINDCOPPER.NS,0.5292644795110334
HINDOILEXP.NS,0.5045068838952146
HINDPETRO.NS,0.3784140196648832
HINDUNILVR.NS,0.2305699606188013
HINDWAREAP.NS,0.495753573351866
HINDZINC.NS,0.38558009398703175
HIRECT.NS,0.5671247087279945
HISARMETAL.NS,0.548146581839602
HITECH.NS,0.4862998952816531
HITECHCORP.NS,0.5367359645420539
HITECHGEAR.NS,0.5014354802248018
HLEGLAS.NS,0.4672780889710102
HLVLTD.NS,0.5427034269390046
HMAAGRO.NS,0.39435723869798495
HMT.NS,0.4247007494977435
HMVL.NS,0.43840388338265013
HNDFDS.NS,0.3841274938514799
HOACFOODS.NS,0.5513900482037967
HOLMARC.NS,0.654208655687155
HOMEFIRST.NS,0.3827091969456493
HOMESFY.NS,0.551308169537308
HONASA.NS,0.45184142020934387
HONAUT.NS,0.310222817582938
HPAL.NS,0.3899819844647445
HPIL.NS,0.44952076497632937
HPL.NS,0.5455708876414325
HRHNEXT.NS,0.6032931696104303
HSCL.NS,0.4779479427450203
HTMEDIA.NS,0.488584656752915
HUBTOWN.NS,0.5492251162087208
HUDCO.NS,0.45254430852900795
HUHTAMAKI.NS,0.3837368195314829
HYBRIDFIN.NS,0.5565959684496207
IBLFL.NS,0.4496945668201404
IBULLSLTD.NS,0.5992166116694378
ICDSLTD.NS,0.5058383668293186
ICEMAKE.NS,0.5192523054752533
ICICIBANK.NS,0.28920239791532587
ICICIGI.NS,0.2783507011523313
ICICIPRULI.NS,0.31950761872780115
ICIL.NS,0.5641504661163754
ICRA.NS,0.293405057496169
IDBI.NS,0.4754252619592585
IDEA.NS,0.6361624723103724
IDEAFORGE.NS,0.5078145362769642
IDFCFIRSTB.NS,0.3756167778133334
IEML.NS,0.6561253056456579
IEX.NS,0.38877987892753396
IFBAGRO.NS,0.5015387774435263
IFBIND.NS,0.48359429650178165
IFCI.NS,0.5934747901642571
IFGLEXPOR.NS,0.5230581639952749
IGARASHI.NS,0.4973438610287016
IGL.NS,0.336408933691249
IGPL.NS,0.4501925040803986
IIFL.NS,0.4843526311321454
IIFLCAPS.NS,0.5308049672147568
IITL.NS,0.5060575813442313
IKIO.NS,0.41990288953292504
IL&FSENGG.NS,0.47734817653265155
IL&FSTRANS.NS,0.4812514762005148
IMAGICAA.NS,0.5497240922910105
IMFA.NS,0.48189492381663374
IMPAL.NS,0.3132267766128363
IMPEXFERRO.NS,0.6196148380247793
INCREDIBLE.NS,0.5531180511515418
INDBANK.NS,0.5863109401889746
INDGN.NS,0.3593563869724646
INDHOTEL.NS,0.3693275885793681
INDIACEM.NS,0.4327959480486213
INDIAGLYCO.NS,0.4719221165788471
INDIAMART.NS,0.39524010494770884
INDIANB.NS,0.42621354477827356
INDIANCARD.NS,0.4443832329074586
INDIANHUME.NS,0.468494135012531
INDIASHLTR.NS,0.32488457819825506
INDIFRA.NS,0.5130555498334285
INDIGO.NS,0.3560118890554005
INDIGOPNTS.NS,0.3020241282039344
INDIGRID.NS,0.1263062049156941
INDNIPPON.NS,0.4181503997897803
INDOAMIN.NS,0.547284973171595
INDOBORAX.NS,0.45389727240585437
INDOCO.NS,0.44081483517075454
INDORAMA.NS,0.5128926594190049
INDOSTAR.NS,0.4605165540945867
INDOTECH.NS,0.5604936208535467
INDOTHAI.NS,0.5240291991361224
INDOWIND.NS,0.5541155262188837
INDRAMEDCO.NS,0.4712388215031307
INDSWFTLAB.NS,0.5236767882227162
INDTERRAIN.NS,0.5265430222840678
INDUSINDBK.NS,0.4127311853063525
INDUSTOWER.NS,0.40951560842694523
INFINIUM.NS,0.4428554477559779
INFOBEAN.NS,0.5370037025491534
INFOLLION.NS,0.5246511829458061
INFOMEDIA.NS,0.48521879281877456
INFY.NS,0.27856599208731836
INGERRAND.NS,0.34152143009956315
INM.NS,0.5385404905925931
INNOVACAP.NS,0.40178211520213475
INNOVANA.NS,0.5431837277891159
INOXGREEN.NS,0.5261434636507396
INOXINDIA.NS,0.36324451959364445
INOXWIND.NS,0.5490415231864877
INSECTICID.NS,0.40110520427600976
INSPIRE.NS,0.6034167958720866
INSPIRISYS.NS,0.5347130017014521
INTELLECT.NS,0.48008101772907474
INTENTECH.NS,0.5880459275691757
INTLCONV.NS,0.4430855650558909
INVENTURE.NS,0.5490195988090525
IOB.NS,0.4801093920047901
IOC.NS,0.29534061722658217
IOLCP.NS,0.4910002177457209
IONEXCHANG.NS,0.4135520511036745
IPCALAB.NS,0.31172028743116315
IPL.NS,0.4057046192982453
IPSL.NS,0.6943929252465234
IRB.NS,0.48654437732627037
IRBINVIT.NS,0.11860192248650579
IRCON.NS,0.4721745547895271
IRCTC.NS,0.3644107997851392
IREDA.NS,0.5063303933466531
IRFC.NS,0.38999391955499224
IRIS.NS,0.5076342538902929
IRISDOREME.NS,0.45637809840542354
IRMENERGY.NS,0.4720647813134197
ISFT.NS,0.5195191430169046
ISGEC.NS,0.4292529468380614
ISHAN.NS,0.6373544977175658
IT.NS,0.2084494890246496
ITALIANE.NS,0.6006666867186404
ITC.NS,0.24935466046673996
ITDC.NS,0.506083028937259
ITI.NS,0.526367111790144
IVC.NS,0.4967949171000609
IVP.NS,0.5468750960922506
IZMO.NS,0.5845998688839733
J&KBANK.NS,0.4841770776604925
JAGRAN.NS,0.3673971485382865
JAGSNPHARM.NS,0.5574208173816276
JAIBALAJI.NS,0.5133164928400223
JAICORPLTD.NS,0.5494350808373166
JAINAM.NS,0.5143200625319021
JAIPURKURT.NS,0.5246890119446378
JAKHARIA.NS,0.27731256400439525
JALAN.NS,0.49751334472537273
JAMNAAUTO.NS,0.4172134586021903
JASH.NS,0.45366991878813656
JAYAGROGN.NS,0.47086873048550587
JAYBARMARU.NS,0.4975443588648957
JAYNECOIND.NS,0.5391147201101212
JAYSREETEA.NS,0.4315249918017382
JBCHEPHARM.NS,0.3211771898695552
JBMA.NS,0.5170967150478532
JETFREIGHT.NS,0.49974659111641456
JETKNIT.NS,0.29034777852895044
JFLLIFE.NS,0.5482655755844988
JGCHEM.NS,0.5238237308329494
JHS.NS,0.544471830964306
JINDALPHOT.NS,0.5899111861872762
JINDALPOLY.NS,0.4726196852498354
JINDALSAW.NS,0.49444417053752954
JINDALSTEL.NS,0.4248671897389346
JINDRILL.NS,0.5311772571268035
JINDWORLD.NS,0.5398999000163579
JIOFIN.NS,0.3316274398989275
JISLDVREQS.NS,0.5141356527318354
JISLJALEQS.NS,0.5388872186870304
JITFINFRA.NS,0.5517588832623601
JIWANRAM.NS,0.5456731009927039
JKCEMENT.NS,0.32625708443121126
JKIL.NS,0.4224907087878693
JKLAKSHMI.NS,0.3652423198527633
JKPAPER.NS,0.43497023710752203
JKTYRE.NS,0.44126439738493745
JLHL.NS,0.289409209940262
JMA.NS,0.4630977429121762
JMFINANCIL.NS,0.44656609642015255
JNKINDIA.NS,0.5208577779466504
JOCIL.NS,0.47067440215543926
JPOLYINVST.NS,0.518983072879921
JPPOWER.NS,0.5947080725604277
JSFB.NS,0.46081968802393974
JSL.NS,0.464025109793919
JSLL.NS,0.5694323515909872
JSWDULUX.NS,0.28240817497032583
JSWENERGY.NS,0.44354117968075607
JSWHL.NS,0.4306419493066121
JSWINFRA.NS,0.37567930360254204
JSWSTEEL.NS,0.33344593208789963
JTEKTINDIA.NS,0.4689659534801704
JTLIND.NS,0.48445764867148555
JUBLFOOD.NS,0.3480490109155435
JUBLINGREA.NS,0.4407923452304606
JUBLPHARMA.NS,0.4241411222701728
JUNIPER.NS,0.40508475375908326
JUSTDIAL.NS,0.45706063787854706
JWL.NS,0.5567611108229269
JYOTHYLAB.NS,0.33424790816534977
JYOTICNC.NS,0.5097510555669885
JYOTISTRUC.NS,0.5551839865548255
K2INFRA.NS,0.6480796308089749
KABRAEXTRU.NS,0.5511369319967565
KAJARIACER.NS,0.3172428465323117
KAKATCEM.NS,0.4365789545373234
KALAMANDIR.NS,0.44667602996018035
KALYANIFRG.NS,0.4224350456608902
KALYANKJIL.NS,0.4409994364595753
KAMATHOTEL.NS,0.5512424383016561
KAMDHENU.NS,0.5112103242542689
KAMOPAINTS.NS,0.5320868273336505
KANANIIND.NS,0.5366865816941722
KANDARP.NS,0.6142969147132935
KANORICHEM.NS,0.4986549501668496
KANPRPLA.NS,0.49371770611867405
KANSAINER.NS,0.2908225734516577
KAPSTON.NS,0.4516827682432251
KARMAENG.NS,0.5518885181932004
KARNIKA.NS,0.5460678503175627
KARURVYSYA.NS,0.4061634354599566
KAUSHALYA.NS,0.6415639516477091
KAVDEFENCE.NS,0.476972302717592
KAYA.NS,0.5108441941058783
KAYNES.NS,0.48287618691041534
KCEIL.NS,0.613838723122254
KCK.NS,0.628116427940031
KCP.NS,0.43951124232540345
KCPSUGIND.NS,0.5125860870680097
KDDL.NS,0.5202817600059243
KDL.NS,0.6640307495325767
KEC.NS,0.394052452529863
KECL.NS,0.5378249216441522
KEEPLEARN.NS,0.5042438930080506
KEI.NS,0.41076395761445605
KEL.NS,0.6209082049616029
KELLTONTEC.NS,0.5587570458465175
KENNAMET.NS,0.3794040714948685
KERNEX.NS,0.5314772604623289
KESORAMIND.NS,0.5062630927254808
KEYFINSERV.NS,0.6633572102413191
KFINTECH.NS,0.43616435555478444
KHADIM.NS,0.5206919338039201
KHAICHEM.NS,0.5379428399405999
KHAITANLTD.NS,0.4756478109557787
KHANDSE.NS,0.5454358432736756
KHFM.NS,0.5087713616333384
KICL.NS,0.38424218739897026
KILITCH.NS,0.47797622270788936
KIMS.NS,0.3136714621759168
KINGFA.NS,0.5037730321536059
KIOCL.NS,0.5763666866729158
KIRIINDUS.NS,0.4838548257866815
KIRLFER.NS,0.441469313505813
KIRLOSBROS.NS,0.5169603955794242
KIRLOSENG.NS,0.43543965156966336
KIRLOSIND.NS,0.42530558464668516
KIRLPNU.NS,0.42888054802735937
KITEX.NS,0.5277057215094153
KKCL.NS,0.3668474344856383
KLL.NS,0.5978501155964838
KMSUGAR.NS,0.52841965475834
KNAGRI.NS,0.528072875289561
KNRCON.NS,0.37630117045309736
KODYTECH.NS,0.6467328779547183
KOHINOOR.NS,0.4681473162632933
KOKUYOCMLN.NS,0.4400426095928129
KOLTEPATIL.NS,0.45998917169911674
KONSTELEC.NS,0.6099009079391273
KONTOR.NS,0.610225235110573
KOPRAN.NS,0.5414952273781436
KORE.NS,0.6466712724705633
KOTAKBANK.NS,0.2810593150979191
KOTARISUG.NS,0.5266210811937774
KOTHARIPET.NS,0.5448086452892564
KOTHARIPRO.NS,0.5570798053770118
KOTYARK.NS,0.6668602137000702
KOVAI.NS,0.26867821260046304
KPIGREEN.NS,0.534972018977348
KPIL.NS,0.37086618177879105
KPITTECH.NS,0.4412767989519841
KPRMILL.NS,0.4082417783239127
KRBL.NS,0.45626036439722917
KREBSBIO.NS,0.5795126807416576
KRIDHANINF.NS,0.585260678560794
KRISHANA.NS,0.4230565758507317
KRISHCA.NS,0.5978005369780994
KRISHIVAL.NS,0.4313002827208536
KRISHNADEF.NS,0.5888998914722683
KRITI.NS,0.47913801622112295
KRITIKA.NS,0.43024608786844953
KRITINUT.NS,0.5256059883429585
KRSNAA.NS,0.3702202161431911
KRYSTAL.NS,0.4637093695382481
KSB.NS,0.3582931778511436
KSCL.NS,0.3846715766339402
KSHITIJPOL.NS,0.5369632129026511
KSL.NS,0.42298909239065247
KSOLVES.NS,0.49260679102075117
KTKBANK.NS,0.38650408004911185
KUANTUM.NS,0.49081367903195156
LAGNAM.NS,0.5167154181340621
LAKPRE.NS,0.48875878057703126
LAL.NS,0.49870532411248125
LALPATHLAB.NS,0.339758791238267
LAMBODHARA.NS,0.6027747718919061
LANCORHOL.NS,0.5663596666069284
LANDMARK.NS,0.40911861352755835
LANDSMILL.NS,0.7603270504962205
LAOPALA.NS,0.39362029206817717
LASA.NS,0.5812405019246872
LATENTVIEW.NS,0.41398617099735197
LATTEYS.NS,0.4673147287007523
LAURUSLABS.NS,0.37527750604838034
LAXMICOT.NS,0.6303207234277199
LCCINFOTEC.NS,0.4825862092211276
LEMERITE.NS,0.4575838462357481
LEMONTREE.NS,0.43573289213386285
LEXUS.NS,0.5717289243746162
LFIC.NS,0.6038876448794575
LGBBROSLTD.NS,0.42279777546979164
LGHL.NS,0.39791042321823633
LIBAS.NS,0.484874311652222
LIBERTSHOE.NS,0.4910952793588228
LICHSGFIN.NS,0.37495214887726125
LICI.NS,0.2871889346129542
LICNFNHGP.NS,0.24807652497428284
LIKHITHA.NS,0.4635325029322898
LINC.NS,0.47043666727475586
LINCOLN.NS,0.4239581763888167
LINDEINDIA.NS,0.38721670806208996
LLOYDS.NS,0.6348786394493837
LLOYDSENGG.NS,0.681926044409208
LLOYDSME.NS,0.40013817046198513
LMW.NS,0.33433100069747623
LODHA.NS,0.45093838970691125
LOKESHMACH.NS,0.588556439217911
LORDSCHLO.NS,0.5065995933354617
LOTUSEYE.NS,0.5167203862580048
LOVABLE.NS,0.5014910716721152
LOYALTEX.NS,0.48282036461827704
LPDC.NS,0.5895298722216156
LRRPL.NS,0.5883460696842236
LT.NS,0.27866193154667696
LTF.NS,0.40289623831902405
LTFOODS.NS,0.47162855352871036
LTM.NS,0.3385465953175324
LTTS.NS,0.3597242991451217
LUMAXIND.NS,0.41156974942822205
LUMAXTECH.NS,0.47977331551607094
LUPIN.NS,0.2950518271923642
LUXIND.NS,0.40142743397546493
LXCHEM.NS,0.41350549280007676
LYKALABS.NS,0.516654330958692
LYPSAGEMS.NS,0.5769090985606686
M&M.NS,0.3278680925086
M&MFIN.NS,0.41457456175947804
MAANALU.NS,0.6003699349760151
MACPOWER.NS,0.5332463734765226
MADHAV.NS,0.5199030896938859
MADHAVBAUG.NS,0.514630015470773
MADHUCON.NS,0.516134341461386
MADHUSUDAN.NS,0.5454299727522592
MADRASFERT.NS,0.5406210854093279
MAFANG.NS,0.2615780029051718
MAGADSUGAR.NS,0.5186598890287716
MAGNUM.NS,0.5619564359505526
MAGSON.NS,0.5151417349632413
MAHABANK.NS,0.44680335090212675
MAHAPEXLTD.NS,0.514663815571921
MAHASTEEL.NS,0.4620183263049533
MAHEPC.NS,0.4460656765172163
MAHESHWARI.NS,0.4709131772765866
MAHICKRA.NS,0.4234782278669427
MAHKTECH.NS,0.3582421514912229
MAHLIFE.NS,0.37313625856190874
MAHLOG.NS,0.39908064693999334
MAHSCOOTER.NS,0.35537029011713317
MAHSEAMLES.NS,0.38333137332404776
MAITHANALL.NS,0.43939228805206954
MAITREYA.NS,0.5356243659709403
MAKEINDIA.NS,0.16482853680859044
MAKS.NS,0.48706031279670287
MAL.NS,0.5241933424475689
MALLCOM.NS,0.44005331573439205
MALUPAPER.NS,0.5332039029712501
MANAKALUCO.NS,0.6278446702607605
MANAKCOAT.NS,0.5520084070268242
MANAKSIA.NS,0.47162545787591864
MANAKSTEEL.NS,0.5634737153129669
MANALIPETC.NS,0.4873070473779092
MANAPPURAM.NS,0.4228955095040797
MANAV.NS,0.35834245177476665
MANDEEP.NS,0.43548670074046697
MANGALAM.NS,0.49613260670802095
MANGLMCEM.NS,0.39518013975290706
MANINDS.NS,0.5436719755972717
MANINFRA.NS,0.470672807060903
MANKIND.NS,0.3058418386394613
MANOMAY.NS,0.47030331694196476
MANORAMA.NS,0.46555751294208453
MANORG.NS,0.5048259046376526
MANUGRAPH.NS,0.581318038940419
MANYAVAR.NS,0.32096072729056374
MAPMYINDIA.NS,0.39239341757282903
MARALOVER.NS,0.5235132978080044
MARATHON.NS,0.5298898497547262
MARCO.NS,0.6020836542886229
MARICO.NS,0.23993604027636137
MARINE.NS,0.508482882216578
MARINETRAN.NS,0.5975672191163209
MARKSANS.NS,0.49706314662177137
MARUTI.NS,0.28205439053014186
MASFIN.NS,0.38644116844309934
MASKINVEST.NS,0.5466644763912772
MASTEK.NS,0.4506886687347055
MASTER.NS,0.43171405142078423
MATRIMONY.NS,0.4005255761681134
MAWANASUG.NS,0.5006365880512381
MAXESTATES.NS,0.44477641569921167
MAXHEALTH.NS,0.3674077586071129
MAXIND.NS,0.40856725706067143
MAXPOSURE.NS,0.6229240901513213
MAYURUNIQ.NS,0.41334826886472437
MAZDA.NS,0.4630573529687697
MAZDOCK.NS,0.4945012145175498
MBAPL.NS,0.43298106869211705
MBLINFRA.NS,0.5720098757912945
MCL.NS,0.5471058930534639
MCLEODRUSS.NS,0.5862013632530947
MCON.NS,0.6110625490727454
MCX.NS,0.40282132109941704
MDL.NS,0.512077155185937
MEDANTA.NS,0.3245744086546929
MEDIASSIST.NS,0.4012344256176926
MEDICAMEQ.NS,0.49577668501829764
MEDICO.NS,0.49057766403596775
MEDPLUS.NS,0.3311021203411188
MEGAFLEX.NS,0.5164529633359836
MEGASTAR.NS,0.48310745087830864
MEGATHERM.NS,0.5673238532189567
MENONBE.NS,0.4574646469510028
MEP.NS,0.5367615338540914
METROBRAND.NS,0.34184441023959244
METROPOLIS.NS,0.36719015351531203
MFSL.NS,0.3463643714812805
MGEL.NS,0.5175685927061404
MGL.NS,0.35037495595519
MHHL.NS,0.6006967621635058
MHLXMIRU.NS,0.5753370747948539
MHRIL.NS,0.3716562589729947
MICEL.NS,0.6133174567480641
MICROPRO.NS,0.584960638235014
MIDHANI.NS,0.438593100948809
MILTON.NS,0.38880129584023704
MINDACORP.NS,0.43269754699287394
MINDPOOL.NS,0.30402664716062394
MINDSPACE.NS,0.15935018396332598
MINDTECK.NS,0.6040191684120003
MIRCELECTR.NS,0.5873321903377212
MIRZAINT.NS,0.5421449457088392
MITCON.NS,0.48851638262905334
MITTAL.NS,0.5449000186587356
MKPL.NS,0.41481807157615713
MMFL.NS,0.42435665945805945
MMP.NS,0.5050077245324684
MMTC.NS,0.5439511289129768
MNC.NS,0.16774089473083334
MODIRUBBER.NS,0.4731859030513798
MODISONLTD.NS,0.5114785772488746
MODTHREAD.NS,0.5365839438863674
MOHITIND.NS,0.5264955696105904
MOIL.NS,0.4180148678328387
MOKSH.NS,0.5324333208119678
MOL.NS,0.44060930192726705
MOLDTECH.NS,0.535521047002084
MOLDTKPAC.NS,0.3597373359677965
MONARCH.NS,0.48792640452605135
MONOPHARMA.NS,0.5122312313957071
MONTECARLO.NS,0.4304286741179453
MOREALTY.NS,0.27220503322784234
MOREPENLAB.NS,0.5547780759210086
MOS.NS,0.5853165809538927
MOTHERSON.NS,0.4142836886995286
MOTILALOFS.NS,0.4326758386563139
MOTISONS.NS,0.5553141059705572
MOTOGENFIN.NS,0.554030398328214
MOXSH.NS,0.5460563328092287
MPHASIS.NS,0.3448805507040875
MPSLTD.NS,0.4784438521345815
MPTODAY.NS,0.41148671579677065
MRF.NS,0.2556316509386464
MRPL.NS,0.49768141269699456
MSPL.NS,0.49067852828959374
MSTCLTD.NS,0.5410032202704551
MSUMI.NS,0.28966924806997263
MTARTECH.NS,0.44357386083929307
MTEDUCARE.NS,0.5161351171731657
MTNL.NS,0.5909206030622907
MUFIN.NS,0.48791504451459144
MUFTI.NS,0.4497781466437128
MUKANDLTD.NS,0.4846620973724055
MUKKA.NS,0.41677087535476537
MUKTAARTS.NS,0.5022522726671818
MUNJALAU.NS,0.46852275067113136
MUNJALSHOW.NS,0.3844208317728603
MURUDCERA.NS,0.5365589054823331
MUTHOOTCAP.NS,0.4347436313203853
MUTHOOTFIN.NS,0.3563436537386523
MUTHOOTMF.NS,0.3792514528568182
MVGJL.NS,0.5031744372767879
MVKAGRO.NS,0.49916453076090256
MWL.NS,0.4201892556899264
NACLIND.NS,0.5105994681224414
NAGAFERT.NS,0.5054273022236907
NAGREEKCAP.NS,0.5615981479987782
NAGREEKEXP.NS,0.6056618858456383
NAHARCAP.NS,0.5053869018198863
NAHARINDUS.NS,0.4841486186993912
NAHARPOLY.NS,0.5676309421029672
NAHARSPING.NS,0.48648920525911127
NAM-INDIA.NS,0.3872970837938938
NAMAN.NS,0.6013575589116607
NARMADA.NS,0.42486318959351926
NATCOPHARM.NS,0.3461088622464735
NATHBIOGEN.NS,0.4314633048504456
NATIONALUM.NS,0.44384373730196375
NAUKRI.NS,0.37291930459494554
NAVA.NS,0.512093494619704
NAVINFLUOR.NS,0.36787626114325633
NAVKARCORP.NS,0.577949490666251
NAVNETEDUL.NS,0.3778956541545225
NAZARA.NS,0.4327987130431557
NBCC.NS,0.48118925271294666
NBIFIN.NS,0.4140442632497698
NCC.NS,0.4776753478209231
NCLIND.NS,0.3799302087120853
NDGL.NS,0.5220604413087754
NDL.NS,0.5508186123721456
NDLVENTURE.NS,0.492999905740179
NDRAUTO.NS,0.5567741843863745
NDTV.NS,0.5511246283861441
NECCLTD.NS,0.6011839401787789
NECLIFE.NS,0.5838106010993716
NELCAST.NS,0.5206833706121007
NELCO.NS,0.4848984482499595
NEOGEN.NS,0.4536425118904677
NESCO.NS,0.3325801739812188
NESTLEIND.NS,0.21835712600501503
NETWEB.NS,0.5371070092078672
NETWORK18.NS,0.5076504522136648
NEULANDLAB.NS,0.543626055566702
NEWGEN.NS,0.4821423124763032
NEWJAISA.NS,0.6469275864791755
NEXTMEDIA.NS,0.5503167588890558
NFL.NS,0.4900574070374686
NGIL.NS,0.5385137161804628
NGLFINE.NS,0.48559484477602244
NH.NS,0.33371068291693595
NHPC.NS,0.3485052601183581
NIACL.NS,0.4736106599330627
NIBL.NS,0.554810156538423
NIDAN.NS,0.5467693896406777
NIITLTD.NS,0.5319019612757386
NIITMTS.NS,0.39936579875062767
NILAINFRA.NS,0.5647582745833032
NILASPACES.NS,0.5732398133471197
NILKAMAL.NS,0.30313317713723953
NINSYS.NS,0.4768663334054957
NIPPOBATRY.NS,0.4773103944159297
NIRAJ.NS,0.5070623280877605
NIRAJISPAT.NS,0.4744012913879348
NIRMAN.NS,0.652953815728892
NITCO.NS,0.5099652482875904
NITINSPIN.NS,0.4469444588403374
NITIRAJ.NS,0.46405132445673575
NKIND.NS,0.5459440026557711
NLCINDIA.NS,0.4282159739655906
NMDC.NS,0.3915810827978125
NOCIL.NS,0.42120635340679063
NOIDATOLL.NS,0.5584499535057945
NORBTEAEXP.NS,0.4925312713313313
NOVAAGRI.NS,0.4983494081860567
NOVARTIND.NS,0.3534593893757769
NPBET.NS,0.2540314002175464
NPST.NS,0.5978715442340645
NRAIL.NS,0.4715404434036212
NRBBEARING.NS,0.44607529105747534
NRL.NS,0.5423989561716056
NSIL.NS,0.4509413076504372
NSLNISP.NS,0.42596656948532835
NTPC.NS,0.27749818341026117
NUCLEUS.NS,0.4761626445889045
NURECA.NS,0.5202589076610602
NUVAMA.NS,0.4576391192016914
NUVOCO.NS,0.31399327799949195
NXST.NS,0.1731719014842976
NYKAA.NS,0.37784260605353504
OAL.NS,0.5018264045233797
OBCL.NS,0.47560282438563795
OBEROIRLTY.NS,0.37249938963171836
OFSS.NS,0.33128335377414514
OIL.NS,0.42116062271922916
OILCOUNTUB.NS,0.5408614485150822
OLECTRA.NS,0.5104357764256899
OLIL.NS,0.5691203486403112
OMAXAUTO.NS,0.5606522679126903
OMAXE.NS,0.4787893804489062
OMFURN.NS,0.4720275369547968
OMINFRAL.NS,0.5452687464001915
ONDOOR.NS,0.5745091297959306
ONELIFECAP.NS,0.5728364794114327
ONEPOINT.NS,0.5070604662529337
ONGC.NS,0.3588507974449147
ONMOBILE.NS,0.5571530684747936
ONWARDTEC.NS,0.5415978940469625
OPTIEMUS.NS,0.5745436183499529
ORBTEXP.NS,0.5548933443198193
ORCHPHARMA.NS,0.4574317662518155
ORIANA.NS,0.6335754699845555
ORICONENT.NS,0.5019434919516812
ORIENTALTL.NS,0.5643813546418958
ORIENTBELL.NS,0.5095856641952916
ORIENTCEM.NS,0.4277997197917354
ORIENTCER.NS,0.5169438321711466
ORIENTELEC.NS,0.35783238713146925
ORIENTHOT.NS,0.46437138086974794
ORIENTLTD.NS,0.5285744217406612
ORIENTPPR.NS,0.4787189509994414
ORISSAMINE.NS,0.5049315708492981
ORTEL.NS,0.5684988184701574
ORTINGLOBE.NS,0.5699628012522728
OSIAHYPER.NS,0.5759547348200509
OSWALAGRO.NS,0.5994937308330547
OSWALGREEN.NS,0.5687744190502871
OSWALSEEDS.NS,0.46604791225530057
OWAIS.NS,0.6673094121456066
PAGEIND.NS,0.2790093524333368
PAISALO.NS,0.5080307021974141
PAKKA.NS,0.5496104752252752
PALASHSECU.NS,0.5371070165896876
PALREDTEC.NS,0.5600374656425278
PANACEABIO.NS,0.5429319891012127
PANACHE.NS,0.559999828042003
PANAMAPET.NS,0.47943891075398404
PANSARI.NS,0.4692663576955839
PAR.NS,0.5150657121970337
PARACABLES.NS,0.5831511922402539
PARADEEP.NS,0.4448807328383772
PARAGMILK.NS,0.489077948960962
PARAGON.NS,0.5302315561782882
PARAS.NS,0.4915359688916647
PARASPETRO.NS,0.39094680868004134
PARIN.NS,0.3825231184079608
PARKHOTELS.NS,0.40561922344945867
PARSVNATH.NS,0.5778446844001377
PARTYCRUS.NS,0.5684565919474143
PASHUPATI.NS,0.4701036759596104
PASUPTAC.NS,0.5328123711019177
PATANJALI.NS,0.43330240985620805
PATELENG.NS,0.5540161689208593
PATINTLOG.NS,0.5553046071329295
PATTECH.NS,0.5054821172939571
PAVNAIND.NS,0.4979835199882356
PAYTM.NS,0.5060611435908549
PCBL.NS,0.4415355536940536
PCJEWELLER.NS,0.5573259675029408
PDMJEPAPER.NS,0.5014274791066471
PDSL.NS,0.40789483037988605
PEARLPOLY.NS,0.5996838856468977
PENIND.NS,0.5442513179508085
PENINLAND.NS,0.5759408842016691
PENTAGON.NS,0.5796725096541415
PERSISTENT.NS,0.3610094959242704
PETRONET.NS,0.29541455559944746
PFC.NS,0.3756581525076762
PFIZER.NS,0.24806715257450293
PFOCUS.NS,0.5966114152271631
PFS.NS,0.4959056572185278
PGEL.NS,0.5499361256789299
PGHH.NS,0.21822077384715174
PGHL.NS,0.2592922907449631
PGIL.NS,0.5468451970160371
PGINVIT.NS,0.12320066177653076
PHANTOMFX.NS,0.5684573653441845
PHOENIXLTD.NS,0.3967915370223643
PIDILITIND.NS,0.23736277580185572
PIGL.NS,0.4717304724217785
PIIND.NS,0.31080323041444585
PILANIINVS.NS,0.37025715806866005
PILITA.NS,0.515172006747632
PIONEEREMB.NS,0.49955029163340675
PITTIENG.NS,0.48921608020036395
PIXTRANS.NS,0.4250527129296845
PKTEA.NS,0.49337611192012554
PLADAINFO.NS,0.5631842522141448
PLASTIBLEN.NS,0.42039935947501156
PLATIND.NS,0.5240985838092812
PLAZACABLE.NS,0.44243910392074004
PNB.NS,0.3801199886231939
PNBHOUSING.NS,0.4584279724903401
PNC.NS,0.5929258509583206
PNCINFRA.NS,0.40504032625474656
POCL.NS,0.43230521052864135
PODDARMENT.NS,0.41381478460348115
POKARNA.NS,0.5413139789297989
POLICYBZR.NS,0.4561765493558953
POLYCAB.NS,0.3480907290920586
POLYMED.NS,0.42772104756036283
POLYPLEX.NS,0.40743620607680386
POLYSIL.NS,0.5083871506322186
PONNIERODE.NS,0.4696840089768424
POONAWALLA.NS,0.4682137786113499
POWERGRID.NS,0.2769985800583733
POWERINDIA.NS,0.43481892919923176
POWERMECH.NS,0.46080936718304155
PPAP.NS,0.4844478213645571
PPL.NS,0.48614736000862674
PPLPHARMA.NS,0.4009884402330657
PRAENG.NS,0.5821073753128511
PRAJIND.NS,0.4563117126822354
PRAKASH.NS,0.5167620922556543
PRAKASHSTL.NS,0.6470875824854512
PRAMARA.NS,0.5494830942061012
PRATHAM.NS,0.5530208359518275
PRAXIS.NS,0.5307947869430061
PRECAM.NS,0.5709712266749908
PRECISION.NS,0.6208659269615195
PRECOT.NS,0.5393358010858395
PRECWIRE.NS,0.5252916501311367
PREMEXPLN.NS,0.5614984936449421
PREMIER.NS,0.48923505594334765
PREMIERPOL.NS,0.6262299962256727
PRESSTONIC.NS,0.6669659231904531
PRESTIGE.NS,0.44596912082854306
PRICOLLTD.NS,0.4584348492312614
PRIMESECU.NS,0.4571055261285451
PRINCEPIPE.NS,0.396740210489208
PRITI.NS,0.5052723270338698
PRITIKA.NS,0.6108411432488784
PRITIKAUTO.NS,0.4689427479299693
PRIVISCL.NS,0.44582169855295334
PRLIND.NS,0.55368911126646
PROLIFE.NS,0.45305781570792614
PROPEQUITY.NS,0.5215619463037267
PROV.NS,0.46697817583535417
PROZONER.NS,0.5441816653554102
PRSMJOHNSN.NS,0.4226290535918848
PRUDENT.NS,0.46898405456452236
PRUDMOULI.NS,0.5233074151014452
PSB.NS,0.47318124149297086
PSPPROJECT.NS,0.3691610844895446
PTC.NS,0.3972709155903238
PTCIL.NS,0.4854395883336831
PTL.NS,0.3577159300647573
PULZ.NS,0.5123253093608432
PUNJABCHEM.NS,0.4590815823536769
PURVA.NS,0.5285578153291135
PURVFLEXI.NS,0.5857771251523973
PVP.NS,0.5214616783884286
PVRINOX.NS,0.3748965749354067
PVSL.NS,0.40174804065577424
PYRAMID.NS,0.4210379816373844
QFIL.NS,0.5047866739839219
QMSMEDI.NS,0.5492592434427677
QUADPRO.NS,0.5412710627124849
QUESS.NS,0.3971074343579051
QUESTLAB.NS,0.56359900617053
QUICKHEAL.NS,0.5089100045932489
QUICKTOUCH.NS,0.6033512523202198
RACE.NS,0.43225745602331844
RADAAN.NS,0.47233328247211354
RADHIKAJWE.NS,0.5511751287237909
RADIANTCMS.NS,0.35303498468770456
RADICO.NS,0.3673977745724873
RADIOCITY.NS,0.3867819656490082
RADIOWALLA.NS,0.5632929808924733
RAILTEL.NS,0.4679835614692753
RAIN.NS,0.4637816541093146
RAINBOW.NS,0.34518607269571566
RAJESHEXPO.NS,0.40774837221831306
RAJMET.NS,0.4377392481346051
RAJRATAN.NS,0.47690382988547075
RAJRILTD.NS,0.8548594229050019
RAJSREESUG.NS,0.5621317000294737
RAJTV.NS,0.5131305399860532
RALLIS.NS,0.372965829291492
RAMANEWS.NS,0.5152520471981867
RAMAPHO.NS,0.511388832236718
RAMASTEEL.NS,0.5299129923576086
RAMCOCEM.NS,0.29692606402450694
RAMCOIND.NS,0.3865239708453119
RAMCOSYS.NS,0.5595822282969021
RAMKY.NS,0.554303050927297
RAMRAT.NS,0.46355628236620555
RANASUG.NS,0.49046594068946836
RANEHOLDIN.NS,0.42861195391505613
RATEGAIN.NS,0.4480156366878161
RATNAMANI.NS,0.33697454967839346
RATNAVEER.NS,0.4934366331045892
RAYMOND.NS,0.47275921524267644
RBA.NS,0.3770633999245782
RBLBANK.NS,0.47217129473625546
RBMINFRA.NS,0.6231208252614842
RBS.NS,0.48709723174219494
RBZJEWEL.NS,0.4842053605436576
RCDL.NS,0.6162779571203995
RCF.NS,0.4706734986461472
RCOM.NS,0.5166305353577211
RECLTD.NS,0.37022810102289105
REDINGTON.NS,0.463812989680153
REDTAPE.NS,0.4239221398619214
REFEX.NS,0.5874084818711028
REFRACTORY.NS,0.5663249811249597
REGENCERAM.NS,0.4258332929616195
RELAXO.NS,0.29257017665984925
RELCHEMQ.NS,0.41069968599705314
RELIABLE.NS,0.4465442009365095
RELIANCE.NS,0.27939376584769426
RELIGARE.NS,0.47944267650963757
REMSONSIND.NS,0.5361003193368151
REMUS.NS,0.5669974792047372
RENUKA.NS,0.5059085879178452
REPCOHOME.NS,0.46240969373541024
REPL.NS,0.46986348498175884
REPRO.NS,0.4743173464109526
RESPONIND.NS,0.46885714446425336
REXPIPES.NS,0.44861845457841387
RGL.NS,0.5062435898864672
RHFL.NS,0.5562284583843269
RHIM.NS,0.4168169064051208
RHL.NS,0.489553610126168
RICOAUTO.NS,0.5369286373573612
RIIL.NS,0.4935557901284117
RILINFRA.NS,0.5463662493599412
RISHABH.NS,0.48211234653138596
RITCO.NS,0.4909211124911639
RITES.NS,0.3874569022984552
RITEZONE.NS,0.6011711894264643
RKDL.NS,0.5400840760937337
RKEC.NS,0.6592978968857974
RKFORGE.NS,0.4529971533755332
RKSWAMY.NS,0.4394970146742406
RMDRIP.NS,0.4997349393456206
RML.NS,0.5004171047386483
ROCKINGDCE.NS,0.6366458208541378
ROHLTD.NS,0.5066766880636395
ROLEXRINGS.NS,0.36393535837517865
ROLLT.NS,0.5699633337131351
ROML.NS,0.5025553802856677
ROSSARI.NS,0.3252352272922677
ROSSELLIND.NS,0.5263908445821078
ROTO.NS,0.4368740128163793
ROUTE.NS,0.40873390913680935
ROXHITECH.NS,0.5627036996373637
RPGLIFE.NS,0.43949343726447987
RPOWER.NS,0.5730870898995115
RPPINFRA.NS,0.5751437156181428
RPPL.NS,0.5376181260131015
RPSGVENT.NS,0.493020203002537
RPTECH.NS,0.41243794099454734
RRKABEL.NS,0.35820614041308924
RSSOFTWARE.NS,0.5715858826601244
RSWM.NS,0.4655346278425671
RSYSTEMS.NS,0.4604379958476566
RTNINDIA.NS,0.5545194435072947
RTNPOWER.NS,0.5551368306563317
RUBYMILLS.NS,0.5208307372180199
RUCHINFRA.NS,0.4910789946534457
RUCHIRA.NS,0.45803977748545815
RULKA.NS,0.5783976732474999
RUPA.NS,0.4256614394940594
RUSHIL.NS,0.5372311425572447
RUSTOMJEE.NS,0.32624402936300334
RVHL.NS,0.5292735877584029
RVNL.NS,0.50121764211293
S&SPOWER.NS,0.5161363803962972
SAAKSHI.NS,0.5638121164162625
SABAR.NS,0.6386493365557067
SADBHAV.NS,0.5612458114345865
SADBHIN.NS,0.5443815889666935
SADHAV.NS,0.5654932774212931
SADHNANIQ.NS,0.5656357132785262
SAFARI.NS,0.3948931804579172
SAGARDEEP.NS,0.46685282450798193
SAGCEM.NS,0.42105889202824565
SAHANA.NS,0.5711108038598192
SAHYADRI.NS,0.39880508174421064
SAIFL.NS,0.6051812090453267
SAIL.NS,0.44809397424186725
SAKAR.NS,0.516665238649198
SAKHTISUG.NS,0.5364237070572241
SAKSOFT.NS,0.5232320506298215
SAKUMA.NS,0.5766388274132336
SALASAR.NS,0.5179663535389776
SALONA.NS,0.5495293924262133
SALSTEEL.NS,0.5382126356230866
SALZERELEC.NS,0.5419275123247177
SAMBHAAV.NS,0.5784677089918313
SAMHI.NS,0.4003072694143808
SAMMAANCAP.NS,0.541277912569674
SAMPANN.NS,0.581180544538038
SANCO.NS,0.5520631403486955
SANDESH.NS,0.39903797266733326
SANDHAR.NS,0.40180382083982913
SANDUMA.NS,0.5350377831294741
SANGAMIND.NS,0.5225001395592106
SANGANI.NS,0.4774631974646425
SANGHVIMOV.NS,0.5513828544745171
SANGINITA.NS,0.5332181877601874
SANOFI.NS,0.2332452553951383
SANSERA.NS,0.32004734357005993
SANWARIA.NS,0.661181858125743
SAPPHIRE.NS,0.365057309617072
SARDAEN.NS,0.48642075742740054
SAREGAMA.NS,0.46101853004902577
SARLAPOLY.NS,0.5417403441310107
SAROJA.NS,0.5625348243021825
SARTELE.NS,0.645860934855611
SARVESHWAR.NS,0.5684881055781144
SASKEN.NS,0.4574308239869342
SATIA.NS,0.4120034918617985
SATIN.NS,0.4598334724322717
SAURASHCEM.NS,0.47627108530907736
SBC.NS,0.4539919120475047
SBCL.NS,0.49487181349907594
SBFC.NS,0.34854428947920196
SBGLP.NS,0.4869704320286848
SBICARD.NS,0.29660370332882574
SBILIFE.NS,0.2643474219014882
SBIN.NS,0.30872015996080177
SCHAEFFLER.NS,0.30977658830876803
SCHAND.NS,0.4590409891877257
SCHNEIDER.NS,0.4974848827494708
SCI.NS,0.4960016335735749
SCILAL.NS,0.46038002358661945
SCML.NS,0.6322469773845775
SCPL.NS,0.48658110692601686
SDBL.NS,0.5028646829974788
SEAMECLTD.NS,0.46731863406035806
SECMARK.NS,0.6047571591179699
SECURKLOUD.NS,0.5622526550746737
SEJALLTD.NS,0.45976121937895453
SEL.NS,0.6569254562858114
SELMC.NS,0.535448980806785
SEMAC.NS,0.5100232072129799
SENCO.NS,0.4544405554607322
SEPC.NS,0.6013116032253105
SERVICE.NS,0.5667471031253644
SERVOTECH.NS,0.5245332686454959
SESHAPAPER.NS,0.4137886866456845
SETCO.NS,0.5106969296078901
SEYAIND.NS,0.4785051504757865
SFL.NS,0.31753877230594085
SGIL.NS,0.46396994243899403
SGL.NS,0.5771965699581343
SHAH.NS,0.5668025825099764
SHAHALLOYS.NS,0.5483607483577719
SHAILY.NS,0.4901033342649913
SHAIVAL.NS,0.034412426552933854
SHAKTIPUMP.NS,0.521497979345877
SHALBY.NS,0.4568841935218975
SHALPAINTS.NS,0.46452586982885535
SHANKARA.NS,0.4922577850369939
SHANTHALA.NS,0.6588692889757132
SHANTI.NS,0.49456567985632066
SHANTIGEAR.NS,0.44522801626608505
SHARDACROP.NS,0.4940847197894837
SHARDAMOTR.NS,0.5032130165577166
SHAREINDIA.NS,0.43262259529442515
SHEETAL.NS,0.3400562292742779
SHEKHAWATI.NS,0.8357807679047076
SHEMAROO.NS,0.5727238388265133
SHERA.NS,0.5020519255992578
SHIGAN.NS,0.6255238874936164
SHILPAMED.NS,0.4684820843138079
SHIVALIK.NS,0.4541959083202397
SHIVAMAUTO.NS,0.53832395522956
SHIVAMILLS.NS,0.5313415956298427
SHIVATEX.NS,0.5561438965367625
SHIVAUM.NS,0.26666539398611316
SHK.NS,0.46889571146826453
SHOPERSTOP.NS,0.41462560692910455
SHRADHA.NS,0.5744611795635742
SHREDIGCEM.NS,0.4068619335487695
SHREECEM.NS,0.27646396267436213
SHREEKARNI.NS,0.5124269229954452
SHREEOSFM.NS,0.6340094824721412
SHREEPUSHK.NS,0.51719018585199
SHREERAMA.NS,0.5602408478508765
SHREMINVIT.NS,0.13674544440617215
SHRENIK.NS,0.5876086378050226
SHREYANIND.NS,0.4877391747600284
SHRIPISTON.NS,0.4057411484848195
SHRIRAMFIN.NS,0.44585863478673227
SHRIRAMPPS.NS,0.4556168192291175
SHRITECH.NS,0.49020043456828005
SHUBHLAXMI.NS,0.5482139044356436
SHYAMCENT.NS,0.5249764153575022
SHYAMMETL.NS,0.3386306689405178
SHYAMTEL.NS,0.5182463111881959
SICALLOG.NS,0.5145425504201875
SIDDHIKA.NS,0.45199740638083
SIEMENS.NS,0.30984352932132386
SIGACHI.NS,0.48401831230835396
SIGIND.NS,0.5444461696445269
SIGMA.NS,0.5286127002058769
SIGMAADV.NS,0.578749600866231
SIGNATURE.NS,0.3589738325862887
SIGNORIA.NS,0.5490761676105562
SIGNPOST.NS,0.5546789796491042
SIKKO.NS,0.5714063461862725
SIL.NS,0.42352441220737846
SILGO.NS,0.5444311455724148
SILINV.NS,0.459252542905405
SILKFLEX.NS,0.5763963963136074
SILLYMONKS.NS,0.5727677299811244
SIMPLEXINF.NS,0.5616772155428063
SINCLAIR.NS,0.41075404361678075
SINDHUTRAD.NS,0.6131468233835338
SINTERCOM.NS,0.380219231781919
SIRCA.NS,0.41284583296761945
SIS.NS,0.32736926015552875
SITINET.NS,0.5641612039626421
SIYSIL.NS,0.4789011867648566
SJLOGISTIC.NS,0.5765723482097453
SJS.NS,0.4085531338714786
SJVN.NS,0.39368344479388573
SKFINDIA.NS,0.3036562044207898
SKIPPER.NS,0.5779720369686582
SKMEGGPROD.NS,0.5237492148299574
SKP.NS,0.5341570175532846
SKYGOLD.NS,0.5817504510737741
SLONE.NS,0.5602843697099847
SMARTLINK.NS,0.5031305128205937
SMCGLOBAL.NS,0.38313715948776045
SMLMAH.NS,0.5129302461765896
SMLT.NS,0.5364775120487791
SMSPHARMA.NS,0.48106806556987464
SMVD.NS,0.46587278962297485
SNOWMAN.NS,0.4727680419254628
SOBHA.NS,0.4708293782955675
SOFTTECH.NS,0.45840027977392805
SOLARA.NS,0.5052408493629795
SOLARINDS.NS,0.3493325214327924
SOLEX.NS,0.6237340000040665
SOMANYCERA.NS,0.41513051827235575
SOMATEX.NS,0.5758732710343575
SOMICONVEY.NS,0.6253203678353326
SONACOMS.NS,0.37776824574145557
SONAMAC.NS,0.5976236294499474
SONAMLTD.NS,0.44817329316321763
SONATSOFTW.NS,0.42552906571879384
SONUINFRA.NS,0.6058146833078284
SOTAC.NS,0.49090505711738197
SOTL.NS,0.39508104320661036
SOUTHBANK.NS,0.43632478444760575
SOUTHWEST.NS,0.5382084372495572
SPAL.NS,0.5247810914369219
SPANDANA.NS,0.5035715092090782
SPARC.NS,0.4965536127058806
SPCENET.NS,0.5033687142635366
SPECIALITY.NS,0.4944340135804101
SPECTRUM.NS,0.452305513597324
SPECTSTM.NS,0.6032235221297271
SPENCERS.NS,0.5150326495489882
SPIC.NS,0.5228330325270659
SPLIL.NS,0.5322312895387775
SPLPETRO.NS,0.40015373017786904
SPMLINFRA.NS,0.5744083583660601
SPORTKING.NS,0.46284018469163124
SPRL.NS,0.4210280685516669
SREEL.NS,0.4042555191224891
SRF.NS,0.31697721566769516
SRGHFL.NS,0.4298321025902155
SRHHYPOLTD.NS,0.5269882979984504
SRIVASAVI.NS,0.6448572902789499
SRM.NS,0.494509383879322
SSFL.NS,0.6481092368895847
SSWL.NS,0.3942672714543379
STAR.NS,0.4590302905852961
STARCEMENT.NS,0.34621509374049103
STARHEALTH.NS,0.2980366379904497
STARPAPER.NS,0.3983476842330141
STARTECK.NS,0.5087363456611212
STCINDIA.NS,0.5424918905748309
STEELCAS.NS,0.4302981493584902
STEELCITY.NS,0.4657727715604499
STEELXIND.NS,0.49742284963535366
STEL.NS,0.5076396630841723
STERTOOLS.NS,0.4972449916821886
STLTECH.NS,0.49609011888852833
STOVEKRAFT.NS,0.4411629997836826
STYLAMIND.NS,0.4124910098226875
STYRENIX.NS,0.39773645376668715
SUBEXLTD.NS,0.5738504434503399
SUBROS.NS,0.4529060813115539
SUDARCOLOR.NS,0.4091555763052259
SUDARSCHEM.NS,0.40533561238734317
SUKHJITS.NS,0.39204871480053616
SULA.NS,0.35778808230901854
SUMEETINDS.NS,0.5325508296914553
SUMICHEM.NS,0.3546416397843238
SUMIT.NS,0.5443327404471361
SUMMITSEC.NS,0.43726466444679357
SUNCLAY.NS,0.42151276302243446
SUNDARAM.NS,0.4999553269334357
SUNDARMFIN.NS,0.33330278590468565
SUNDRMBRAK.NS,0.4590663982239346
SUNDRMFAST.NS,0.311321903778986
SUNDROP.NS,0.3726995718060273
SUNFLAG.NS,0.5289906103541933
SUNPHARMA.NS,0.2456021915339736
SUNREST.NS,0.5760581728090582
SUNTECK.NS,0.4280809294544203
SUNTV.NS,0.34015422867867134
SUPERHOUSE.NS,0.4734845610892159
SUPERSPIN.NS,0.5377598932549512
SUPRAJIT.NS,0.37662945092276
SUPREMEENG.NS,0.5737195102552428
SUPREMEIND.NS,0.34130588208115986
SUPREMEINF.NS,0.5006939947698891
SUPREMEPWR.NS,0.6163377424322344
SUPRIYA.NS,0.47275795441665514
SURAJEST.NS,0.4967860598816286
SURANASOL.NS,0.5532818825099443
SURANAT&P.NS,0.574909216564284
SURANI.NS,0.544118219477572
SURYALAXMI.NS,0.5216091428737424
SURYAROSNI.NS,0.5044925513946026
SURYODAY.NS,0.44345721817661293
SUTLEJTEX.NS,0.5143501760364142
SUVEN.NS,0.5463133905700075
SUVIDHAA.NS,0.5411676090269624
SUZLON.NS,0.5431569741293928
SVLL.NS,0.3994886084445572
SVPGLOB.NS,0.5361356254429185
SWANCORP.NS,0.4837086172788923
SWANDEF.NS,0.44634897809444474
SWARAJ.NS,0.5580905603999011
SWARAJENG.NS,0.3176009579625891
SWASTIK.NS,0.5285816196841684
SWELECTES.NS,0.5749016442408486
SWSOLAR.NS,0.4968662748334632
SYMPHONY.NS,0.3385554200916139
SYNCOMF.NS,0.49984374303694407
SYNGENE.NS,0.30263769261814744
SYNOPTICS.NS,0.5273698509486363
SYRMA.NS,0.4481349740142018
SYSTANGO.NS,0.553565229709693
TAC.NS,0.663842559180627
TAINWALCHM.NS,0.5944482448921076
TAJGVK.NS,0.4453143889737364
TAKE.NS,0.520079817003877
TALBROAUTO.NS,0.5139261277948705
TANLA.NS,0.4952539927011044
TAPIFRUIT.NS,0.48209046246861115
TARACHAND.NS,0.5948920681609018
TARAPUR.NS,0.4916328614684249
TARC.NS,0.48592523392396836
TARIL.NS,0.6205102738306865
TARMAT.NS,0.5734152908181416
TARSONS.NS,0.39380896772457263
TASTYBITE.NS,0.39650669992125864
TATACHEM.NS,0.3422399171885345
TATACOMM.NS,0.360958611476178
TATACONSUM.NS,0.27684314351945083
TATAELXSI.NS,0.37451572184502163
TATAINVEST.NS,0.3892132850598461
TATAPOWER.NS,0.36536916218716536
TATASTEEL.NS,0.359306763627577
TATATECH.NS,0.2794182847326754
TATSILV.NS,0.41428599282974576
TATVA.NS,0.3883868420727747
TBOTEK.NS,0.41476366092852707
TBZ.NS,0.5191229040481237
TCI.NS,0.40752579600280797
TCIEXP.NS,0.3829070744671912
TCIFINANCE.NS,0.5134951902621059
TCL.NS,0.6054330425399082
TCPLPACK.NS,0.48229560575962666
TCS.NS,0.243963884697879
TDPOWERSYS.NS,0.5057948608482249
TEAMGTY.NS,0.6070318752864533
TEAMLEASE.NS,0.35798886546277137
TECHLABS.NS,0.6354304936686076
TECHM.NS,0.30226340564563037
TECHNOE.NS,0.4418223059469322
TECILCHEM.NS,0.5575689322308797
TEGA.NS,0.38029466569294407
TEJASNET.NS,0.5313469810802067
TEMBO.NS,0.463287793526859
TERASOFT.NS,0.6315660094236659
TEXINFRA.NS,0.48118849073556563
TEXMOPIPES.NS,0.5370930927101111
TEXRAIL.NS,0.5459311116322625
TFCILTD.NS,0.5101376612630834
TFL.NS,0.5318901903268514
TGBHOTELS.NS,0.4983442381672758
TGL.NS,0.5989653899629508
THANGAMAYL.NS,0.491500681433026
THEINVEST.NS,0.4940921160679588
THEJO.NS,0.49302081386823376
THEMISMED.NS,0.512278117763678
THERMAX.NS,0.35957036892364586
THOMASCOOK.NS,0.5051913974468489
THOMASCOTT.NS,0.5134811205621822
THYROCARE.NS,0.40796083486854573
TI.NS,0.4858871816765001
TICL.NS,0.5174418887154505
TIIL.NS,0.5168822256514617
TIINDIA.NS,0.40070467478043487
TIJARIA.NS,0.5181128059912109
TIL.NS,0.5332940074656943
TIMESCAN.NS,0.6007051646111958
TIMETECHNO.NS,0.4783228091847675
TIMKEN.NS,0.3649417246902986
TIPSFILMS.NS,0.5773409579977099
TIPSMUSIC.NS,0.4812663968449773
TIRUMALCHM.NS,0.49631625083943637
TIRUPATI.NS,0.4060024931272798
TIRUPATIFL.NS,0.5096220351943406
TITAGARH.NS,0.5016838651380792
TITAN.NS,0.27760253045576433
TMB.NS,0.26617382493919706
TMPV.NS,0.40292385861490376
TNPETRO.NS,0.42620747456872105
TNPL.NS,0.3886428248208213
TNTELE.NS,0.50394367238772
TOKYOPLAST.NS,0.47653911718915903
TORNTPHARM.NS,0.26428881901913565
TORNTPOWER.NS,0.3548693826348089
TOTAL.NS,0.5243192263695624
TOUCHWOOD.NS,0.5206175052968957
TPHQ.NS,0.42993454758192257
TPLPLASTEH.NS,0.5580130185477248
TRACXN.NS,0.45390010547233733
TRANSTEEL.NS,0.46485768115633735
TRANSWIND.NS,0.44861613396932226
TRANSWORLD.NS,0.5728574300403791
TREEHOUSE.NS,0.533864010680669
TREJHARA.NS,0.5647787539236193
TREL.NS,0.4568953618272828
TRENT.NS,0.38063775710210934
TRF.NS,0.5239047649045145
TRIDENT.NS,0.45072668333548394
TRIDHYA.NS,0.5635942853214406
TRIGYN.NS,0.5393336496116842
TRITURBINE.NS,0.4752476126088445
TRIVENI.NS,0.4681272576348968
TRU.NS,0.578755114250138
TRUST.NS,0.595514336877695
TSFINV.NS,0.4348833981999799
TTKHLTCARE.NS,0.38679951440985955
TTKPRESTIG.NS,0.3303819798491314
TTL.NS,0.4948620015853966
TTML.NS,0.5798855915423144
TVSELECT.NS,0.5346754264589749
TVSHLTD.NS,0.3628193358142276
TVSMOTOR.NS,0.30894553931972524
TVSSCS.NS,0.3920964113330914
TVSSRICHAK.NS,0.3876431098603879
TVTODAY.NS,0.3830434552327782
TVVISION.NS,0.5007850466997865
UBL.NS,0.26402864326090286
UCAL.NS,0.4474835680870189
UCL.NS,0.6422387409221009
UCOBANK.NS,0.42790908042982423
UDS.NS,0.41927027137912165
UEL.NS,0.5299118296494303
UFBL.NS,0.45970069648116263
UFLEX.NS,0.3959522081592802
UFO.NS,0.44948062242280246
UGARSUGAR.NS,0.5030901209047524
UGROCAP.NS,0.41722813397159736
UJJIVANSFB.NS,0.4208249841874409
ULTRACEMCO.NS,0.26628805816992274
UMA.NS,0.5049539083474853
UMAEXPORTS.NS,0.5424008549278837
UMESLTD.NS,0.5327376422001319
UMIYA-MRO.NS,0.5708221560124276
UNICHEMLAB.NS,0.4618347007813168
UNIDT.NS,0.4714289894936847
UNIENTER.NS,0.4278771981677608
UNIHEALTH.NS,0.4925638727395014
UNIINFO.NS,0.5824034979953525
UNIONBANK.NS,0.40987649453593955
UNIPARTS.NS,0.3340076961884689
UNITDSPR.NS,0.2899495028704829
UNITECH.NS,0.5143597029036441
UNITEDPOLY.NS,0.5272282711456975
UNITEDTEA.NS,0.3892639878024325
UNIVASTU.NS,0.5516263281291846
UNIVCABLES.NS,0.50506029569
UNIVPHOTO.NS,0.5539813015765976
UNOMINDA.NS,0.3889897562765774
UPL.NS,0.3449130234617181
URAVIDEF.NS,0.4168427965255984
URBAN.NS,0.5916073928176891
URJA.NS,0.5223359393506256
USASEEDS.NS,0.572355925029255
USHAMART.NS,0.4849025337369831
USK.NS,0.5260692808710997
UTIAMC.NS,0.3470994327903154
UTKARSHBNK.NS,0.424955601961068
UTTAMSUGAR.NS,0.5150917098767039
UWCSL.NS,0.32609656128208103
V2RETAIL.NS,0.5035349864264169
VADILALIND.NS,0.45298876449828346
VAIBHAVGBL.NS,0.4397725517861416
VAISHALI.NS,0.5462810423388939
VAKRANGEE.NS,0.5427480241770674
VALIANTLAB.NS,0.459913484047868
VALIANTORG.NS,0.4704646249462491
VARDHACRLC.NS,0.4265894350257875
VARDMNPOLY.NS,0.5641697675021483
VARROC.NS,0.4504081722211445
VASA.NS,0.3891023355346899
VASCONEQ.NS,0.5745877030600148
VASWANI.NS,0.6211073066260915
VBL.NS,0.36311397963867137
VCL.NS,0.555752046086013
VEDL.NS,0.4253368120517388
VEEDOL.NS,0.3440320289307748
VEEKAYEM.NS,0.5423197676397783
VELS.NS,0.5023662963782707
VENKEYS.NS,0.41335354222748055
VENUSPIPES.NS,0.39050696760644965
VENUSREM.NS,0.3589326548207512
VERA.NS,0.2954137032807642
VERANDA.NS,0.5595883559827938
VERITAAS.NS,0.49476813898700656
VERTEXPLUS.NS,0.5126885866317125
VERTOZ.NS,0.5558113885433985
VESUVIUS.NS,0.3767379722164413
VETO.NS,0.503908121045681
VGL.NS,0.5438903219121661
VGUARD.NS,0.28642689582541975
VHL.NS,0.42140745227610427
VHLTD.NS,0.42827230508202413
VIAZ.NS,0.4715702574721078
VIDHIING.NS,0.4459413001781406
VIJAYA.NS,0.4137235447049459
VIJIFIN.NS,0.7451428287440802
VIKASECO.NS,0.5378553460972941
VIKASLIFE.NS,0.5129346651736557
VILAS.NS,0.5703920911237949
VILINBIO.NS,0.5864510993241179
VIMTALABS.NS,0.5418706885375751
VINATIORGA.NS,0.3179802019083072
VINDHYATEL.NS,0.44762415931014865
VINEETLAB.NS,0.5533499565244779
VINNY.NS,0.4704858959604322
VINSYS.NS,0.486570556683844
VINYAS.NS,0.561881760237249
VINYLINDIA.NS,0.522457385764257
VIPCLOTHNG.NS,0.49724000383490463
VIPIND.NS,0.3983246713764595
VIPULLTD.NS,0.5261702900595487
VIRINCHI.NS,0.47446994559734756
VISAKAIND.NS,0.44914540930566615
VISASTEEL.NS,0.5091111474482292
VISHNU.NS,0.464339517572536
VISHNUINFR.NS,0.5829869554276808
VISHWARAJ.NS,0.43174490273583505
VISHWAS.NS,0.48643405692366404
VITAL.NS,0.49292985756676827
VIVIANA.NS,0.6217356686636585
VIVIDHA.NS,0.7784703853778602
VIVIMEDLAB.NS,0.4806565233453928
VIVO.NS,0.43910752718466506
VIYASH.NS,0.5045454463510824
VLEGOV.NS,0.6091492326075931
VLSFINANCE.NS,0.46827711414193357
VMARCIND.NS,0.6313097978461368
VMART.NS,0.37461072147564506
VOLTAMP.NS,0.44513218432685175
VOLTAS.NS,0.32124909047769323
VPRPL.NS,0.5387384003742031
VR.NS,0.6161313876915916
VRLLOG.NS,0.3847763106165038
VSCL.NS,0.4495331218725221
VSSL.NS,0.44858222607906
VSTIND.NS,0.2930807864688446
VSTL.NS,0.4690732936560339
VSTTILLERS.NS,0.3933582097894401
VTL.NS,0.38758718041969703
WAAREEINDO.NS,0.45489927311206113
WABAG.NS,0.468646332886916
WALCHANNAG.NS,0.5655894935494858
WALPAR.NS,0.49198393259731316
WANBURY.NS,0.4960356559929627
WEALTH.NS,0.48545888052283065
WEBELSOLAR.NS,0.5874888439456688
WEIZMANIND.NS,0.5849429453261109
WEL.NS,0.5027110785151861
WELCORP.NS,0.4620405956734858
WELENT.NS,0.45994724917206153
WELINV.NS,0.5341287498210271
WELSPUNLIV.NS,0.48628997467856966
WENDT.NS,0.4294039252512979
WESTLIFE.NS,0.35477913181298354
WEWIN.NS,0.5162044638947699
WHEELS.NS,0.4062193838829546
WHIRLPOOL.NS,0.3261372626904964
WILLAMAGOR.NS,0.6028623818330945
WINDLAS.NS,0.4087073066560624
WINDMACHIN.NS,0.5623790929388677
WINSOL.NS,0.5631666382889816
WINSOME.NS,0.24018361982800418
WIPL.NS,0.393649774122838
WIPRO.NS,0.28712603551319354
WOCKPHARMA.NS,0.51716019010919
WOMANCART.NS,0.6330851977963582
WONDERLA.NS,0.3919223739646911
WORTHPERI.NS,0.5141616578489777
WSI.NS,0.48315070785434133
WSTCSTPAPR.NS,0.4203129002508501
WTICAB.NS,0.5621292239844919
XCHANGING.NS,0.4699809125698001
XELPMOC.NS,0.5662878108376296
XPROINDIA.NS,0.5368464004726791
YASHO.NS,0.44897102835339564
YASHOPTICS.NS,0.4226524821665053
YATHARTH.NS,0.4014948219633057
YATRA.NS,0.49739707998716864
YCCL.NS,0.5067864294588017
YESBANK.NS,0.47067345869182786
YUDIZ.NS,0.5480010369801247
YUKEN.NS,0.41230664397557004
ZAGGLE.NS,0.5510655207518519
ZEAL.NS,0.5986642555801627
ZEEL.NS,0.4952206316438377
ZEELEARN.NS,0.5276579498871149
ZEEMEDIA.NS,0.5419486156565347
ZENITHDRUG.NS,0.6338931544981534
ZENITHEXPO.NS,0.5506305307686347
ZENITHSTL.NS,0.59821279057906
ZENSARTECH.NS,0.43198993801857716
ZENTEC.NS,0.54108498827541
ZFCVINDIA.NS,0.3091664573625693
ZIMLAB.NS,0.46934462170170604
ZODIAC.NS,0.5379580229578328
ZODIACLOTH.NS,0.44208014659504635
ZOTA.NS,0.43367904158449017
ZUARI.NS,0.5367355771199347
ZUARIIND.NS,0.5590072200412949
ZYDUSLIFE.NS,0.28502446790525354
ZYDUSWELL.NS,0.2835207805498291
