Date,Severity,Category,Message
2026-06-22,CRITICAL,STRESS,Worst Stress Score 0.00
2026-06-22,HIGH,STRESS,3 Stress Scenarios Rejected
2026-06-22,MEDIUM,SURVEILLANCE,1 Warning Alerts
2026-06-22,CRITICAL,STRESS,Worst Stress Score 0.00
2026-06-22,HIGH,STRESS,3 Stress Scenarios Rejected
2026-06-22,MEDIUM,SURVEILLANCE,1 Warning Alerts
2026-06-22,CRITICAL,STRESS,Worst Stress Score 0.00
2026-06-22,HIGH,STRESS,3 Stress Scenarios Rejected
2026-06-22,MEDIUM,SURVEILLANCE,1 Warning Alerts
2026-06-22,CRITICAL,STRESS,Worst Stress Score 0.00
2026-06-22,HIGH,STRESS,3 Stress Scenarios Rejected
2026-06-22,MEDIUM,SURVEILLANCE,1 Warning Alerts
2026-06-22,CRITICAL,STRESS,Worst Stress Score 0.00
2026-06-22,HIGH,STRESS,3 Stress Scenarios Rejected
2026-06-22,MEDIUM,SURVEILLANCE,1 Warning Alerts
2026-06-22,CRITICAL,STRESS,Worst Stress Score 0.00
2026-06-22,HIGH,STRESS,3 Stress Scenarios Rejected
2026-06-22,MEDIUM,SURVEILLANCE,1 Warning Alerts
2026-06-22,CRITICAL,STRESS,Worst Stress Score 0.00
2026-06-22,HIGH,STRESS,3 Stress Scenarios Rejected
2026-06-22,MEDIUM,SURVEILLANCE,1 Warning Alerts
2026-06-22,CRITICAL,STRESS,Worst Stress Score 0.00
2026-06-22,HIGH,STRESS,3 Stress Scenarios Rejected
2026-06-22,MEDIUM,SURVEILLANCE,1 Warning Alerts
2026-06-23,CRITICAL,STRESS,Worst Stress Score 0.00
2026-06-23,HIGH,STRESS,3 Stress Scenarios Rejected
2026-06-23,MEDIUM,SURVEILLANCE,1 Warning Alerts
2026-06-23,CRITICAL,STRESS,Worst Stress Score 0.00
2026-06-23,HIGH,STRESS,3 Stress Scenarios Rejected
2026-06-23,MEDIUM,SURVEILLANCE,1 Warning Alerts
2026-06-24,MEDIUM,FORECAST,Recommendation is UNDERWEIGHT
2026-06-24,CRITICAL,STRESS,Worst Stress Score 0.00
2026-06-24,HIGH,STRESS,3 Stress Scenarios Rejected
2026-06-24,MEDIUM,SURVEILLANCE,1 Warning Alerts
2026-06-24,MEDIUM,FORECAST,Recommendation is UNDERWEIGHT
2026-06-24,CRITICAL,STRESS,Worst Stress Score 0.00
2026-06-24,HIGH,STRESS,3 Stress Scenarios Rejected
2026-06-24,INFO,STRESS,Stress View: TAIL_RISK
2026-06-24,MEDIUM,SURVEILLANCE,1 Warning Alerts
2026-06-24,MEDIUM,FORECAST,Recommendation is UNDERWEIGHT
2026-06-24,CRITICAL,STRESS,Worst Stress Score 0.00
2026-06-24,HIGH,STRESS,3 Stress Scenarios Rejected
2026-06-24,INFO,STRESS,Stress View: TAIL_RISK
2026-06-24,MEDIUM,SURVEILLANCE,1 Warning Alerts
2026-06-24,MEDIUM,FORECAST,Recommendation is UNDERWEIGHT
2026-06-24,CRITICAL,STRESS,Worst Stress Score 0.00
2026-06-24,HIGH,STRESS,3 Stress Scenarios Rejected
2026-06-24,INFO,STRESS,Stress View: TAIL_RISK
2026-06-24,MEDIUM,SURVEILLANCE,1 Warning Alerts
<<<<<<< HEAD,,,
=======,,,
2026-06-24,MEDIUM,FORECAST,Recommendation is UNDERWEIGHT
2026-06-24,CRITICAL,STRESS,Worst Stress Score 0.00
2026-06-24,HIGH,STRESS,3 Stress Scenarios Rejected
2026-06-24,INFO,STRESS,Stress View: TAIL_RISK
2026-06-24,MEDIUM,SURVEILLANCE,1 Warning Alerts
">>>>>>> 7a01724 (""24/06/2026"")",,,
2026-06-25,MEDIUM,FORECAST,Recommendation is UNDERWEIGHT
2026-06-25,CRITICAL,STRESS,Worst Stress Score 0.00
2026-06-25,HIGH,STRESS,3 Stress Scenarios Rejected
2026-06-25,INFO,STRESS,Stress View: TAIL_RISK
2026-06-25,MEDIUM,SURVEILLANCE,1 Warning Alerts
2026-06-25,MEDIUM,FORECAST,Recommendation is UNDERWEIGHT
2026-06-25,CRITICAL,STRESS,Worst Stress Score 0.00
2026-06-25,HIGH,STRESS,3 Stress Scenarios Rejected
2026-06-25,INFO,STRESS,Stress View: TAIL_RISK
2026-06-25,MEDIUM,SURVEILLANCE,1 Warning Alerts
2026-06-26,MEDIUM,FORECAST,Recommendation is UNDERWEIGHT
2026-06-26,CRITICAL,STRESS,Worst Stress Score 0.00
2026-06-26,HIGH,STRESS,3 Stress Scenarios Rejected
2026-06-26,INFO,STRESS,Stress View: TAIL_RISK
2026-06-26,MEDIUM,SURVEILLANCE,1 Warning Alerts
2026-06-26,MEDIUM,FORECAST,Recommendation is UNDERWEIGHT
2026-06-26,CRITICAL,STRESS,Worst Stress Score 0.00
2026-06-26,HIGH,STRESS,3 Stress Scenarios Rejected
2026-06-26,INFO,STRESS,Stress View: TAIL_RISK
2026-06-26,MEDIUM,SURVEILLANCE,1 Warning Alerts
2026-06-27,MEDIUM,FORECAST,Recommendation is UNDERWEIGHT
2026-06-27,CRITICAL,STRESS,Worst Stress Score 0.00
2026-06-27,HIGH,STRESS,3 Stress Scenarios Rejected
2026-06-27,INFO,STRESS,Stress View: TAIL_RISK
2026-06-27,MEDIUM,SURVEILLANCE,1 Warning Alerts
2026-06-27,MEDIUM,FORECAST,Recommendation is UNDERWEIGHT
2026-06-27,CRITICAL,STRESS,Worst Stress Score 0.00
2026-06-27,HIGH,STRESS,3 Stress Scenarios Rejected
2026-06-27,INFO,STRESS,Stress View: TAIL_RISK
2026-06-27,MEDIUM,SURVEILLANCE,1 Warning Alerts
2026-06-28,MEDIUM,FORECAST,Recommendation is UNDERWEIGHT
2026-06-28,CRITICAL,STRESS,Worst Stress Score 0.00
2026-06-28,HIGH,STRESS,3 Stress Scenarios Rejected
2026-06-28,INFO,STRESS,Stress View: TAIL_RISK
2026-06-28,MEDIUM,SURVEILLANCE,1 Warning Alerts
2026-06-28,MEDIUM,FORECAST,Recommendation is UNDERWEIGHT
2026-06-28,CRITICAL,STRESS,Worst Stress Score 0.00
2026-06-28,HIGH,STRESS,3 Stress Scenarios Rejected
2026-06-28,INFO,STRESS,Stress View: TAIL_RISK
2026-06-28,MEDIUM,SURVEILLANCE,1 Warning Alerts
2026-06-29,MEDIUM,FORECAST,Recommendation is UNDERWEIGHT
2026-06-29,CRITICAL,STRESS,Worst Stress Score 0.00
2026-06-29,HIGH,STRESS,3 Stress Scenarios Rejected
2026-06-29,INFO,STRESS,Stress View: TAIL_RISK
2026-06-29,MEDIUM,SURVEILLANCE,1 Warning Alerts
2026-06-29,MEDIUM,FORECAST,Recommendation is UNDERWEIGHT
2026-06-29,CRITICAL,STRESS,Worst Stress Score 0.00
2026-06-29,HIGH,STRESS,3 Stress Scenarios Rejected
2026-06-29,INFO,STRESS,Stress View: TAIL_RISK
2026-06-29,MEDIUM,SURVEILLANCE,1 Warning Alerts
2026-06-30,MEDIUM,FORECAST,Recommendation is UNDERWEIGHT
2026-06-30,CRITICAL,STRESS,Worst Stress Score 0.00
2026-06-30,HIGH,STRESS,3 Stress Scenarios Rejected
2026-06-30,INFO,STRESS,Stress View: TAIL_RISK
2026-06-30,MEDIUM,SURVEILLANCE,1 Warning Alerts
2026-06-30,MEDIUM,FORECAST,Recommendation is UNDERWEIGHT
2026-06-30,CRITICAL,STRESS,Worst Stress Score 0.00
2026-06-30,HIGH,STRESS,3 Stress Scenarios Rejected
2026-06-30,INFO,STRESS,Stress View: TAIL_RISK
2026-06-30,MEDIUM,SURVEILLANCE,1 Warning Alerts
2026-07-01,MEDIUM,FORECAST,Recommendation is UNDERWEIGHT
2026-07-01,CRITICAL,STRESS,Worst Stress Score 0.00
2026-07-01,HIGH,STRESS,3 Stress Scenarios Rejected
2026-07-01,INFO,STRESS,Stress View: TAIL_RISK
2026-07-01,MEDIUM,SURVEILLANCE,1 Warning Alerts
2026-07-01,MEDIUM,FORECAST,Recommendation is UNDERWEIGHT
2026-07-01,CRITICAL,STRESS,Worst Stress Score 0.00
2026-07-01,HIGH,STRESS,3 Stress Scenarios Rejected
2026-07-01,INFO,STRESS,Stress View: TAIL_RISK
2026-07-01,MEDIUM,SURVEILLANCE,1 Warning Alerts
2026-07-02,MEDIUM,FORECAST,Recommendation is UNDERWEIGHT
2026-07-02,CRITICAL,STRESS,Worst Stress Score 0.00
2026-07-02,HIGH,STRESS,3 Stress Scenarios Rejected
2026-07-02,INFO,STRESS,Stress View: TAIL_RISK
2026-07-02,MEDIUM,SURVEILLANCE,1 Warning Alerts
2026-07-02,MEDIUM,FORECAST,Recommendation is UNDERWEIGHT
2026-07-02,CRITICAL,STRESS,Worst Stress Score 0.00
2026-07-02,HIGH,STRESS,3 Stress Scenarios Rejected
2026-07-02,INFO,STRESS,Stress View: TAIL_RISK
2026-07-02,MEDIUM,SURVEILLANCE,1 Warning Alerts
2026-07-03,MEDIUM,FORECAST,Recommendation is UNDERWEIGHT
2026-07-03,CRITICAL,STRESS,Worst Stress Score 0.00
2026-07-03,HIGH,STRESS,3 Stress Scenarios Rejected
2026-07-03,INFO,STRESS,Stress View: TAIL_RISK
2026-07-03,MEDIUM,SURVEILLANCE,1 Warning Alerts
2026-07-03,MEDIUM,FORECAST,Recommendation is UNDERWEIGHT
2026-07-03,CRITICAL,STRESS,Worst Stress Score 0.00
2026-07-03,HIGH,STRESS,3 Stress Scenarios Rejected
2026-07-03,INFO,STRESS,Stress View: TAIL_RISK
2026-07-03,MEDIUM,SURVEILLANCE,1 Warning Alerts
2026-07-04,MEDIUM,FORECAST,Recommendation is UNDERWEIGHT
2026-07-04,CRITICAL,STRESS,Worst Stress Score 0.00
2026-07-04,HIGH,STRESS,3 Stress Scenarios Rejected
2026-07-04,INFO,STRESS,Stress View: TAIL_RISK
2026-07-04,MEDIUM,SURVEILLANCE,1 Warning Alerts
2026-07-04,MEDIUM,FORECAST,Recommendation is UNDERWEIGHT
2026-07-04,CRITICAL,STRESS,Worst Stress Score 0.00
2026-07-04,HIGH,STRESS,3 Stress Scenarios Rejected
2026-07-04,INFO,STRESS,Stress View: TAIL_RISK
2026-07-04,MEDIUM,SURVEILLANCE,1 Warning Alerts
2026-07-05,MEDIUM,FORECAST,Recommendation is UNDERWEIGHT
2026-07-05,CRITICAL,STRESS,Worst Stress Score 0.00
2026-07-05,HIGH,STRESS,3 Stress Scenarios Rejected
2026-07-05,INFO,STRESS,Stress View: TAIL_RISK
2026-07-05,MEDIUM,SURVEILLANCE,1 Warning Alerts
2026-07-05,MEDIUM,FORECAST,Recommendation is UNDERWEIGHT
2026-07-05,CRITICAL,STRESS,Worst Stress Score 0.00
2026-07-05,HIGH,STRESS,3 Stress Scenarios Rejected
2026-07-05,INFO,STRESS,Stress View: TAIL_RISK
2026-07-05,MEDIUM,SURVEILLANCE,1 Warning Alerts
2026-07-05,MEDIUM,FORECAST,Recommendation is UNDERWEIGHT
2026-07-05,CRITICAL,STRESS,Worst Stress Score 0.00
2026-07-05,HIGH,STRESS,3 Stress Scenarios Rejected
2026-07-05,INFO,STRESS,Stress View: TAIL_RISK
2026-07-05,MEDIUM,SURVEILLANCE,1 Warning Alerts
2026-07-05,MEDIUM,FORECAST,Recommendation is UNDERWEIGHT
2026-07-05,CRITICAL,STRESS,Worst Stress Score 0.00
2026-07-05,HIGH,STRESS,3 Stress Scenarios Rejected
2026-07-05,INFO,STRESS,Stress View: TAIL_RISK
2026-07-05,MEDIUM,SURVEILLANCE,1 Warning Alerts
2026-07-06,MEDIUM,FORECAST,Recommendation is UNDERWEIGHT
2026-07-06,CRITICAL,STRESS,Worst Stress Score 0.00
2026-07-06,HIGH,STRESS,3 Stress Scenarios Rejected
2026-07-06,INFO,STRESS,Stress View: TAIL_RISK
2026-07-06,MEDIUM,SURVEILLANCE,1 Warning Alerts
2026-07-06,MEDIUM,FORECAST,Recommendation is UNDERWEIGHT
2026-07-06,CRITICAL,STRESS,Worst Stress Score 0.00
2026-07-06,HIGH,STRESS,3 Stress Scenarios Rejected
2026-07-06,INFO,STRESS,Stress View: TAIL_RISK
2026-07-06,MEDIUM,SURVEILLANCE,1 Warning Alerts
2026-07-07,MEDIUM,FORECAST,Recommendation is UNDERWEIGHT
2026-07-07,CRITICAL,STRESS,Worst Stress Score 0.00
2026-07-07,HIGH,STRESS,3 Stress Scenarios Rejected
2026-07-07,INFO,STRESS,Stress View: TAIL_RISK
2026-07-07,MEDIUM,SURVEILLANCE,1 Warning Alerts
2026-07-07,MEDIUM,FORECAST,Recommendation is UNDERWEIGHT
2026-07-07,CRITICAL,STRESS,Worst Stress Score 0.00
2026-07-07,HIGH,STRESS,3 Stress Scenarios Rejected
2026-07-07,INFO,STRESS,Stress View: TAIL_RISK
2026-07-07,MEDIUM,SURVEILLANCE,1 Warning Alerts
2026-07-08,MEDIUM,FORECAST,Recommendation is UNDERWEIGHT
2026-07-08,CRITICAL,STRESS,Worst Stress Score 0.00
2026-07-08,HIGH,STRESS,3 Stress Scenarios Rejected
2026-07-08,INFO,STRESS,Stress View: TAIL_RISK
2026-07-08,MEDIUM,SURVEILLANCE,1 Warning Alerts
2026-07-08,MEDIUM,FORECAST,Recommendation is UNDERWEIGHT
2026-07-08,CRITICAL,STRESS,Worst Stress Score 0.00
2026-07-08,HIGH,STRESS,3 Stress Scenarios Rejected
2026-07-08,INFO,STRESS,Stress View: TAIL_RISK
2026-07-08,MEDIUM,SURVEILLANCE,1 Warning Alerts
2026-07-10,MEDIUM,FORECAST,Recommendation is UNDERWEIGHT
2026-07-10,CRITICAL,STRESS,Worst Stress Score 0.00
2026-07-10,HIGH,STRESS,3 Stress Scenarios Rejected
2026-07-10,INFO,STRESS,Stress View: TAIL_RISK
2026-07-10,MEDIUM,SURVEILLANCE,1 Warning Alerts
2026-07-10,MEDIUM,FORECAST,Recommendation is UNDERWEIGHT
2026-07-10,CRITICAL,STRESS,Worst Stress Score 0.00
2026-07-10,HIGH,STRESS,3 Stress Scenarios Rejected
2026-07-10,INFO,STRESS,Stress View: TAIL_RISK
2026-07-10,MEDIUM,SURVEILLANCE,1 Warning Alerts
2026-07-11,MEDIUM,FORECAST,Recommendation is UNDERWEIGHT
2026-07-11,CRITICAL,STRESS,Worst Stress Score 0.00
2026-07-11,HIGH,STRESS,3 Stress Scenarios Rejected
2026-07-11,INFO,STRESS,Stress View: TAIL_RISK
2026-07-11,MEDIUM,SURVEILLANCE,1 Warning Alerts
2026-07-11,MEDIUM,FORECAST,Recommendation is UNDERWEIGHT
2026-07-11,CRITICAL,STRESS,Worst Stress Score 0.00
2026-07-11,HIGH,STRESS,3 Stress Scenarios Rejected
2026-07-11,INFO,STRESS,Stress View: TAIL_RISK
2026-07-11,MEDIUM,SURVEILLANCE,1 Warning Alerts
2026-07-12,MEDIUM,FORECAST,Recommendation is UNDERWEIGHT
2026-07-12,CRITICAL,STRESS,Worst Stress Score 0.00
2026-07-12,HIGH,STRESS,3 Stress Scenarios Rejected
2026-07-12,INFO,STRESS,Stress View: TAIL_RISK
2026-07-12,MEDIUM,SURVEILLANCE,1 Warning Alerts
2026-07-12,MEDIUM,FORECAST,Recommendation is UNDERWEIGHT
2026-07-12,CRITICAL,STRESS,Worst Stress Score 0.00
2026-07-12,HIGH,STRESS,3 Stress Scenarios Rejected
2026-07-12,INFO,STRESS,Stress View: TAIL_RISK
2026-07-12,MEDIUM,SURVEILLANCE,1 Warning Alerts
2026-07-13,MEDIUM,FORECAST,Recommendation is UNDERWEIGHT
2026-07-13,CRITICAL,STRESS,Worst Stress Score 0.00
2026-07-13,HIGH,STRESS,3 Stress Scenarios Rejected
2026-07-13,INFO,STRESS,Stress View: TAIL_RISK
2026-07-13,MEDIUM,SURVEILLANCE,1 Warning Alerts
2026-07-13,MEDIUM,FORECAST,Recommendation is UNDERWEIGHT
2026-07-13,CRITICAL,STRESS,Worst Stress Score 0.00
2026-07-13,HIGH,STRESS,3 Stress Scenarios Rejected
2026-07-13,INFO,STRESS,Stress View: TAIL_RISK
2026-07-13,MEDIUM,SURVEILLANCE,1 Warning Alerts
2026-07-14,MEDIUM,FORECAST,Recommendation is UNDERWEIGHT
2026-07-14,CRITICAL,STRESS,Worst Stress Score 0.00
2026-07-14,HIGH,STRESS,3 Stress Scenarios Rejected
2026-07-14,INFO,STRESS,Stress View: TAIL_RISK
2026-07-14,MEDIUM,SURVEILLANCE,1 Warning Alerts
2026-07-14,MEDIUM,FORECAST,Recommendation is UNDERWEIGHT
2026-07-14,CRITICAL,STRESS,Worst Stress Score 0.00
2026-07-14,HIGH,STRESS,3 Stress Scenarios Rejected
2026-07-14,INFO,STRESS,Stress View: TAIL_RISK
2026-07-14,MEDIUM,SURVEILLANCE,1 Warning Alerts
2026-07-15,MEDIUM,FORECAST,Recommendation is UNDERWEIGHT
2026-07-15,CRITICAL,STRESS,Worst Stress Score 0.00
2026-07-15,HIGH,STRESS,3 Stress Scenarios Rejected
2026-07-15,INFO,STRESS,Stress View: TAIL_RISK
2026-07-15,MEDIUM,SURVEILLANCE,1 Warning Alerts
2026-07-15,MEDIUM,FORECAST,Recommendation is UNDERWEIGHT
2026-07-15,CRITICAL,STRESS,Worst Stress Score 0.00
2026-07-15,HIGH,STRESS,3 Stress Scenarios Rejected
2026-07-15,INFO,STRESS,Stress View: TAIL_RISK
2026-07-15,MEDIUM,SURVEILLANCE,1 Warning Alerts
2026-07-16,MEDIUM,FORECAST,Recommendation is UNDERWEIGHT
2026-07-16,CRITICAL,STRESS,Worst Stress Score 0.00
2026-07-16,HIGH,STRESS,3 Stress Scenarios Rejected
2026-07-16,INFO,STRESS,Stress View: TAIL_RISK
2026-07-16,MEDIUM,SURVEILLANCE,1 Warning Alerts
2026-07-16,MEDIUM,FORECAST,Recommendation is UNDERWEIGHT
2026-07-16,CRITICAL,STRESS,Worst Stress Score 0.00
2026-07-16,HIGH,STRESS,3 Stress Scenarios Rejected
2026-07-16,INFO,STRESS,Stress View: TAIL_RISK
2026-07-16,MEDIUM,SURVEILLANCE,1 Warning Alerts
2026-07-17,MEDIUM,FORECAST,Recommendation is UNDERWEIGHT
2026-07-17,CRITICAL,STRESS,Worst Stress Score 0.00
2026-07-17,HIGH,STRESS,3 Stress Scenarios Rejected
2026-07-17,INFO,STRESS,Stress View: TAIL_RISK
2026-07-17,MEDIUM,SURVEILLANCE,1 Warning Alerts
2026-07-17,MEDIUM,FORECAST,Recommendation is UNDERWEIGHT
2026-07-17,CRITICAL,STRESS,Worst Stress Score 0.00
2026-07-17,HIGH,STRESS,3 Stress Scenarios Rejected
2026-07-17,INFO,STRESS,Stress View: TAIL_RISK
2026-07-17,MEDIUM,SURVEILLANCE,1 Warning Alerts
2026-07-18,MEDIUM,FORECAST,Recommendation is UNDERWEIGHT
2026-07-18,CRITICAL,STRESS,Worst Stress Score 0.00
2026-07-18,HIGH,STRESS,3 Stress Scenarios Rejected
2026-07-18,INFO,STRESS,Stress View: TAIL_RISK
2026-07-18,MEDIUM,SURVEILLANCE,1 Warning Alerts
2026-07-18,MEDIUM,FORECAST,Recommendation is UNDERWEIGHT
2026-07-18,CRITICAL,STRESS,Worst Stress Score 0.00
2026-07-18,HIGH,STRESS,3 Stress Scenarios Rejected
2026-07-18,INFO,STRESS,Stress View: TAIL_RISK
2026-07-18,MEDIUM,SURVEILLANCE,1 Warning Alerts
2026-07-19,MEDIUM,FORECAST,Recommendation is UNDERWEIGHT
2026-07-19,CRITICAL,STRESS,Worst Stress Score 0.00
2026-07-19,HIGH,STRESS,3 Stress Scenarios Rejected
2026-07-19,INFO,STRESS,Stress View: TAIL_RISK
2026-07-19,MEDIUM,SURVEILLANCE,1 Warning Alerts
2026-07-19,MEDIUM,FORECAST,Recommendation is UNDERWEIGHT
2026-07-19,CRITICAL,STRESS,Worst Stress Score 0.00
2026-07-19,HIGH,STRESS,3 Stress Scenarios Rejected
2026-07-19,INFO,STRESS,Stress View: TAIL_RISK
2026-07-19,MEDIUM,SURVEILLANCE,1 Warning Alerts
2026-07-20,MEDIUM,FORECAST,Recommendation is UNDERWEIGHT
2026-07-20,CRITICAL,STRESS,Worst Stress Score 0.00
2026-07-20,HIGH,STRESS,3 Stress Scenarios Rejected
2026-07-20,INFO,STRESS,Stress View: TAIL_RISK
2026-07-20,MEDIUM,SURVEILLANCE,1 Warning Alerts
2026-07-20,MEDIUM,FORECAST,Recommendation is UNDERWEIGHT
2026-07-20,CRITICAL,STRESS,Worst Stress Score 0.00
2026-07-20,HIGH,STRESS,3 Stress Scenarios Rejected
2026-07-20,INFO,STRESS,Stress View: TAIL_RISK
2026-07-20,MEDIUM,SURVEILLANCE,1 Warning Alerts
2026-07-21,MEDIUM,FORECAST,Recommendation is UNDERWEIGHT
2026-07-21,CRITICAL,STRESS,Worst Stress Score 0.00
2026-07-21,HIGH,STRESS,3 Stress Scenarios Rejected
2026-07-21,INFO,STRESS,Stress View: TAIL_RISK
2026-07-21,MEDIUM,SURVEILLANCE,1 Warning Alerts
2026-07-21,MEDIUM,FORECAST,Recommendation is UNDERWEIGHT
2026-07-21,CRITICAL,STRESS,Worst Stress Score 0.00
2026-07-21,HIGH,STRESS,3 Stress Scenarios Rejected
2026-07-21,INFO,STRESS,Stress View: TAIL_RISK
2026-07-21,MEDIUM,SURVEILLANCE,1 Warning Alerts
2026-07-22,MEDIUM,FORECAST,Recommendation is UNDERWEIGHT
2026-07-22,CRITICAL,STRESS,Worst Stress Score 0.00
2026-07-22,HIGH,STRESS,3 Stress Scenarios Rejected
2026-07-22,INFO,STRESS,Stress View: TAIL_RISK
2026-07-22,MEDIUM,SURVEILLANCE,1 Warning Alerts
2026-07-22,MEDIUM,FORECAST,Recommendation is UNDERWEIGHT
2026-07-22,CRITICAL,STRESS,Worst Stress Score 0.00
2026-07-22,HIGH,STRESS,3 Stress Scenarios Rejected
2026-07-22,INFO,STRESS,Stress View: TAIL_RISK
2026-07-22,MEDIUM,SURVEILLANCE,1 Warning Alerts
2026-07-23,MEDIUM,FORECAST,Recommendation is UNDERWEIGHT
2026-07-23,CRITICAL,STRESS,Worst Stress Score 0.00
2026-07-23,HIGH,STRESS,3 Stress Scenarios Rejected
2026-07-23,INFO,STRESS,Stress View: TAIL_RISK
2026-07-23,MEDIUM,SURVEILLANCE,1 Warning Alerts
2026-07-23,MEDIUM,FORECAST,Recommendation is UNDERWEIGHT
2026-07-23,CRITICAL,STRESS,Worst Stress Score 0.00
2026-07-23,HIGH,STRESS,3 Stress Scenarios Rejected
2026-07-23,INFO,STRESS,Stress View: TAIL_RISK
2026-07-23,MEDIUM,SURVEILLANCE,1 Warning Alerts
2026-07-24,MEDIUM,FORECAST,Recommendation is UNDERWEIGHT
2026-07-24,CRITICAL,STRESS,Worst Stress Score 0.00
2026-07-24,HIGH,STRESS,3 Stress Scenarios Rejected
2026-07-24,INFO,STRESS,Stress View: TAIL_RISK
2026-07-24,MEDIUM,SURVEILLANCE,1 Warning Alerts
2026-07-24,MEDIUM,FORECAST,Recommendation is UNDERWEIGHT
2026-07-24,CRITICAL,STRESS,Worst Stress Score 0.00
2026-07-24,HIGH,STRESS,3 Stress Scenarios Rejected
2026-07-24,INFO,STRESS,Stress View: TAIL_RISK
2026-07-24,MEDIUM,SURVEILLANCE,1 Warning Alerts
2026-07-25,MEDIUM,FORECAST,Recommendation is UNDERWEIGHT
2026-07-25,CRITICAL,STRESS,Worst Stress Score 0.00
2026-07-25,HIGH,STRESS,3 Stress Scenarios Rejected
2026-07-25,INFO,STRESS,Stress View: TAIL_RISK
2026-07-25,MEDIUM,SURVEILLANCE,1 Warning Alerts
2026-07-25,MEDIUM,FORECAST,Recommendation is UNDERWEIGHT
2026-07-25,CRITICAL,STRESS,Worst Stress Score 0.00
2026-07-25,HIGH,STRESS,3 Stress Scenarios Rejected
2026-07-25,INFO,STRESS,Stress View: TAIL_RISK
2026-07-25,MEDIUM,SURVEILLANCE,1 Warning Alerts
2026-07-27,MEDIUM,FORECAST,Recommendation is UNDERWEIGHT
2026-07-27,CRITICAL,STRESS,Worst Stress Score 0.00
2026-07-27,HIGH,STRESS,3 Stress Scenarios Rejected
2026-07-27,INFO,STRESS,Stress View: TAIL_RISK
2026-07-27,MEDIUM,SURVEILLANCE,1 Warning Alerts
2026-07-27,MEDIUM,FORECAST,Recommendation is UNDERWEIGHT
2026-07-27,CRITICAL,STRESS,Worst Stress Score 0.00
2026-07-27,HIGH,STRESS,3 Stress Scenarios Rejected
2026-07-27,INFO,STRESS,Stress View: TAIL_RISK
2026-07-27,MEDIUM,SURVEILLANCE,1 Warning Alerts
2026-07-28,MEDIUM,FORECAST,Recommendation is UNDERWEIGHT
2026-07-28,CRITICAL,STRESS,Worst Stress Score 0.00
2026-07-28,HIGH,STRESS,3 Stress Scenarios Rejected
2026-07-28,INFO,STRESS,Stress View: TAIL_RISK
2026-07-28,MEDIUM,SURVEILLANCE,1 Warning Alerts
2026-07-28,MEDIUM,FORECAST,Recommendation is UNDERWEIGHT
2026-07-28,CRITICAL,STRESS,Worst Stress Score 0.00
2026-07-28,HIGH,STRESS,3 Stress Scenarios Rejected
2026-07-28,INFO,STRESS,Stress View: TAIL_RISK
2026-07-28,MEDIUM,SURVEILLANCE,1 Warning Alerts
2026-07-29,MEDIUM,FORECAST,Recommendation is UNDERWEIGHT
2026-07-29,CRITICAL,STRESS,Worst Stress Score 0.00
2026-07-29,HIGH,STRESS,3 Stress Scenarios Rejected
2026-07-29,INFO,STRESS,Stress View: TAIL_RISK
2026-07-29,MEDIUM,SURVEILLANCE,1 Warning Alerts
2026-07-29,MEDIUM,FORECAST,Recommendation is UNDERWEIGHT
2026-07-29,CRITICAL,STRESS,Worst Stress Score 0.00
2026-07-29,HIGH,STRESS,3 Stress Scenarios Rejected
2026-07-29,INFO,STRESS,Stress View: TAIL_RISK
2026-07-29,MEDIUM,SURVEILLANCE,1 Warning Alerts
2026-07-30,MEDIUM,FORECAST,Recommendation is UNDERWEIGHT
2026-07-30,CRITICAL,STRESS,Worst Stress Score 0.00
2026-07-30,HIGH,STRESS,3 Stress Scenarios Rejected
2026-07-30,INFO,STRESS,Stress View: TAIL_RISK
2026-07-30,MEDIUM,SURVEILLANCE,1 Warning Alerts
2026-07-30,MEDIUM,FORECAST,Recommendation is UNDERWEIGHT
2026-07-30,CRITICAL,STRESS,Worst Stress Score 0.00
2026-07-30,HIGH,STRESS,3 Stress Scenarios Rejected
2026-07-30,INFO,STRESS,Stress View: TAIL_RISK
2026-07-30,MEDIUM,SURVEILLANCE,1 Warning Alerts
2026-07-31,MEDIUM,FORECAST,Recommendation is UNDERWEIGHT
2026-07-31,CRITICAL,STRESS,Worst Stress Score 0.00
2026-07-31,HIGH,STRESS,3 Stress Scenarios Rejected
2026-07-31,INFO,STRESS,Stress View: TAIL_RISK
2026-07-31,MEDIUM,SURVEILLANCE,1 Warning Alerts
2026-07-31,MEDIUM,FORECAST,Recommendation is UNDERWEIGHT
2026-07-31,CRITICAL,STRESS,Worst Stress Score 0.00
2026-07-31,HIGH,STRESS,3 Stress Scenarios Rejected
2026-07-31,INFO,STRESS,Stress View: TAIL_RISK
2026-07-31,MEDIUM,SURVEILLANCE,1 Warning Alerts
2026-08-01,MEDIUM,FORECAST,Recommendation is UNDERWEIGHT
2026-08-01,CRITICAL,STRESS,Worst Stress Score 0.00
2026-08-01,HIGH,STRESS,3 Stress Scenarios Rejected
2026-08-01,INFO,STRESS,Stress View: TAIL_RISK
2026-08-01,MEDIUM,SURVEILLANCE,1 Warning Alerts
2026-08-01,MEDIUM,FORECAST,Recommendation is UNDERWEIGHT
2026-08-01,CRITICAL,STRESS,Worst Stress Score 0.00
2026-08-01,HIGH,STRESS,3 Stress Scenarios Rejected
2026-08-01,INFO,STRESS,Stress View: TAIL_RISK
2026-08-01,MEDIUM,SURVEILLANCE,1 Warning Alerts
2026-08-02,MEDIUM,FORECAST,Recommendation is UNDERWEIGHT
2026-08-02,CRITICAL,STRESS,Worst Stress Score 0.00
2026-08-02,HIGH,STRESS,3 Stress Scenarios Rejected
2026-08-02,INFO,STRESS,Stress View: TAIL_RISK
2026-08-02,MEDIUM,SURVEILLANCE,1 Warning Alerts
2026-08-02,MEDIUM,FORECAST,Recommendation is UNDERWEIGHT
2026-08-02,CRITICAL,STRESS,Worst Stress Score 0.00
2026-08-02,HIGH,STRESS,3 Stress Scenarios Rejected
2026-08-02,INFO,STRESS,Stress View: TAIL_RISK
2026-08-02,MEDIUM,SURVEILLANCE,1 Warning Alerts
