Security_ID,Symbol,Company_Name,Sector,Rank,Alpha_Adjusted,Weight_Portfolio,Last_Close,Market_Cap,ADV_20D,Portfolio_Date,Engine_Version,Security_Return,Weight_Benchmark,Portfolio_Contribution,Benchmark_Contribution,Active_Weight,Active_Contribution
SECF5E25039,CUPID,Cupid Limited,Consumer Defensive,1,0.8644444444444446,0.018621254952984737,159.83999633789062,214594396188.70544,2129550510.7044053,2026-06-12,1.0.0,8.588120604141217,0.0,0.1599215833366949,0.0,0.018621254952984737,0.1599215833366949
SEC98541475,ATHERENERG,Ather Energy Limited,Consumer Cyclical,2,0.8651162790697674,0.022158026312308544,1034.1500244140625,401338390830.5786,4101349137.936835,2026-06-12,1.0.0,2.0275743114171587,0.0,0.04492704494254228,0.0,0.022158026312308544,0.04492704494254228
SEC604401C1,ACUTAAS,Acutaas Chemicals Limited,Basic Materials,3,0.8441634241245136,0.017401209290296836,3147.10009765625,256395788769.78665,1330672150.8816895,2026-06-12,1.0.0,1.9635251601094836,0.0,0.034167712257828727,0.0,0.017401209290296836,0.034167712257828727
SEC31D4BC12,GVT&D,GE Vernova T&D India Ltd,Industrials,4,0.832807570977918,0.022655167454010246,4890.0,1253219765557.5,4744110174.789648,2026-06-12,1.0.0,1.4102775424357405,0.004684334373569225,0.03195007388051174,0.006606211568304471,0.01797083308044102,0.025343862312207272
SECA722432A,LAURUSLABS,Laurus Labs Limited,Healthcare,5,0.8746031746031747,0.021430547404452743,1392.199951171875,755809166617.0,2304859375.517785,2026-06-12,1.0.0,1.142871464576734,0.0,0.024492361098808032,0.0,0.021430547404452743,0.024492361098808032
SECA6E1B437,BELRISE,BELRISE INDUSTRIES LTD,Consumer Cyclical,6,0.8315891472868218,0.017701018657958135,227.44000244140625,201700020917.55493,1145386952.1773925,2026-06-12,1.0.0,1.3826884320716806,0.0,0.024474993734243698,0.0,0.017701018657958135,0.024474993734243698
SECACB85887,SYRMA,Syrma SGS Technology Limited,Technology,7,0.8542452830188679,0.01550990130186243,1257.5,243709111494.88354,1300762504.6022766,2026-06-12,1.0.0,1.5264070949409798,0.0,0.023674423388997154,0.0,0.01550990130186243,0.023674423388997154
SECD3E0F146,NATIONALUM,National Aluminium Company Limited,Basic Materials,8,0.8418287937743191,0.01984674381967204,376.2000122070313,692685667257.1392,5481602198.980354,2026-06-12,1.0.0,1.1222796099624137,0.0,0.02227359591296548,0.0,0.01984674381967204,0.02227359591296548
SEC3069B975,APARINDS,APAR Industries Limited,Industrials,9,0.8430599369085173,0.021034334860252742,15300.0,612255341400.0,1849503312.0,2026-06-12,1.0.0,1.0517931707038497,0.0,0.02212376975631175,0.0,0.021034334860252742,0.02212376975631175
SEC810017B2,KIRLOSENG,Kirloskar Oil Engines Limited,Industrials,10,0.8230283911671923,0.016529366356889636,1872.0,268952896400.0,671078758.9071411,2026-06-12,1.0.0,1.3059280051918254,0.0,0.021586162433537753,0.0,0.016529366356889636,0.021586162433537753
SEC40D715C2,HINDCOPPER,Hindustan Copper Limited,Basic Materials,11,0.8346303501945526,0.018422310696824238,508.7000122070313,491635005865.7538,2373609351.892441,2026-06-12,1.0.0,1.0363644078352312,0.0,0.019092227116270895,0.0,0.018422310696824238,0.019092227116270895
SEC0BE45679,POWERINDIA,Hitachi Energy India Limited,Industrials,12,0.8406940063091483,0.02369572345568145,34185.0,1518803269225.0,7157744736.0,2026-06-12,1.0.0,0.9776292173535639,0.00567704289084123,0.023165631576604343,0.005550042998255725,0.01801868056484022,0.017615588578348617
SEC681E0717,CRAFTSMAN,Craftsman Automation Limited,Consumer Cyclical,13,0.8259689922480621,0.016270839270321632,8863.0,210406242060.0,497216183.9,2026-06-12,1.0.0,0.851318654819434,0.0,0.013851669000393434,0.0,0.016270839270321632,0.013851669000393434
SEC3F90165F,RRKABEL,R R Kabel Limited,Industrials,14,0.8264984227129338,0.018110483428838434,2150.39990234375,243493536686.7297,1269464695.2124023,2026-06-12,1.0.0,0.7549369233587775,0.0,0.01367227264030741,0.0,0.018110483428838434,0.01367227264030741
SEC7FE71EB3,BHARATFORG,Bharat Forge Limited,Consumer Cyclical,15,0.9193798449612404,0.023092627084715846,1941.199951171875,921802679687.1144,1752069513.2322204,2026-06-12,1.0.0,0.553586697410495,0.0,0.012783771162359993,0.0,0.023092627084715846,0.012783771162359993
SEC39245F03,POLYCAB,Polycab India Limited,Industrials,16,0.9127760252365932,0.02402013775341455,9523.0,1428950146682.0,2316271807.35,2026-06-12,1.0.0,0.6782957344678893,0.005341186337929729,0.016292756979472196,0.0036229039100159014,0.01867895141548482,0.012669853069456295
SEC17154FBC,FEDERALBNK,The Federal Bank Limited,Financial Services,17,0.9012269938650308,0.02065365663362294,315.95001220703125,778449810214.7582,5735660901.565318,2026-06-12,1.0.0,0.5915957483654393,0.0,0.012218615452650983,0.0,0.02065365663362294,0.012218615452650983
SEC2FE15581,NYKAA,FSN E-Commerce Ventures Limited,Consumer Cyclical,18,0.8439922480620154,0.021201270135853042,271.0,771227796787.0096,1879164541.978723,2026-06-12,1.0.0,0.5577655961872998,0.0,0.011825339077252067,0.0,0.021201270135853042,0.011825339077252067
SECE496E96D,NAVINFLUOR,Navin Fluorine International Limited,Basic Materials,19,0.8642023346303502,0.017753466911774235,7268.5,371823202750.0,1027275226.45,2026-06-12,1.0.0,0.6644445422961016,0.0,0.011796194196362816,0.0,0.017753466911774235,0.011796194196362816
SECD1C4E177,BHEL,Bharat Heavy Electricals Limited,Industrials,20,0.8473186119873817,0.022901695015588145,376.8999938964844,1296720372149.172,4193728750.906015,2026-06-12,1.0.0,0.6454157257455646,0.004846932660261426,0.014781114109289402,0.0031282865605625084,0.018054762355326718,0.011652827548726893
SEC262E8C48,KEI,KEI Industries Limited,Industrials,21,0.8534700315457413,0.020430694071626742,5309.5,507782560342.5,1303086957.135327,2026-06-12,1.0.0,0.5605135520221454,0.0,0.011451680904365293,0.0,0.020430694071626742,0.011451680904365293
SECCDFD81E7,WELCORP,Welspun Corp Limited,Basic Materials,22,0.8494163424124513,0.017524270155591635,1396.5,366284755992.0,1154836042.343451,2026-06-12,1.0.0,0.5664167200257977,0.0,0.00992603962237619,0.0,0.017524270155591635,0.00992603962237619
SECE827CE80,ANANDRATHI,Anand Rathi Wealth Limited,Financial Services,23,0.8549079754601226,0.012360917220704124,1756.0,290821280902.0,1474407316.2474976,2026-06-12,1.0.0,0.7967212036581399,0.0,0.009848204846398019,0.0,0.012360917220704124,0.009848204846398019
SEC3FF4377F,MAHABANK,Bank of Maharashtra,Financial Services,24,0.8450920245398773,0.013794299673215828,86.30000305175781,659473904982.0659,1050737736.3119464,2026-06-12,1.0.0,0.707520400096546,0.0,0.009759748423845317,0.0,0.013794299673215828,0.009759748423845317
SECE6819099,ADANIENSOL,Adani Energy Solutions Limited,Utilities,25,0.8333333333333335,0.018243573325210836,1493.0999755859375,1792553899736.021,5095655373.06814,2026-06-12,1.0.0,0.7758144168803753,0.006700278817637036,0.014153627201112816,0.005198172903841007,0.011543294507573802,0.00895545429727181
SEC06DCFAD7,SAIL,Steel Authority of India Limited,Basic Materials,26,0.8464980544747083,0.019960425500407337,183.8999938964844,754275225545.3625,4376503251.329583,2026-06-12,1.0.0,0.4365032113508005,0.0,0.008712789830856212,0.0,0.019960425500407337,0.008712789830856212
SEC23029172,ADANIPOWER,Adani Power Limited,Utilities,27,0.835185185185185,0.023252624001241545,220.47000122070312,4126793239582.544,8701394964.536728,2026-06-12,1.0.0,1.075958399981193,0.015720601728598984,0.02501885611574014,0.01691471348264494,0.007532022272642561,0.0081041426330952
SECD98B2F18,BSE,BSE Limited,Financial Services,28,0.8115030674846625,0.02168507995311434,4019.0,1613632028905.879,8773996818.526707,2026-06-12,1.0.0,0.5088575658764625,0.0060314975769102325,0.011034617000778237,0.0030691731755763223,0.01565358237620411,0.007965443825201915
SEC0BDD67BA,MOTHERSON,Samvardhana Motherson International Limited,Consumer Cyclical,29,0.837984496124031,0.022657684790621545,143.4499969482422,1494697571482.7888,3802947477.0305176,2026-06-12,1.0.0,0.455563510517196,0.005586939661035829,0.010322014423407631,0.0025452058450292354,0.017070745129585715,0.007776808578378395
SEC3BD55433,GPIL,Godawari Power & Ispat Limited,Basic Materials,30,0.8138132295719845,0.01607702077707663,277.29998779296875,181516682970.0,1415119810.6218064,2026-06-12,1.0.0,0.4800708222227761,0.0,0.007718108583343832,0.0,0.01607702077707663,0.007718108583343832
SEC1317061B,HINDALCO,Hindalco Industries Limited,Basic Materials,31,0.8519455252918289,0.021085019525896143,1024.0999755859375,2295858389466.432,6406327533.871887,2026-06-12,1.0.0,0.5854866589512213,0.008581550232604845,0.012344997636138198,0.005024383174309887,0.012503469293291297,0.00732061446182831
SECA8D30DA3,CGPOWER,CG Power and Industrial Solutions Limited,Industrials,32,0.8324921135646688,0.022426706882935046,909.5999755859376,1425337215345.0,3510287698.27728,2026-06-12,1.0.0,0.39148119839370255,0.005327681780376229,0.008779634086555708,0.0020856872480419807,0.017099025102558816,0.006693946838513728
SEC6E162A52,AETHER,Aether Industries Limited,Basic Materials,33,0.8342412451361868,0.013489740959906727,1151.800048828125,153424754893.93665,405966353.5218506,2026-06-12,1.0.0,0.47509363642567526,0.0,0.006408890087082466,0.0,0.013489740959906727,0.006408890087082466
SECBFB674BF,TORNTPHARM,Torrent Pharmaceuticals Limited,Healthcare,34,0.8361111111111111,0.022279538995463546,4569.2998046875,1548083320155.3125,2354768015.4289308,2026-06-12,1.0.0,0.3754157639087137,0.005786487022510931,0.008364090151515922,0.0021723384459037993,0.016493051972952616,0.006191751705612123
SEC813579CA,SONACOMS,Sona BLW Precision Forgings Limited,Consumer Cyclical,35,0.8135658914728684,0.018200104568211833,589.0,366032582500.76935,805761599.3373016,2026-06-12,1.0.0,0.2873353531650289,0.0,0.0052295334737476025,0.0,0.018200104568211833,0.0052295334737476025
SECC2E751BE,APOLLOHOSP,Apollo Hospitals Enterprise Limited,Healthcare,36,0.8277777777777777,0.022992122933152843,8511.0,1224398246683.5,3880171828.7,2026-06-12,1.0.0,0.21482216841177948,0.004576604161143224,0.004939217704890097,0.0009831560298591605,0.018415518772009618,0.003956061675030936
SEC59D35B99,TATASTEEL,Tata Steel Limited,Basic Materials,37,0.8655642023346303,0.021762104560095846,197.4499969482422,2461693342554.2534,6622054083.466818,2026-06-12,1.0.0,0.3038007782182095,0.009201414674930249,0.006611344301023164,0.0027953969389522626,0.012560689885165597,0.003815947362070901
SECFA5934F9,JINDALSTEL,Jindal Steel Limited,Basic Materials,38,0.8184824902723735,0.017978858162799635,1147.4000244140625,1161869682805.318,1024062529.702185,2026-06-12,1.0.0,0.27941297696976797,0.004342882423620024,0.005023526281785059,0.0012134577066133518,0.013635975739179611,0.0038100685751717074
SECBC710BBF,PHOENIXLTD,The Phoenix Mills Limited,Real Estate,39,0.8892857142857142,0.02098866569632144,1751.0,623331592608.9569,765248267.053009,2026-06-12,1.0.0,0.18059977492715462,0.0,0.003790548300776943,0.0,0.02098866569632144,0.003790548300776943
SEC9BFC6369,MARICO,Marico Limited,Consumer Defensive,40,0.8161111111111111,0.01885890922349914,818.5,1061839224929.95,1345999925.6837585,2026-06-12,1.0.0,0.2014093052016761,0.00396898462444112,0.003798359803566443,0.0007993904355648214,0.014889924599058019,0.0029989693680016216
SEC458C7E09,BAJAJ-AUTO,Bajaj Auto Limited,Consumer Cyclical,41,0.8525193798449612,0.023228423696124444,10073.0,2812545623043.0,3390252519.075879,2026-06-12,1.0.0,0.23213422915704895,0.010512844196477456,0.005392112229233178,0.00244039098379745,0.012715579499646988,0.0029517212454357278
SECE38F61AD,JSWSTEEL,JSW Steel Limited,Basic Materials,42,0.8836575875486381,0.021342324873958343,1297.0999755859375,3165996605790.6978,2056179374.2716308,2026-06-12,1.0.0,0.2916195877626684,0.011833987250042663,0.006223839981640675,0.003451022483446115,0.00950833762391568,0.00277281749819456
SEC6ACA80F1,ADANIPORTS,Adani Ports and Special Economic Zone Limited,Industrials,43,0.8703470031545743,0.02397635874706965,1804.0999755859373,4125469104629.799,3373669639.0795164,2026-06-12,1.0.0,0.31817854231411213,0.01542034147962748,0.007628762876142833,0.004906421773973711,0.008556017267442168,0.0027223411021691218
SECDCBF746B,SHYAMMETL,Shyam Metalics and Energy Limited,Basic Materials,44,0.8247081712062256,0.015928090480701332,986.75,274974698093.1006,698681971.9648132,2026-06-12,1.0.0,0.1662815595049989,0.0,0.0026485477250677452,0.0,0.015928090480701332,0.0026485477250677452
SEC8084428B,TITAN,Titan Company Limited,Consumer Cyclical,45,0.8125968992248063,0.022405024782387546,4124.0,3657287606980.0,3426222277.4719973,2026-06-12,1.0.0,0.3017005021321708,0.013670354172704872,0.006759607227130053,0.004124352718229677,0.008734670609682674,0.0026352545089003768
SEC8467BBC9,NESTLEIND,Nestlé India Limited,Consumer Defensive,46,0.821111111111111,0.022438738535261845,1383.0,2739749080011.9727,2801292064.615503,2026-06-12,1.0.0,0.20949985118718395,0.010240742400632054,0.004700912383965487,0.0021454340089787005,0.01219799613462979,0.0025554783749867863
SEC5E2FCDD9,WAAREEENER,WAAREE ENERGIES LIMITED,Technology,47,0.8099056603773584,0.019798209346551937,3023.60009765625,872676634168.4753,3060762629.659045,2026-06-12,1.0.0,0.12068279367980761,0.0,0.002389303213799566,0.0,0.019798209346551937,0.002389303213799566
SEC910FE0F6,GRASIM,Grasim Industries Limited,Basic Materials,48,0.8295719844357976,0.01996675105820084,3107.5,2101928744185.5864,2760642338.060632,2026-06-12,1.0.0,0.18325875796258684,0.007856672339349542,0.003659081999474053,0.0014398040146282086,0.0121100787188513,0.002219277984845844
SECE103320D,INDUSTOWER,Indus Towers Limited,Communication Services,49,0.8710526315789474,0.022585337020469245,420.8999938964844,1108015280054.4707,2733181575.117189,2026-06-12,1.0.0,0.04871207805712996,0.004141583308407321,0.0011001786998876847,0.00020174512939924398,0.018443753712061924,0.0008984335704884408
SEC10D35CD2,SBIN,State Bank of India,Financial Services,50,0.8302147239263803,0.023272599684859244,1014.5,4126793239582.544,8773996818.526707,2026-06-12,1.0.0,0.3299983797605903,0.03487174514655219,0.007679920188820375,0.011507619397786452,-0.011599145461692946,-0.0038276992089660766
