Symbol,Last_Close,Market_Cap,ADV_20D,ADV_60D,ADV_120D,Volume_Volatility,Optimized_Weight,Position_Value,Capacity_5pct_ADV,Capacity_10pct_ADV,Capacity_20pct_ADV,Days_To_Liquidate,Hours_To_Liquidate,Capacity_Bucket,Liquidity_Score,Liquidity_Flag
POLYCAB,9138.5,1428950146682.0,3437896518.325,3135767230.15,3552083186.5208335,1.4419713988004528,0.05,5000000.0,171894825.91625,343789651.8325,687579303.665,0.014543776909364575,0.09089860568352859,Excellent,70.0,LOW
BHEL,408.25,1296720372149.172,6070258312.864888,5507315981.501111,5614505481.346157,1.1156400480816737,0.05,5000000.0,303512915.64324445,607025831.2864889,1214051662.5729778,0.008236881763998977,0.051480511024993604,Excellent,88.0,LOW
WELCORP,1738.300048828125,366284755992.0,1807283789.470166,1488153970.0338156,1118540102.9170084,1.7094369423344697,0.05,5000000.0,90364189.4735083,180728378.9470166,361456757.8940332,0.027665826635150808,0.17291141646969255,Excellent,30.0,LOW
HINDALCO,1007.0,2295858389466.432,4516366424.071396,5844384464.362204,5855852610.478115,0.8757475081835121,0.05,5000000.0,225818321.2035698,451636642.4071396,903273284.8142792,0.011070846628721103,0.06919279142950689,Excellent,94.0,LOW
TATASTEEL,190.13999938964844,2461693342554.2534,3931216742.323419,5588109625.892149,5958286754.422369,0.6845925384448831,0.0499999999999999,4999999.99999999,196560837.11617097,393121674.23234195,786243348.4646839,0.01271870855190981,0.07949192844943631,Excellent,92.0,LOW
BAJAJ-AUTO,11579.0,2812545623043.0,5360020180.725,4201622870.2166667,3892737261.4041667,1.0397426046349156,0.0499999999999999,4999999.99999999,268001009.03625003,536002018.07250005,1072004036.1450001,0.009328323087253164,0.058302019295332276,Excellent,98.0,LOW
ATHERENERG,1453.0,401338390830.5786,7095747645.864856,5049417689.621043,4135457576.508575,1.4136064282426322,0.0499999999999999,4999999.99999999,354787382.2932428,709574764.5864856,1419149529.1729712,0.007046473817193609,0.04404046135746006,Excellent,78.0,LOW
KEI,5380.7998046875,507782560342.5,2131131337.8728516,1856420928.574642,2002676886.252474,1.7330618306451155,0.0499999999999999,4999999.99999999,106556566.89364259,213113133.78728518,426226267.57457036,0.023461716840927526,0.14663573025579704,Excellent,40.0,LOW
BHARATFORG,2186.0,921802679687.1144,1631148625.054895,2166909520.0745196,2588637576.54159,1.690684521504814,0.0499999999999999,4999999.99999999,81557431.25274475,163114862.5054895,326229725.010979,0.03065324595931115,0.1915827872456947,Excellent,38.0,LOW
SYRMA,1413.5999755859375,243709111494.88354,2024544762.4293885,1936880165.2711854,1514136582.6991613,2.0906415382776475,0.0499999999999999,4999999.99999999,101227238.12146944,202454476.24293888,404908952.48587775,0.024696910104374033,0.15435568815233772,Excellent,24.0,LOW
INDUSTOWER,389.25,1108015280054.4707,2308603176.159674,2576575652.9672766,2519364221.831726,2.31526250828172,0.0499999999999999,4999999.99999999,115430158.80798371,230860317.61596742,461720635.23193485,0.021658117998076275,0.1353632374879767,Excellent,46.0,LOW
CUPID,238.50999450683594,214594396188.70544,10036660174.235672,5524338900.053411,3685463291.061872,1.9234254707216374,0.0499999999999999,4999999.99999999,501833008.71178365,1003666017.4235673,2007332034.8471346,0.004981736865850156,0.031135855411563475,Excellent,57.99999999999999,LOW
LAURUSLABS,1831.9000244140625,755809166617.0,3653052410.971948,3323264951.8590455,2653272613.225293,1.3348011035201324,0.0499999999999999,4999999.99999999,182652620.54859743,365305241.09719485,730610482.1943897,0.013687183860221885,0.08554489912638678,Excellent,66.0,LOW
PHOENIXLTD,1949.4000244140625,623331592608.9569,1770576375.124225,1289073621.5783265,1052429760.4559968,2.436647020433536,0.0499999999999999,4999999.99999999,88528818.75621125,177057637.5124225,354115275.024845,0.028239391817532784,0.1764961988595799,Excellent,22.0,LOW
JSWSTEEL,1286.199951171875,3165996605790.6978,2106699139.419098,2092654593.7570617,2121349969.6177623,0.8878827459025285,0.0499999999999999,4999999.99999999,105334956.9709549,210669913.9419098,421339827.8838196,0.023733811375546924,0.14833632109716827,Excellent,75.0,LOW
ADANIPORTS,1692.0,4125469104629.799,3550218213.3575196,3888825498.406724,4274628097.6456766,1.1028327808307843,0.0499999999999998,4999999.99999998,177510910.667876,355021821.335752,710043642.671504,0.014083641341221585,0.0880227583826349,Excellent,82.0,LOW
FEDERALBNK,359.29998779296875,778449810214.7582,2505984933.9200883,3595834103.977477,2983590453.6020584,0.8664111361989855,0.0499999999999998,4999999.99999998,125299246.69600442,250598493.39200884,501196986.7840177,0.019952234877080956,0.12470146798175598,Excellent,68.0,LOW
ANANDRATHI,2040.199951171875,290821280902.0,629896874.3714111,1128043845.3653483,941016828.8788838,2.122871358975347,0.0499999999999998,4999999.99999998,31494843.718570556,62989687.43714111,125979374.87428223,0.07937807287882795,0.4961129554926747,Excellent,10.0,LOW
NAVINFLUOR,7578.0,371823202750.0,924147565.925,975961415.775,1347766829.1583333,1.837330352150454,0.0499999999999998,4999999.99999998,46207378.29625,92414756.5925,184829513.185,0.05410391353458112,0.338149459591132,Excellent,18.0,LOW
MAHABANK,78.38999938964844,659473904982.0659,1334585241.4925647,1292077424.1305084,1554887156.5613477,1.4865207200750021,0.0319548920606319,3195489.20606319,66729262.074628234,133458524.14925647,266917048.29851294,0.023943687572098728,0.14964804732561704,Excellent,28.000000000000004,LOW
NYKAA,335.3500061035156,771227796787.0096,1899194605.2648957,2173891089.9786525,1684661700.586341,2.1150597681430896,0.0180451079393682,1804510.79393682,94959730.2632448,189919460.5264896,379838921.0529792,0.009501452820760991,0.05938408012975619,Excellent,36.0,LOW
POWERINDIA,32290.0,1518803269225.0,3863967965.25,5601811597.083333,4642834709.616667,2.0789848042586514,2.0338682910689366e-16,2.0338682910689365e-08,193198398.26250002,386396796.52500004,772793593.0500001,5.263677932530024e-17,3.2897987078312648e-16,Excellent,72.0,LOW
MOTHERSON,150.6699981689453,1494697571482.7888,2274773377.1750593,3101572379.0485644,2880704727.3943887,2.343272013784653,1.5384886933460611e-16,1.538488693346061e-08,113738668.85875297,227477337.71750593,454954675.43501186,6.763261381477228e-17,4.2270383634232675e-16,Excellent,48.0,LOW
SONACOMS,789.5,366032582500.76935,2163371887.2574525,1454331782.78844,1341977515.1631987,2.1479753479506076,1.1629375306292424e-16,1.1629375306292424e-08,108168594.36287263,216337188.72574526,432674377.4514905,5.375578454537099e-17,3.3597365340856867e-16,Excellent,34.0,LOW
NESTLEIND,1466.0,2739749080011.9727,3622254834.6164184,3046302046.8139586,2608017520.5564647,0.9437624219916593,1.1135565778574834e-16,1.1135565778574834e-08,181112741.73082092,362225483.46164185,724450966.9232837,3.074208272746786e-17,1.9213801704667412e-16,Excellent,86.0,LOW
APOLLOHOSP,8858.5,1224398246683.5,2307916637.7,2937975024.616667,3133537677.1291666,1.1027231870948395,1.0478313497506851e-16,1.0478313497506851e-08,115395831.88499999,230791663.76999998,461583327.53999996,4.540161168017413e-17,2.8376007300108833e-16,Excellent,62.0,LOW
ACUTAAS,3217.800048828125,256395788769.78665,1385233860.1087036,1390560640.246635,1302551857.7101176,2.065010315304586,8.890220354196419e-17,8.890220354196418e-09,69261693.00543518,138523386.01087037,277046772.02174073,6.417847996798731e-17,4.0111549979992073e-16,Excellent,16.0,LOW
RRKABEL,2641.300048828125,243493536686.7297,1867598779.1901977,1633960988.3020303,1169465423.5149863,4.327772915393838,6.892669964155308e-17,6.892669964155308e-09,93379938.9595099,186759877.9190198,373519755.8380396,3.690658850796642e-17,2.3066617817479015e-16,Excellent,20.0,LOW
SBIN,1032.5,9329385306848.637,10157801295.189625,12414454685.26074,15975891295.9359,0.6170261307983295,4.611813846800592e-17,4.6118138468005915e-09,507890064.75948125,1015780129.5189625,2031560259.037925,4.54016938585379e-18,2.837605866158619e-17,Excellent,100.0,LOW
MARICO,862.6500244140625,1061839224929.95,1548690677.9871948,1610375039.015042,1510688250.7127156,1.2320042332998027,4.5803954504589074e-17,4.580395450458907e-09,77434533.89935975,154869067.7987195,309738135.597439,2.957592187751762e-17,1.8484951173448511e-16,Excellent,44.0,LOW
TITAN,4884.10009765625,3657287606980.0,4348245035.991382,3945195922.8548827,4467311863.791014,0.9300295122895511,3.949941412846523e-17,3.949941412846523e-09,217412251.7995691,434824503.5991382,869649007.1982764,9.083989931919631e-18,5.677493707449769e-17,Excellent,96.0,LOW
KIRLOSENG,2258.5,268952896400.0,1138110188.6339233,1809236005.9835184,1281742391.5346994,5.31005280532174,3.4103148170246475e-17,3.4103148170246474e-09,56905509.43169617,113811018.86339234,227622037.72678468,2.9964715640741756e-17,1.8727947275463597e-16,Excellent,8.0,LOW
GRASIM,3126.800048828125,2101928744185.5864,1605931092.284204,2224639149.951257,2367777436.7768188,0.963675070111367,2.887086733074693e-17,2.8870867330746927e-09,80296554.6142102,160593109.2284204,321186218.4568408,1.797765014293503e-17,1.1236031339334394e-16,Excellent,50.0,LOW
CGPOWER,877.9500122070312,1425337215345.0,3897422126.771295,3982065119.9468493,3216779301.7487235,5.459764826953026,2.8847645996530654e-17,2.8847645996530652e-09,194871106.33856475,389742212.6771295,779484425.354259,7.401724796084288e-18,4.62607799755268e-17,Excellent,54.0,LOW
WAAREEENER,2682.5,872676634168.4753,2523670642.1729,2778543838.0347004,4515310587.503257,1.2523810886072202,2.7014636290380826e-17,2.7014636290380826e-09,126183532.10864502,252367064.21729004,504734128.4345801,1.0704501545859808e-17,6.69031346616238e-17,Excellent,56.00000000000001,LOW
AETHER,1582.5,153424754893.93665,744491598.6117004,572292633.3379943,473239897.692216,3.8261322816181735,2.6355534972139896e-17,2.6355534972139895e-09,37224579.93058502,74449159.86117004,148898319.72234008,3.540071509374544e-17,2.21254469335909e-16,Excellent,2.0,LOW
BSE,3592.300048828125,1613632028905.879,9221654603.55808,13016249184.146326,13778388558.13579,1.4819073081886762,2.1631546014540158e-17,2.1631546014540157e-09,461082730.17790407,922165460.3558081,1844330920.7116163,2.345733704469244e-18,1.4660835652932777e-17,Excellent,90.0,LOW
GPIL,245.3000030517578,181516682970.0,315071542.3765907,711614602.0460681,714630838.3323824,1.5967228875289181,2.0479230414982025e-17,2.0479230414982023e-09,15753577.118829537,31507154.237659074,63014308.47531815,6.49986674788424e-17,4.06241671742765e-16,Excellent,6.0,LOW
ADANIENSOL,1644.300048828125,1792553899736.021,3992105405.0432677,4404114179.426699,3693738366.1671433,2.7240154093409816,9.534065427401668e-18,9.53406542740167e-10,199605270.2521634,399210540.5043268,798421081.0086536,2.3882298837493584e-18,1.492643677343349e-17,Excellent,75.0,LOW
CRAFTSMAN,10196.5,210406242060.0,655958581.125,693254911.7666667,815930604.2666667,4.455541426096099,3.9804143592457095e-18,3.9804143592457093e-10,32797929.056250002,65595858.112500004,131191716.22500001,6.068087946069872e-18,3.79255496629367e-17,Excellent,4.0,LOW
SHYAMMETL,1020.2999877929688,274974698093.1006,626574987.2214477,602235924.4062022,466830253.6197703,1.8772416537385725,2.0720560696201032e-18,2.0720560696201031e-10,31328749.361072388,62657498.722144775,125314997.44428955,3.3069562492570186e-18,2.0668476557856366e-17,Excellent,12.0,LOW
ADANIPOWER,210.25,4205798997590.7886,5726361056.133331,7429891344.67016,7302256535.945429,3.613307719513699,0.0,0.0,286318052.80666655,572636105.6133331,1145272211.2266662,0.0,0.0,,84.0,LOW
TORNTPHARM,5016.0,1548083320155.3125,4532965232.88208,2987654320.707959,2304244535.664504,2.305842891748542,0.0,0.0,226648261.644104,453296523.288208,906593046.576416,0.0,0.0,,80.0,LOW
GVT&D,4394.0,1253219765557.5,3982929859.261035,4685817406.523974,3660323332.039164,3.561359797660825,0.0,0.0,199146492.96305177,398292985.92610353,796585971.8522071,0.0,0.0,,64.0,LOW
SAIL,171.3000030517578,754275225545.3625,2273528848.0279093,3983386138.06178,3884538520.514731,0.7781176297188793,0.0,0.0,113676442.40139547,227352884.80279094,454705769.6055819,0.0,0.0,,52.0,LOW
APARINDS,15255.0,612255341400.0,1858059985.4,2113081382.3833334,1754206200.2208333,2.5505920047572905,0.0,0.0,92902999.27000001,185805998.54000002,371611997.08000004,0.0,0.0,,26.0,LOW
HINDCOPPER,495.79998779296875,491635005865.7538,1511007332.052855,2290911236.430609,3907156542.975199,1.241690731816723,0.0,0.0,75550366.60264276,151100733.20528552,302201466.41057104,0.0,0.0,,32.0,LOW
NATIONALUM,377.0,692685667257.1392,2388357914.611656,4137499598.9596257,4550764491.049173,0.793426804548918,0.0,0.0,119417895.73058282,238835791.46116564,477671582.9223313,0.0,0.0,,60.0,LOW
BELRISE,241.0,201700020917.55493,1062421872.6652054,1062762925.1788837,1054139688.401481,1.8864198968506598,0.0,0.0,53121093.63326027,106242187.26652054,212484374.5330411,0.0,0.0,,14.000000000000002,LOW
JINDALSTEL,1116.800048828125,1161869682805.318,1230731970.2889342,1328414745.6188722,1513834919.4611318,1.0039431714716576,0.0,0.0,61536598.51444671,123073197.02889343,246146394.05778685,0.0,0.0,,42.0,LOW
