Symbol,Company_Name_x,Signal,Signal_Score,In_Portfolio,Current_Weight,Volatility_252D,Yahoo_Symbol_x,Raw_Beta,Beta,Observation_Count,Security_ID,Company_Name_y,Industry,Last_Close,Log_Market_Cap,Momentum_1M,Momentum_3M,Momentum_6M,Momentum_12M,Volatility_20D,Volatility_60D,ATR_14,Max_Drawdown_252D,SMA_50,SMA_200,Distance_SMA50,Distance_SMA200,Price_52W_High,Distance_52W_High,Dollar_Volume,Turnover_Ratio,Factor_Date_x,Engine_Version,Yahoo_Symbol_y,PE,PB,ROE,ROCE,Debt_To_Equity,Revenue_Growth,EPS_Growth,Profit_Growth,Operating_Margin,Net_Margin,Market_Cap,Factor_Date_y,ADV_20D,Sector,Freshness_Factor,Momentum_Factor,Quality_Factor,Value_Factor,Growth_Factor,Signal_Factor,Volatility_Factor,Liquidity_Score,Liquidity_Penalty,Adjusted_Liquidity_Score,Composite_Alpha,Sector_Alpha,Risk_Adjusted_Score,Sector_Diversification_Bonus,Selection_Score,Rank,Liquidity_Capacity,Risk_Parity_Score,Sector_Risk_Parity,Target_Weight,Position_Cap,Risk_Budget_Score,Liquidity_Adjustment,Capacity_Days,Current_Weight_Old,Weight_Change,Action,Trading_Cost_Bps,Priority_Score,Execution_Rank,Yahoo_Symbol,Tail_Risk,Market_Weight,Diversification_Penalty,MV_Weight,Benchmark_Weight,Risk_Contribution_Pct,Expected_Alpha
COALINDIA,Coal India Limited,HOLD,64.81308411214954,False,0.0,0.3165,COALINDIA.NS,0.9582,0.972,742,SEC49A300CF,Coal India Limited,Thermal Coal,444.25,28.63286902498804,-0.0388360271158776,-0.0549883126311286,0.1778694740984865,0.1900462801734272,0.2223414236059345,0.2493529077806948,14.635713849748884,-0.3084014082185026,458.8319995117188,413.30735931396487,-0.0317806943003903,0.0748659320690436,481.6499938964844,-0.0776497339778277,9940661689.529076,21444851.85,2026-06-12,1.0.0,COALINDIA.NS,8.9457,2.3354719,0.28124002,0.1891754987616116,11.629,0.162,0.129,-0.12424709441674,0.20922,0.18465,2723309610086.991,2026-06-19,4848794862.97729,Energy,1.0,0.4979973297730307,0.7689047032541794,0.9416846652267818,0.4179169627119245,0.7997329773030708,0.9165554072096128,0.9699599465954606,1.0,0.9699599465954606,0.9311768754301445,1.0,0.4607134425987407,0.20851441405707477,0.22402886911495645,1,1.7916576122589318,0.24054119777632746,0.16524651129512263,0.0025027967060533302,0.07,0.035386520219154706,1.05,0.00341896237829286,,0.0,BUY,21.57784721657904,1.0744614060465014,20.0,COALINDIA.NS,0.07314166142005223,0.046841802750248414,0.0,0.031198849640904466,0.0,0.038946777457844375,0.08008251895690364
CHENNPETRO,Chennai Petroleum Corporation Limited,BUY,71.51869158878503,False,0.0,0.5404,CHENNPETRO.NS,1.0356,1.0238,742,SECFCD40526,Chennai Petroleum Corporation Limited,Oil & Gas Refining & Marketing,1135.300048828125,25.85095663097152,0.1251734874411545,0.2124325603651176,0.2098687716486973,0.7234611437850209,0.3663209621566563,0.4944685525250011,49.47145298549107,-0.6123605044919753,1060.4130017089844,910.4364404296877,0.0706206421445709,0.2469844114459118,1226.4000244140625,-0.0742824313212667,1158306858.1872864,1026475.25,2026-06-12,1.0.0,CHENNPETRO.NS,5.2672744,1.4714378,0.32126,0.3714083955660279,17.68,-0.025,2.025,13.49250315287963,0.11215,0.04875,168627272995.53223,2026-06-19,1973460261.3057823,Energy,1.0,0.8264352469959947,0.7936221736098205,0.9848812095032398,0.6930895167186423,0.9138851802403204,0.18291054739652868,0.8998664886515354,1.0,0.8998664886515354,0.987611837577426,1.0,0.2511871420392771,0.20851441405707477,0.19982171237792734,2,0.7292049260850666,0.07680939841632677,0.16524651129512263,0.0025027967060533302,0.05,0.01191358933925092,0.95,0.005757332869548163,,0.0,BUY,16.361867629162887,0.8125859068427007,29.0,CHENNPETRO.NS,0.11152657738125302,0.002900443427626541,0.0,0.033164444693499454,0.0,0.03295569721287186,0.10093151052109431
ADANIENT,Adani Enterprises Limited,BUY,78.5313751668892,False,0.0,0.5042,ADANIENT.NS,1.7385,1.4948,742,SECFF5B2699,Adani Enterprises Limited,Thermal Coal,2920.199951171875,28.962678741797657,0.0751840762783044,0.4586413342516857,0.3204014388797349,0.1180771465200591,0.3054093534464421,0.4146223033805787,82.39995465959821,-0.7134659815505571,2538.3139965820315,2335.1729583740234,0.1504486659664927,0.2505283348284424,3048.199951171875,-0.0419919959485566,6671811556.09524,2297002.45,2026-06-12,1.0.0,ADANIENT.NS,41.221634,4.845607,0.13664,0.0661516889921016,119.56,0.203,,0.3156036061417101,0.0553,0.09295999,3787316140402.608,2026-06-19,8960639948.12495,Energy,1.0,0.8157543391188251,0.32171881115503104,0.326133909287257,0.6546753916877757,0.9853137516688919,0.3144192256341789,0.9886515353805073,1.0,0.9886515353805073,0.7873365450791466,1.0,0.32461294993688067,0.20851441405707477,0.19382498681733862,3,2.0,0.10638865033377197,0.16524651129512263,0.0025027967060533302,0.05,0.018858863131212166,1.05,0.0009859769371636084,,0.0,BUY,13.834984331078116,0.6938234690974832,33.0,ADANIENT.NS,0.3419893754156333,0.06514305789707994,0.0,0.026188970259013483,0.0,0.032838436068392096,0.08667440339004914
IOC,Indian Oil Corporation Limited,HOLD,47.87716955941256,False,0.0,0.2943,IOC.NS,1.2631,1.1763,742,SEC7245A636,Indian Oil Corporation Limited,Oil & Gas Refining & Marketing,139.66000366210938,28.299285776533264,0.0385187990715376,-0.1279970000703109,-0.1061835705106802,0.0472460864535773,0.3050694814671967,0.3266069735234629,3.1585693359375,-0.3854752658640575,141.04660064697265,151.4460955047607,-0.0098307720888205,-0.0778236758324407,185.1358184814453,-0.245634881420278,2025877471.075235,14591635.25,2026-06-12,1.0.0,IOC.NS,4.7059207,0.9023849,0.20969999,0.242541446859529,58.446,0.067,0.781,2.0958049219581936,0.09243,0.05367,1950848996422.251,2026-06-19,2521831018.5872326,Energy,1.0,0.4243991989319092,0.6736414297777137,0.9899208063354932,0.6932471459743074,0.46194926568758343,0.9512683578104139,0.9198931909212283,1.0,0.9198931909212283,0.8224363386097728,1.0,0.3386406668664896,0.20851441405707477,0.18698206172037485,4,0.9318310774047017,0.19014335298111187,0.16524651129512263,0.0025027967060533302,0.07,0.036903085371404194,0.95,0.0062025643245497255,,0.0,BUY,20.641819108432067,0.7488860256720614,31.0,IOC.NS,0.09604732721641887,0.03355523130659101,0.0,0.027411474087043954,0.0,0.02849823366741144,0.06844692617385596
ADANIPOWER,Adani Power Limited,BUY,80.61415220293725,True,0.0232526240012415,0.5368,ADANIPOWER.NS,1.3586,1.2403,742,SEC23029172,Adani Power Limited,Utilities - Independent Power Producers,220.47000122070312,29.067485402621266,-0.0038856034122658,0.4785728678039962,0.561623549074767,0.8494254082199704,0.3954793030590997,0.386219957637859,7.751427786690848,-0.6778034585059722,214.71160095214844,162.25910022735596,0.026819232137522,0.3587527658651046,248.91000366210935,-0.1142581737293814,8701394964.536728,37328442.8,2026-06-12,1.0.0,ADANIPOWER.NS,35.19667,6.9090962,0.20908001,0.1619029399226956,82.332,-0.001,0.888,-0.0080741832492578,0.25394,0.23662001,4205798997590.7886,2026-06-19,11703353159.23014,Utilities,1.0,0.8222630173564752,0.7210796397049845,0.4017278617710583,0.4481580565087994,0.9939919893190922,0.19592790387182912,0.9946595460614153,1.0,0.9946595460614153,0.8589125946317963,0.2727272727272727,0.29997976966153206,0.23570226039551587,0.18481649171696446,5,2.0,0.02601001670022746,0.04661169660642182,0.044581052104636865,0.05,0.006721007926412344,1.05,0.0009716604456234137,0.0232526240012415,0.0,SELL,16.880938655255754,0.957771797068548,24.0,ADANIPOWER.NS,0.14972444940636437,0.07234109787687606,0.0014581763339232983,0.02817399653287635,0.0232526240012415,0.03853788863032549,0.09182960263544421
AEGISLOG,AEGIS LOGISTICS LIMITED,BUY,70.5407209612817,False,0.0,0.498,AEGISLOG.NS,0.7041,0.8017,738,SEC3DA3820C,AEGIS LOGISTICS LIMITED,Oil & Gas Refining & Marketing,948.5999755859376,26.54354250436238,0.4071051564678249,0.4885837200250098,0.2603467014093594,0.1930422802217288,0.5228566411967508,0.4772277891310872,37.989288330078125,-0.5488392560016675,711.0220007324219,723.4980001831054,0.3341358981983497,0.311130058888708,948.5999755859376,0.0,2635423346.9320345,3028517.65,2026-06-12,1.0.0,AEGISLOG.NS,39.39329,5.962019,0.15258001,0.1317186188075874,47.243,0.522,0.458,0.3539201350679108,0.22027999,0.10778,337065295715.33203,2026-06-19,1089326615.3291445,Energy,1.0,0.8806742323097464,0.6055157249300898,0.3491720662347012,0.757647530744271,0.897196261682243,0.3451268357810414,0.8377837116154874,1.0,0.8377837116154874,0.905712319339298,1.0,0.21251414898811813,0.20851441405707477,0.17834462318127903,6,0.5,0.07051650948019766,0.16524651129512263,0.0025027967060533302,0.05,0.01302086340786934,0.95,0.007916373484806609,,0.0,BUY,13.62351633388577,0.6083090594136911,34.0,AEGISLOG.NS,0.1964531689848153,0.0057976316895336005,0.0,0.01447166345744737,0.0,0.013657499077495725,0.09306306321241634
OBEROIRLTY,Oberoi Realty Limited,HOLD,53.61481975967957,False,0.0,0.3744,OBEROIRLTY.NS,1.2766,1.1853,740,SEC3F823D9E,Oberoi Realty Limited,Real Estate - Development,1611.199951171875,27.091764530178928,-0.0037101163623287,0.0835525717908634,-0.0077544147164733,-0.1492146723413405,0.2677169856203344,0.2998047606876929,40.978585379464285,-0.3886198812552436,1651.6695092773436,1619.2008728027345,-0.0245022129900401,-0.004941277987956,1979.2589111328125,-0.1859579653226277,557453643.657959,335208.05,2026-06-12,1.0.0,OBEROIRLTY.NS,24.311993,3.4054184,0.14913,0.1597786784491817,15.765,0.521,0.624,0.1266734956518128,0.53072,0.41727,583181636801.3077,2026-06-19,1398886044.8716817,Real Estate,1.0,0.46862483311081443,0.6971371909444986,0.5910727141828653,0.7063498857472673,0.5841121495327103,0.7960614152202937,0.8724966622162884,1.0,0.8724966622162884,0.7439779766001376,0.09090909090909091,0.23951678233850615,0.3333333333333333,0.172843472260369,7,0.5168964457774952,0.009312491029079146,0.014556794756701717,0.03330766438546626,0.07,0.0034645683828056157,0.95,0.005923952382596045,,0.0,BUY,13.286934318497957,0.444302489846571,38.0,OBEROIRLTY.NS,0.11339183571037975,0.010030912055475495,0.0,0.025839791392124133,0.0,0.021352203251288178,0.07140369965029682
BPCL,Bharat Petroleum Corporation Limited,HOLD,43.71829105473965,False,0.0,0.3357,BPCL.NS,1.3027,1.2028,742,SEC0CEAF73E,Bharat Petroleum Corporation Limited,Oil & Gas Refining & Marketing,299.6499938964844,27.86212113306536,0.0534363896542571,-0.0818140392452213,-0.1324715299081194,-0.0026570605245863,0.3399963353080985,0.3934438004041011,7.400004795619419,-0.3458878996679102,298.51100158691406,328.7099983215332,0.0038155790021652,-0.0884062078228095,388.2999877929688,-0.2283028500730991,2449858499.9314165,8287226.7,2026-06-12,1.0.0,BPCL.NS,5.118221,1.3207579,0.28469,0.2992969349571445,54.332,0.067,0.28,0.9377912578590416,0.08165,0.05677,1259985253264.8115,2026-06-19,3189014504.895592,Energy,1.0,0.42389853137516686,0.720720943556994,0.9877609791216703,0.5931504576059842,0.37316421895861146,0.8851802403204272,0.9412550066755674,1.0,0.9412550066755674,0.735719201651755,1.0,0.30506401811539263,0.20851441405707477,0.1696474090116376,8,1.1783592160036276,0.15016611473113115,0.16524651129512263,0.0025027967060533302,0.07,0.034375476784321714,1.05,0.007890463894802113,,0.0,BUY,30.16280381087891,1.1000747807573161,18.0,BPCL.NS,0.0937539792479171,0.021672152326362482,0.0,0.02439116181193726,0.0,0.02110708834195165,0.06379856251407573
ONGC,Oil and Natural Gas Corporation Limited,HOLD,55.8411214953271,False,0.0,0.3661,ONGC.NS,1.026,1.0174,742,SECB56AA8A0,Oil and Natural Gas Corporation Limited,Oil & Gas Integrated,245.6499938964844,28.76072781834039,-0.1793887125843642,-0.0920347256328041,0.0507357374085823,0.0583036303634703,0.2420553796405437,0.2779228304260742,6.771429879324777,-0.3530355874857934,282.6729974365234,253.42661514282227,-0.1309746734770903,-0.030685890043377,301.3999938964844,-0.1849701430954484,4187983575.793225,15455442.5,2026-06-12,1.0.0,ONGC.NS,7.4210687,0.82724196,0.12703,0.179400388008923,42.548,0.019,0.478,0.1435105872584099,0.09212,0.06255,3094748684676.0,2026-06-19,4155856685.598875,Energy,1.0,0.34212283044058744,0.5013201280878835,0.9625629949604032,0.479908867261936,0.6278371161548731,0.8190921228304406,0.9619492656875834,1.0,0.9619492656875834,0.7088781830695113,1.0,0.3117331118523678,0.20851441405707477,0.16943860087614637,9,1.5356129670617646,0.1407069357792298,0.16524651129512263,0.0025027967060533302,0.07,0.03184786819723924,1.05,0.0035901292137005213,,0.0,BUY,19.920062494921144,0.8331530224967648,27.0,ONGC.NS,0.18256670110702583,0.05323067451172154,0.0,0.02345630665968464,0.0,0.025352319753481685,0.06462737941601297
HINDPETRO,Hindustan Petroleum Corporation Limited,HOLD,42.7369826435247,False,0.0,0.3798,HINDPETRO.NS,1.476,1.3189,742,SECC30A35A3,Hindustan Petroleum Corporation Limited,Oil & Gas Refining & Marketing,384.5,27.41563730319816,0.0493995807997453,0.0003902533995121,-0.1446051167964405,-0.0158245507691058,0.3951568303754409,0.4727356754776339,10.867847987583705,-0.4040131508739696,376.4419976806641,419.5716471862793,0.0214056942875207,-0.0835891734378999,499.0499877929688,-0.2295360997794271,2368715821.266843,6147621.7,2026-06-12,1.0.0,HINDPETRO.NS,4.652205,1.2809983,0.30929002,0.2883936683834563,85.369,0.049,0.775,1.67928945766587,0.08081,0.041050002,806231938704.102,2026-06-19,2868994594.520419,Energy,1.0,0.45761014686248336,0.7192393042285189,0.9953203743700504,0.6725391340017399,0.3477970627503338,0.7770360480640854,0.9339118825100133,1.0,0.9339118825100133,0.7370956641431521,1.0,0.27459900033575035,0.20851441405707477,0.16677797544142622,10,1.060110017037508,0.11947479413009729,0.16524651129512263,0.0025027967060533302,0.07,0.026473204414432884,1.05,0.00675440478788774,,0.0,BUY,24.378350825652767,0.8281722428960546,28.0,HINDPETRO.NS,0.10663291225400853,0.01386744911553467,0.0,0.024439102503279433,0.0,0.01983633073089414,0.06542895942419354
PHOENIXLTD,The Phoenix Mills Limited,HOLD,59.94325767690253,True,0.0209886656963214,0.3983,PHOENIXLTD.NS,1.027,1.0181,738,SECBC710BBF,The Phoenix Mills Limited,Real Estate - Diversified,1751.0,27.15834446551708,0.0071901064135748,0.1112521763409026,0.0173726249713548,0.0974347423725328,0.1879551835895921,0.3227592061473651,46.80714634486607,-0.3163113997431874,1750.0620068359376,1703.2546746826172,0.0005359771027531,0.0280318181579508,1950.800048828125,-0.1024195426630976,765248267.053009,436704.2,2026-06-12,1.0.0,PHOENIXLTD.NS,54.17573,6.1596384,0.11056,0.1291179584516197,37.211,0.337,0.5,0.2434306480718802,0.53540003,0.27671,623331592608.9569,2026-06-19,1228794328.1815069,Real Estate,1.0,0.5804405874499332,0.5825374049712956,0.2174226061915047,0.7068232459502014,0.7109479305740988,0.7189586114819759,0.8584779706275033,1.0,0.8584779706275033,0.6930488644184446,0.09090909090909091,0.21457694662519075,0.3333333333333333,0.16104443171719493,11,0.5,0.007832957341007946,0.014556794756701717,0.031210544736673607,0.05,0.0027764004486816544,0.95,0.005404402257816277,0.0209886656963214,0.0,SELL,19.34776685470543,0.8600518856597289,26.0,PHOENIXLTD.NS,0.16627535159993295,0.010721504231777115,0.0011799585679315957,0.02406595794082432,0.0209886656963214,0.018748090116290878,0.07381257392680693
INDUSTOWER,Indus Towers Limited,HOLD,58.61815754339119,True,0.0225853370204692,0.4238,INDUSTOWER.NS,1.1989,1.1333,742,SECE103320D,Indus Towers Limited,Telecom Services,420.8999938964844,27.73359149482143,-0.0215041267726392,-0.0478452538865126,0.0411873689461579,0.0700393729896589,0.1659312033324139,0.2760657191443364,9.567853655133929,-0.5481984750141786,420.8550006103516,407.6537492370605,0.0001069092349326,0.0324938619703969,477.75,-0.1189953031994047,2733181575.117189,6349498.1,2026-06-12,1.0.0,INDUSTOWER.NS,15.2787,2.7532213,0.19806999,0.2449292455294312,53.289,0.048,0.008,-0.2805964739168521,0.32422,0.21989,1108015280054.4707,2026-06-19,3718614529.6448593,Communication Services,1.0,0.4559412550066756,0.8278600967000506,0.7933765298776098,0.270072158536106,0.6802403204272364,0.6241655540720961,0.9546061415220294,1.0,0.9546061415220294,0.729525120440468,0.18181818181818182,0.26715077899045997,0.2672612419124244,0.16063357633011177,12,1.3740494736054756,0.019098990819434166,0.030341139078827687,0.03293877461555509,0.05,0.0065417479993760555,1.05,0.004650751138949866,0.0225853370204692,0.0,SELL,10.290986261407848,0.3101478662311236,40.0,INDUSTOWER.NS,0.07295289101851857,0.019058219822062347,0.0014195799718640628,0.02453823193378546,0.0225853370204692,0.020881861551182972,0.07078026087078895
ADANIENSOL,Adani Energy Solutions Limited,STRONG_BUY,86.51201602136182,True,0.0182435733252108,0.5247,ADANIENSOL.NS,1.5545,1.3715,742,SECE6819099,Adani Energy Solutions Limited,Utilities - Independent Power Producers,1493.0999755859375,28.214662478555844,0.145366679617207,0.4865590793438781,0.5196173163054842,0.6309120432396915,0.3611826603174407,0.4762917824719986,58.192862374441965,-0.8536683357796557,1353.8840014648438,1049.6280004882813,0.1028271062886245,0.4225039489146207,1579.199951171875,-0.0545212628217506,5095655373.06814,3445842.25,2026-06-12,1.0.0,ADANIENSOL.NS,81.9206,7.21406,0.096599996,0.1169055251933617,194.5,0.168,0.035,1.153400567940602,0.22225,0.08274,1792553899736.021,2026-06-19,2846317997.780556,Utilities,1.0,0.9135514018691588,0.48689200069882105,0.11519078473722102,0.6063432860696468,0.9993324432576769,0.2303070761014686,0.9325767690253671,1.0,0.9325767690253671,0.7894012388162422,0.2727272727272727,0.2203014474874442,0.23570226039551587,0.15757841433949016,13,1.0517308840122443,0.019553755763032477,0.04661169660642182,0.035922472794923756,0.05,0.00516708320288772,1.05,0.004799240220619638,0.0182435733252108,0.0,HOLD,9.583409509588797,0.3965199969260081,39.0,ADANIENSOL.NS,0.2692277672333286,0.030832504640535937,0.0008539199778723788,0.025752949471989375,0.0182435733252108,0.025021868615353365,0.09039645336912341
NTPC,NTPC Limited,HOLD,58.82510013351135,False,0.0,0.2794,NTPC.NS,1.1089,1.0729,742,SECF3AF7C83,NTPC Limited,Utilities - Regulated Electric,354.1499938964844,28.8617992860723,-0.1039848351765101,-0.0932018820489122,0.1095265767326525,0.0716284822562585,0.2057010740920778,0.2020546801771696,8.721429007393974,-0.3230230181880048,386.0459985351562,352.6550230407715,-0.0826222905034649,0.0042391877558485,410.2000122070313,-0.1366407036630169,4133620396.151187,11031568.5,2026-06-12,1.0.0,NTPC.NS,12.048291,1.7510648,0.13695,0.1252165755768547,118.127,0.08,-0.016,0.1549820129909497,0.18428,0.14437,3423892871099.1533,2026-06-19,5149615352.1128,Utilities,1.0,0.38317757009345793,0.550432324108534,0.8776097912167027,0.40619947775478454,0.6862483311081442,0.9709612817089452,0.9759679572763685,1.0,0.9759679572763685,0.748107364074329,0.2727272727272727,0.34557103575440345,0.23570226039551587,0.15552547477773876,14,1.9028125145622539,0.0573442125677509,0.04661169660642182,0.03799011737896672,0.07,0.026118268150991313,1.05,0.008581436876078005,,0.0441910990802382,BUY,49.1910990802382,2.5995458284049335,5.0,NTPC.NS,0.12560920864407557,0.058892060569229646,0.005319166422344716,0.024314708793644262,0.0,0.027985209413683664,0.0668539942965629
ADANIGREEN,Adani Green Energy Limited,BUY,84.66955941255007,False,0.0,0.5222,ADANIGREEN.NS,1.7205,1.4827,742,SECC30DDEE8,Adani Green Energy Limited,Utilities - Renewable,1483.0999755859375,28.515890020117915,0.0754894674299764,0.7114996208854272,0.4983835056342207,0.3984912546779231,0.3902318093733212,0.478405305520078,51.00714111328125,-0.8444032949984746,1297.1130029296876,1060.66625,0.1433853274434653,0.3982720536134128,1534.5,-0.0334962687612007,5636902939.339948,3884912.1,2026-06-12,1.0.0,ADANIGREEN.NS,157.93568,13.000598,0.07576,0.0871836270261978,346.548,0.143,2.098,0.1440443213296399,0.59686,0.12715,2422666769202.5234,2026-06-19,3789301077.621316,Utilities,1.0,0.880841121495327,0.4783347957214931,0.04535637149028078,0.6486619655941959,0.9986648865153538,0.23998664886515353,0.9566088117489987,1.0,0.9566088117489987,0.7598072952512044,0.2727272727272727,0.23206828778359812,0.23570226039551587,0.15416619418823443,15,1.4001685599651243,0.020714470743280086,0.04661169660642182,0.03613606925719108,0.05,0.005593426506542487,1.05,0.0024975215800524045,,0.0,BUY,14.463861214675068,0.801300959388059,30.0,ADANIGREEN.NS,0.27241356967423624,0.04167064901920616,0.0,0.02472220942220028,0.0,0.0253203153396268,0.08936532804669055
PREMIERENE,PREMIER ENERGIES LIMITED,BUY,72.25634178905207,False,0.0,0.4663,PREMIERENE.NS,1.1024,1.0686,446,SEC0F28ED7B,PREMIER ENERGIES LIMITED,Solar,1035.0,26.88275101070004,0.0544010042198574,0.3121716802519378,0.1983832951809239,-0.0441437752641177,0.2820393668290925,0.3111472267572899,32.59283883231027,-0.5020398093197718,1013.7771606445312,934.1161654663086,0.020934422454315,0.1079992384922814,1114.15234375,-0.0710426578501733,2484504180.1680665,2422964.65,2026-06-12,1.0.0,PREMIERENE.NS,31.892454,11.227083,0.42333,0.3110129034190971,86.005,0.376,0.647,0.6110515914513643,0.26709998,0.19296,473184404365.5,2026-06-19,2667340191.468716,Technology,1.0,0.7219626168224299,0.9045357758534013,0.4398848092152628,0.7953199432005262,0.931909212283044,0.47730307076101464,0.9259012016021362,1.0,0.9259012016021362,0.9655884377150723,0.8181818181818182,0.22106038083605084,0.15811388300841897,0.15150212253221537,16,0.9855975543569835,0.06115936045853437,0.1293246741800865,0.014121982730829525,0.05,0.019498191964381524,0.9855975543569835,0.011052805339355414,,0.029481591910142723,BUY,34.481591910142726,2.1302319815446253,10.0,PREMIERENE.NS,0.044514967719558984,0.008138924216212979,0.0024468507581664784,0.010523936153854234,0.0,0.011315842085743044,0.09733120946922583
POWERGRID,Power Grid Corporation of India Limited,HOLD,57.07943925233644,False,0.0,0.2763,POWERGRID.NS,0.9609,0.9738,742,SECBD364AD2,Power Grid Corporation of India Limited,Utilities - Regulated Electric,284.29998779296875,28.60249539780036,-0.0704594339725245,-0.0635705465169402,0.0828309207572284,-0.0247736871499315,0.2336938333423783,0.1985499026116901,6.717854091099331,-0.2955904265049107,302.9189990234375,283.13217018127443,-0.0614653134682653,0.0041246376593186,320.8999938964844,-0.1140542436885244,3830941020.093408,13182420.0,2026-06-12,1.0.0,POWERGRID.NS,14.405472,2.6787612,0.16492,0.1576360781543402,150.993,-0.05,0.096,0.0261902246183343,0.4947,0.34083,2641836401254.1885,2026-06-19,4421849723.329985,Utilities,1.0,0.3846795727636849,0.7139242873527879,0.8135349172066235,0.3055712963791572,0.6548731642189586,0.9739652870493992,0.9672897196261683,1.0,0.9672897196261683,0.7364074328974536,0.2727272727272727,0.3253175956772661,0.23570226039551587,0.15124871707620507,17,1.633898925599139,0.0546005031241289,0.04661169660642182,0.03722656588163863,0.07,0.02535735121958432,1.05,0.009702649289317612,,0.042903657075536956,BUY,47.903657075536955,2.4489166877461863,6.0,POWERGRID.NS,0.0790427194044247,0.04544043730746498,0.005110002330090317,0.0251891228532652,0.0,0.026871582284304536,0.06626057459837402
NLCINDIA,NLC India Limited,HOLD,65.63084112149532,False,0.0,0.4348,NLCINDIA.NS,1.298,1.1996,742,SEC28099C20,NLC India Limited,Utilities - Regulated Electric,318.5,26.81172653869954,-0.097222190985723,0.2007540056550423,0.3674080584329808,0.3479040383363112,0.3507134248092353,0.4997908067527399,13.42856924874442,-0.3393004431126946,319.20000122070314,269.8064705657959,-0.0021929862720118,0.1804757659521347,370.8999938964844,-0.1412779583682302,2585780070.022348,7799327.0,2026-06-12,1.0.0,NLCINDIA.NS,12.715636,2.0796564,0.15966,0.1022780113946452,82.0,-0.003,-0.127,0.3436536759544664,0.28304002,0.20139,440742454634.0082,2026-06-19,1315209771.2731042,Utilities,1.0,0.6366822429906542,0.5953265510976283,0.8624910007199424,0.3776866030511325,0.8130841121495327,0.5874499332443257,0.8644859813084113,1.0,0.8644859813084113,0.8506538196834136,0.2727272727272727,0.19088703452510836,0.23570226039551587,0.14968514340829656,18,0.5,0.020463589097019126,0.04661169660642182,0.035368325047753904,0.05,0.006876404479852159,0.95,0.012505790434778279,,0.0,BUY,21.447737777314114,1.079478864870919,19.0,NLCINDIA.NS,0.1759520155827512,0.007580912227958924,0.0,0.027886341588812518,0.0,0.024255837629109548,0.07970900486587558
OFSS,Oracle Financial Services Software Limited,BUY,72.25967957276367,False,0.0,0.3453,OFSS.NS,1.0763,1.0511,742,SECE88A6B48,Oracle Financial Services Software Limited,Software - Infrastructure,9290.0,27.420787341602445,0.0305047143649472,0.4274624186638982,0.2142499655048424,0.0223666344898709,0.3589726369083409,0.3851029830455051,351.7857142857143,-0.4897928387257539,8945.723720703125,7978.738752441406,0.0384850113915451,0.1643444268879417,10344.5,-0.101938228043888,2735986639.225,277291.45,2026-06-12,1.0.0,OFSS.NS,31.270687,10.504868,0.32606,0.4083180641585646,0.415,0.203,0.306,0.1091359892418894,0.50402,0.34401,810394774332.0,2026-06-19,1630988981.6032958,Technology,1.0,0.7393190921228304,0.9558704722905413,0.4506839452843773,0.5712486765224944,0.9325767690253671,0.8651535380507342,0.8838451268357811,1.0,0.8838451268357811,0.9807295251204404,0.8181818181818182,0.22439107882234247,0.15811388300841897,0.14965313425698581,19,0.6026598169190632,0.0834775616336867,0.1293246741800865,0.04197152182446367,0.07,0.03328326459351959,0.95,0.02974099315668865,,0.04850723214049821,BUY,53.50723214049821,3.505117051434064,2.0,OFSS.NS,0.015237925918076075,0.013939051229609933,0.006702474020451269,0.03241680889210788,0.0,0.03390500142611569,0.09453186595380408
WAAREEENER,WAAREE ENERGIES LIMITED,HOLD,57.33978638184246,True,0.0197982093465519,0.4997,WAAREEENER.NS,1.0975,1.0653,408,SEC5E2FCDD9,WAAREE ENERGIES LIMITED,Solar,3023.60009765625,27.494830916571928,0.0005294830100099,0.1037454206920818,0.0472067490468977,0.0660334506819484,0.1992264620650937,0.3951184152240267,76.49286760602679,-0.4247511765673554,3174.670029296875,3119.9127563476563,-0.0475860263417939,-0.0308703051056322,3737.703369140625,-0.1910540246131308,3060762629.659045,997664.25,2026-06-12,1.0.0,WAAREEENER.NS,24.135653,6.185807,0.31570998,0.3394273991637019,21.402,1.118,0.712,0.9874263008798376,0.15048,0.13986,872676634168.4753,2026-06-19,6837879514.924047,Technology,1.0,0.5742656875834447,0.8398324544683216,0.5953923686105111,0.8665343008841971,0.6615487316421896,0.33311081441922563,0.9826435246995995,1.0,0.9826435246995995,0.8417068134893324,0.8181818181818182,0.24383769635112754,0.15811388300841897,0.14494325914844364,20,2.0,0.06303768433144835,0.1293246741800865,0.019943665101134815,0.05,0.018554982584782546,1.05,0.0043710460037447545,0.0197982093465519,0.0,BUY,15.09047658124498,0.5785857716595711,35.0,WAAREEENER.NS,0.08003572250217972,0.015010319286158818,0.001087699693910901,0.014471663457447376,0.0197982093465519,0.01506790604752216,0.08377117868634643
NETWEB,Netweb Technologies India Limited,BUY,72.8671562082777,False,0.0,0.5427,NETWEB.NS,1.1546,1.1036,715,SECCC2F1317,Netweb Technologies India Limited,Computer Hardware,4560.0,26.280732833018654,0.1873453977346699,0.4134275832295018,0.4864071736819626,1.3348292991965685,0.8056434980225875,0.5981988783155656,285.42149135044644,-0.5472781309113555,3994.700014648437,3484.806007080078,0.1415124998820001,0.3085376892531324,4934.2001953125,-0.0758380650359487,10481385817.540844,2337231.45,2026-06-12,1.0.0,NETWEB.NS,141.01274,40.014763,0.32834998,0.3818900434897027,39.019,0.866,0.643,0.8093555221492559,0.11987001,0.09426,259165536880.5,2026-06-19,4369818894.525372,Technology,1.0,0.9232309746328438,0.8066146863852449,0.051115910727141826,0.8456665944875228,0.9399198931909212,0.17690253671562084,0.9659546061415221,1.0,0.9659546061415221,0.9084652443220922,0.8181818181818182,0.22156798154628932,0.15811388300841897,0.14479906267025017,21,1.6146732348585977,0.052667675104476216,0.1293246741800865,0.039143619527137484,0.05,0.01298984623676519,1.05,0.006895239166486862,,0.03013094639198566,BUY,35.13094639198566,2.1955563774480606,9.0,NETWEB.NS,0.10495020969872758,0.0044577307380892425,0.0024938656637276645,0.031181799692687567,0.0,0.029490104325431414,0.09885050969134895
TATACOMM,Tata Communications Limited,HOLD,66.72229639519358,False,0.0,0.3656,TATACOMM.NS,1.0292,1.0196,742,SECF0A13008,Tata Communications Limited,Telecom Services,1964.0,27.04864848120453,0.1690476190476191,0.3551369170159424,0.0935412026726056,0.1488868198074173,0.4936691644493627,0.4222906117429003,79.80714634486607,-0.4291213692423359,1691.5079956054688,1694.6800012207032,0.1610941273127082,0.1589208573803324,2009.0999755859373,-0.0224478503479074,1864268640.7971008,970462.85,2026-06-12,1.0.0,TATACOMM.NS,53.679893,19.644556,0.31131,0.3352205944558329,335.485,0.094,-0.747,-0.4545895140386417,0.084359996,0.04038,558571506958.0078,2026-06-19,1227127984.871303,Communication Services,1.0,0.7910547396528705,0.7420806342763321,0.22390208783297336,0.1905470483598719,0.8277703604806409,0.8204272363150868,0.8578104138851802,1.0,0.8578104138851802,0.7487955953200275,0.18181818181818182,0.19867514939033537,0.2672612419124244,0.14285786018341332,22,0.5,0.01648804797362974,0.030341139078827687,0.03297867893336578,0.07,0.00633199841155363,0.95,0.012342288556536055,,0.0,BUY,20.145567685082234,1.0105470561575227,23.0,TATACOMM.NS,0.09429532010857299,0.009607609892729102,0.0,0.025620592404412414,0.0,0.020932487671553684,0.07773403113986556
HFCL,HFCL Limited,BUY,81.74566088117491,False,0.0,0.5431,HFCL.NS,1.7645,1.5122,742,SEC8158ECE3,HFCL Limited,Communication Equipment,171.86000061035156,26.295386081698556,0.1620799331910802,1.3077749132972136,1.602362177889428,0.8760238747538169,0.6690049497706756,0.6158702872121468,10.656426565987724,-0.6223167114027202,133.45180038452148,86.42549768447876,0.2878057854233706,0.9885335371486796,199.41000366210935,-0.1381575775829179,8772842605.569057,51197849.85,2026-06-12,1.0.0,HFCL.NS,97.94859,6.322505,0.07266,0.1384201143472119,38.321,1.278,,0.757172650921594,0.14757,0.062989995,262991114057.17883,2026-06-19,3887557503.838409,Technology,1.0,0.9582777036048065,0.43339758180412824,0.09071274298056156,0.8933347405948026,0.9966622162883845,0.17489986648865152,0.9586114819759679,1.0,0.9586114819759679,0.8713007570543703,0.8181818181818182,0.20502380920064542,0.15811388300841897,0.13801290298069435,23,1.4364748750310328,0.048729870588918915,0.1293246741800865,0.037553131339788354,0.05,0.011718107031426589,1.05,0.006991806440708676,,0.027181049593962735,BUY,32.18104959396274,2.221932862502475,7.0,HFCL.NS,0.307721773322178,0.00452353189813807,0.0018648042056003593,0.029887380645295166,0.0,0.02714229974885948,0.09605659363746381
PETRONET,Petronet LNG Limited,HOLD,48.91855807743658,False,0.0,0.2941,PETRONET.NS,1.0677,1.0454,742,SECBE3F44C1,Petronet LNG Limited,Oil & Gas Refining & Marketing,273.8999938964844,26.72269856695717,0.0390743078697954,-0.0768453568334789,0.0148203041513743,-0.0787832512446732,0.2750069246293276,0.3670104611672816,5.764288766043527,-0.3396646609361693,272.1017987060547,276.65886344909666,0.0066085384182712,-0.0099720989171195,323.3999938964844,-0.1530612273785144,693700528.0217559,2567028.4,2026-06-12,1.0.0,PETRONET.NS,11.123036,1.9529727,0.18559,0.2115569965828084,10.507,-0.233,0.253,-0.0151409124319099,0.17536,0.089949995,403200005343.85205,2026-06-19,946732961.3954276,Energy,1.0,0.45427236315086783,0.7330575536708257,0.896328293736501,0.31092393838054627,0.48397863818424564,0.951935914552737,0.8204272363150867,1.0,0.8204272363150867,0.7061252580867171,1.0,0.21270008763879436,0.20851441405707477,0.1371742770512492,24,0.5,0.1195101918887372,0.16524651129512263,0.0025027967060533302,0.07,0.03265995900726432,0.95,0.022847187445047417,,0.0,BUY,26.630185429406176,1.0581174821541284,22.0,PETRONET.NS,0.07850777346541016,0.0069351700039029076,0.0,0.023723226171495044,0.0,0.017631843827771703,0.06283022920028832
SYRMA,Syrma SGS Technology Limited,BUY,76.3351134846462,True,0.0155099013018624,0.4563,SYRMA.NS,1.3481,1.2332,742,SECACB85887,Syrma SGS Technology Limited,Electronic Components,1257.5,26.21924118503985,0.241056007895386,0.6762196474784516,0.7129819395461765,1.337776189219933,0.3612466235731675,0.4438423712178108,44.646432059151785,-0.4372043468783854,1029.1040063476562,847.8713119506835,0.2219367452109462,0.4831260148511105,1257.5,0.0,1300762504.6022766,1152936.65,2026-06-12,1.0.0,SYRMA.NS,78.44879,8.85559,0.14142999,0.163558558791283,13.045,0.584,0.437,0.870713659188443,0.104270004,0.06594,243709111494.88354,2026-06-19,1676671691.3658535,Technology,1.0,0.9617823765020026,0.5217668917261036,0.1238300935925126,0.8084995256835908,0.9739652870493992,0.5156875834445929,0.8871829105473965,1.0,0.8871829105473965,0.9270474879559532,0.8181818181818182,0.1798594787340505,0.15811388300841897,0.13694344684303453,25,0.6195398411328418,0.05094368033721967,0.1293246741800865,0.013580049816209036,0.05,0.016517700806437916,0.95,0.02067495781618291,0.0155099013018624,0.0,BUY,24.155215188714674,1.4622155252533533,15.0,SYRMA.NS,0.21821776730537892,0.004191875241360081,0.0006305665653473731,0.010523936153854229,0.0155099013018624,0.010739950336933578,0.09565571206115507
OIL,Oil India Limited,HOLD,52.68691588785048,False,0.0,0.4218,OIL.NS,0.8713,0.9138,742,SECA2EBA965,Oil India Limited,Oil & Gas Integrated,417.3999938964844,27.24596142269663,-0.1946748915162779,-0.1291466627852737,0.0598565554731493,-0.019641977046598,0.4163668815365487,0.3981591147852072,14.296436854771205,-0.5276978448135003,478.2910009765625,440.4031135559082,-0.1273095394974029,-0.052231964196828,518.2999877929688,-0.1946748915162779,1867877396.5176208,4016633.6,2026-06-12,1.0.0,OIL.NS,10.277574,1.1732441,0.12743,0.1191341085566992,58.741,0.052,0.604,0.0105343821411616,0.27781,0.19500999,680410019119.2478,2026-06-19,1797200109.423284,Energy,1.0,0.31658878504672894,0.5628348463441827,0.912167026637869,0.4633744391240017,0.562082777036048,0.6315086782376502,0.8918558077436582,1.0,0.8918558077436582,0.6180316586373021,1.0,0.1842205770234706,0.20851441405707477,0.1325369630171028,26,0.664075785384673,0.0721711893359482,0.16524651129512263,0.0025027967060533302,0.05,0.01545862377611404,0.95,0.005696642932045497,,0.0,BUY,15.238007300817548,0.5394090295173732,36.0,OIL.NS,0.18439626181202376,0.011703271558557191,0.0,0.02029216717722757,0.0,0.013702268463180818,0.06162683060858616
ACMESOLAR,ACME SOLAR HOLDINGS LTD,BUY,72.91388518024031,False,0.0,0.4689,ACMESOLAR.NS,0.6263,0.7496,396,SEC91916541,ACME SOLAR HOLDINGS LTD,Utilities - Renewable,336.04998779296875,26.19162459232731,0.2175724195397419,0.3997416912277789,0.5542081540951278,0.3312733390525397,0.4368456424742177,0.442009990258133,15.935714721679688,-0.3810964695694745,301.0940002441406,263.8243692779541,0.1160965928264403,0.2737640147219335,356.6499938964844,-0.0577597264995177,975025193.237288,2996055.8,2026-06-12,1.0.0,ACMESOLAR.NS,40.920246,3.9910965,0.10406,0.089455907836249,393.194,0.125,0.063,0.9789732971583608,0.64989,0.199,237070782144.0,2026-06-19,543963442.1268919,Utilities,1.0,0.8966955941255007,0.5247134234523764,0.32973362131029516,0.5746353953745276,0.9412550066755674,0.4672897196261683,0.7443257676902537,0.9603887606864491,0.7148421015790326,0.88093599449415,0.2727272727272727,0.1592025088581651,0.23570226039551587,0.12964253745154097,27,0.5,0.015825760379351617,0.04661169660642182,0.013513978817932364,0.05,0.004938095790172441,0.95,0.03126778002569908,,0.0,BUY,22.00852925044575,1.2401579488517602,17.0,ACMESOLAR.NS,0.2228618757431807,0.004077693837639576,0.0,0.010523936153854234,0.0,0.010723459014263808,0.08983538068042873
MRPL,Mangalore Refinery and Petrochemicals Limited,HOLD,58.19425901201602,False,0.0,0.5131,MRPL.NS,1.1997,1.1338,742,SEC563419E4,Mangalore Refinery and Petrochemicals Limited,Oil & Gas Refining & Marketing,161.14999389648438,26.36328237828252,0.0720462083859994,-0.1582219398173727,0.0710087248495703,0.1434213995133397,0.4005764132029504,0.4592176030895337,5.882143293108259,-0.6420360502377791,163.27000122070314,158.09764961242675,-0.0129846714544517,0.0193067024812854,206.7700042724609,-0.2206316652963988,1027719380.0623276,6607784.55,2026-06-12,1.0.0,MRPL.NS,14.092981,1.9014821,0.14169,0.2868733353465375,108.059,-0.034,-0.682,33.239103362391035,0.08354,0.021710001,281467374283.214,2026-06-19,1026429117.0209298,Energy,1.0,0.5362149532710281,0.6117850608387528,0.8250539956803455,0.40265141868081766,0.67456608811749,0.27903871829105475,0.8297730307076101,1.0,0.8297730307076101,0.6696490020646937,1.0,0.15201225163502144,0.20851441405707477,0.1294902585920669,28,0.5,0.04895633259950028,0.16524651129512263,0.0025027967060533302,0.05,0.008316597438997417,0.95,0.007727229591540129,,0.0,BUY,12.931453446662534,0.46156505621682675,37.0,MRPL.NS,0.1991930852836359,0.004841329527120311,0.0,0.022863958773240548,0.0,0.016094853805116917,0.07160836167002531
JSWENERGY,JSW Energy Limited,HOLD,67.21295060080107,False,0.0,0.4488,JSWENERGY.NS,1.2663,1.1784,742,SECA13403AD,JSW Energy Limited,Utilities - Independent Power Producers,555.3499755859375,27.64478279415641,0.0819120054563771,0.0751278145310363,0.2351518257266338,0.0450839377014768,0.2889733183505956,0.350057876425134,19.74003587222137,-0.5062951626347504,548.0422106933594,511.6179878234863,0.0133343102957939,0.0854778150949986,600.0093383789062,-0.0744311128783904,1978140746.4967804,3461600.4,2026-06-12,1.0.0,JSWENERGY.NS,44.96865,3.2769096,0.08817001,0.0964766624951768,229.16,0.41,-0.117,0.1478402165165642,0.33268002,0.11847,1013856805993.3586,2026-06-19,1678021628.2593162,Utilities,1.0,0.6789052069425902,0.4781085869840987,0.28797696184305255,0.5353799667790466,0.8391188251001335,0.537716955941255,0.8878504672897196,1.0,0.8878504672897196,0.6992429456297315,0.2727272727272727,0.1714071344198723,0.23570226039551587,0.12940487213609808,29,0.6200386505854151,0.017802088560060717,0.04661169660642182,0.030849731202180167,0.05,0.005875234799408653,0.95,0.008374761199143762,,0.0,BUY,19.053030423670158,0.944545639657697,25.0,JSWENERGY.NS,0.2342248661615365,0.01743866373012974,0.0,0.02312071307181278,0.0,0.018453980565806948,0.07708144990597647
STLTECH,Sterlite Technologies Limited,BUY,83.96528704939921,False,0.0,0.509,STLTECH.NS,1.3021,1.2024,742,SECE639E0FD,Sterlite Technologies Limited,Communication Equipment,585.7000122070312,26.380853444640252,0.3951882544977081,1.9162518566354536,5.094693251891728,6.754534908950301,0.6509544477116961,0.6508596017568533,32.91785975864956,-0.8033562931309681,387.7445977783203,190.47104919433596,0.5105304253442755,2.0750080638735118,651.5999755859375,-0.1011356136403275,1589795407.057701,2862371.65,2026-06-12,1.0.0,STLTECH.NS,584.8214,14.082085,0.026300002,0.1569222248207391,85.626,12.856,,1.4552845528455285,0.09368,0.0117999995,286456762258.9224,2026-06-19,1659529948.324629,Technology,1.0,0.9949933244325768,0.3355030720987248,0.013678905687544997,0.94979969978422,0.9979973297730307,0.2963951935914553,0.8865153538050734,1.0,0.8865153538050734,0.8754301445285616,0.8181818181818182,0.16001346035959502,0.15811388300841897,0.12900716535414297,30,0.6132058684086713,0.04065557686725503,0.1293246741800865,0.03620219834746832,0.05,0.011465937404069737,0.95,0.014499984600777352,,0.0,BUY,29.063158695235956,2.020470027160733,11.0,STLTECH.NS,0.33822893630174905,0.00492714860789502,0.0,0.028749287367903886,0.0,0.025224596152779413,0.09561253741843288
BHARTIARTL,Bharti Airtel Limited,HOLD,50.33377837116155,False,0.0,0.2684,BHARTIARTL.NS,0.8122,0.8741,742,SEC3536398B,Bharti Airtel Limited,Telecom Services,1817.0,30.03405136278212,-0.0463944700752518,0.0087159000423548,-0.1209482341557813,-0.013413392182199,0.1542281718625213,0.2412815183910893,34.200003487723215,-0.1876820231691456,1839.6199975585937,1953.0025024414065,-0.0122960163450132,-0.0696376488362879,2162.699951171875,-0.1598464692175883,16385545345.77744,8893065.8,2026-06-12,1.0.0,BHARTIARTL.NS,42.70264,7.4177356,0.19358999,0.3168960742536857,99.718,0.157,-0.34,-0.2044605898778463,0.32227,0.12652999,11056629986929.332,2026-06-19,14281002023.458372,Communication Services,1.0,0.3666555407209613,0.8620402640938284,0.30885529157667385,0.30045288574639134,0.5160213618157543,0.9773030707610146,0.9959946595460614,1.0,0.9959946595460614,0.5430144528561597,0.18181818181818182,0.289567070119196,0.2672612419124244,0.12614874339141668,31,2.0,0.03273395956458709,0.030341139078827687,0.047958062166019236,0.07,0.015320915777209402,1.05,0.0018151665141218146,,0.0,BUY,30.922396661087518,1.3047721683885172,16.0,BHARTIARTL.NS,0.037028393117216465,0.1901775982473332,0.0,0.017679375613616065,0.0,0.04426674486650963,0.05797893660683014
TATATECH,Tata Technologies Limited,BUY,73.68491321762349,False,0.0,0.2794,TATATECH.NS,0.8947,0.9295,631,SEC491A2BE6,Tata Technologies Limited,Information Technology Services,760.2999877929688,26.445458792894154,0.2254008749044436,0.3777294942990716,0.1818747119853105,-0.0194365092921966,0.3842445659186859,0.3897375881280768,25.850006103515625,-0.602294220358268,638.8379956054688,647.2814990234375,0.1901295680955583,0.1746048495747889,779.5999755859375,-0.0247562703917006,1319882083.1550934,1833480.6,2026-06-12,1.0.0,TATATECH.NS,55.560505,8.512284,0.1457,0.1496342137487676,23.908,0.223,0.082,-0.1925696137085457,0.13065,0.09928001,305574299709.8126,2026-06-19,1196488693.907041,Technology,1.0,0.7903871829105474,0.543540801013617,0.210943124550036,0.4334611591970526,0.9492656875834445,0.9709612817089452,0.8518024032042724,1.0,0.8518024032042724,0.8699242945629732,0.8181818181818182,0.19622137077877094,0.15811388300841897,0.12334370939968002,32,0.5,0.09020616375928261,0.1293246741800865,0.036010380368968226,0.07,0.041147156553081675,0.95,0.04178894481378581,,0.05,BUY,55.0,3.6842456608811744,1.0,TATATECH.NS,0.1275347001967954,0.005255976411765796,0.0068041017800793135,0.028557521613975515,0.0,0.0249579983911911,0.08333171344036795
CUPID,Cupid Limited,BUY,79.66955941255007,True,0.0186212549529847,0.4907,CUPID.NS,0.7235,0.8147,742,SECF5E25039,Cupid Limited,Household & Personal Products,159.83999633789062,26.092015553981494,0.3280159149828352,0.9648432616595392,1.0513347034650495,6.882434031960835,0.354536485298988,0.4335379270935955,4.957858494349888,-0.5792477794588076,119.32879943847657,80.54098993301392,0.3394922021343287,0.9845794851892165,159.83999633789062,0.0,2129550510.7044053,15858232.25,2026-06-12,1.0.0,CUPID.NS,222.41772,52.341377,0.27297002,0.2825830209658916,12.506,1.124,2.142,1.647125866104468,0.30211002,0.2894,214594396188.70544,2026-06-19,2388459783.7025366,Consumer Defensive,1.0,0.983644859813084,0.8800568175477673,0.035277177825773935,0.9339291930325332,0.9913217623497997,0.37783711615487314,0.9152202937249666,1.0,0.9152202937249666,0.9772883688919477,0.45454545454545453,0.16883308288542936,0.14907119849998599,0.12201993642956127,33,0.8825496384100203,0.026439910960838302,0.07692016254563591,0.042000438599749126,0.05,0.008099224608472518,0.95,0.01167972885954385,0.0186212549529847,0.0,BUY,14.275307712585683,0.7389596788775289,32.0,CUPID.NS,0.058856119629310574,0.0036910927572641685,0.0009705237687857379,0.03357887194029157,0.0186212549529847,0.03395173607183956,0.10579470827824826
VBL,Varun Beverages Limited,BUY,70.92790387182912,False,0.0,0.3644,VBL.NS,0.8603,0.9064,742,SEC7FD396ED,Varun Beverages Limited,Beverages - Non-Alcoholic,522.2000122070312,28.196994731956167,0.0365224788802969,0.273208698425931,0.1065702391715821,0.0999551441461954,0.2072004565199835,0.3311732956018296,12.035709926060267,-0.430943713375661,497.1777813720703,470.30710372924807,0.050328537944529,0.1103383471487122,539.4500122070312,-0.0319770129013914,2921565582.0475893,5529842.1,2026-06-12,1.0.0,VBL.NS,56.764084,9.226824,,0.2412367651501816,12.705,0.181,0.2,0.1702961459289232,0.18491,0.14024,1761161643468.5947,2026-06-19,3351890211.177251,Consumer Defensive,1.0,0.7106141522029372,0.7570496599404928,0.20518358531317496,0.5470807348712694,0.9032042723631508,0.8251001335113485,0.9465954606141522,1.0,0.9465954606141522,0.8857536132140399,0.45454545454545453,0.21159818125115332,0.14907119849998599,0.12108026597503899,34,1.2385427270116391,0.04440365585536241,0.07692016254563591,0.04120517766634008,0.07,0.017421225127462487,1.05,0.013740399518257418,,0.046056310642911664,BUY,51.05631064291167,3.266677573971539,3.0,VBL.NS,0.08853110391768443,0.03029254771807751,0.005865896157296725,0.029979587191119286,0.0,0.032678184239425576,0.08558103920998113
LUPIN,Lupin Limited,HOLD,62.31975967957276,False,0.0,0.2965,LUPIN.NS,0.6116,0.7397,742,SECA4B202D6,Lupin Limited,Drug Manufacturers - Specialty & Generic,2288.60009765625,27.6746051119608,0.0054477404228001,-0.0291434903274309,0.11345733501621,0.148660316838693,0.1106207925411215,0.2197021673385093,35.86427525111607,-0.5175823697700643,2296.5679833984377,2147.463994750977,-0.0034694752342566,0.0657222208382775,2460.10009765625,-0.0697126105410869,2081111362.842932,916834.35,2026-06-12,1.0.0,LUPIN.NS,20.03866,4.747734,0.26907,0.3173236482653725,29.388,0.319,0.89,0.625063230965194,0.24244,0.19073999,1044547728492.0,2026-06-19,2825463222.393157,Healthcare,1.0,0.5440587449933244,0.8771476503256904,0.6904247660187185,0.8009345854482827,0.7583444592790387,0.9479305740987984,0.931909212283044,1.0,0.931909212283044,0.9683413626978665,0.9090909090909091,0.22364705555871947,0.11785113019775793,0.1204752446608665,35,1.0440249244633926,0.11694545128356237,0.15614290338247178,0.04357540250002991,0.07,0.05088441839756844,1.0440249244633926,0.01769621335139878,,0.05,BUY,55.0,3.115987983978638,4.0,LUPIN.NS,0.03642572167843279,0.01796655748579368,0.007060937093608902,0.033267253919590636,0.0,0.03654577276554799,0.08712143309662793
LAURUSLABS,Laurus Labs Limited,BUY,77.716955941255,True,0.0214305474044527,0.3768,LAURUSLABS.NS,1.0131,1.0088,742,SECA722432A,Laurus Labs Limited,Drug Manufacturers - Specialty & Generic,1392.199951171875,27.351054756151576,0.0518283294433949,0.3312819392222841,0.3684073365501081,1.092783879718851,0.2264039280189567,0.3058966563944535,33.028573172433035,-0.5888896301763493,1239.9136376953124,1044.2760864257812,0.1228200971800137,0.33317229923068,1446.800048828125,-0.0377385235095028,2304859375.517785,1670134.6,2026-06-12,1.0.0,LAURUSLABS.NS,85.04842,14.312928,0.17743,0.2587975715266385,46.369,0.053,0.194,1.4804364813574458,0.21624,0.13046,755809166617.0,2026-06-19,3187301977.7396126,Healthcare,1.0,0.8513017356475301,0.7891058150067556,0.10727141828653708,0.57265691995776,0.9826435246995995,0.7853805073431241,0.9405874499332443,1.0,0.9405874499332443,0.93805918788713,0.9090909090909091,0.20199666223678847,0.11785113019775793,0.11902509457831156,36,1.1777264273619306,0.0831249636974501,0.15614290338247178,0.041261426759527604,0.07,0.030639167833409146,1.05,0.01568724907435952,0.0214305474044527,0.0285694525955473,BUY,33.569452595547304,2.2203308886339226,8.0,LAURUSLABS.NS,0.07946492890545451,0.01300016118930093,0.006939017053685594,0.0319464832361367,0.0214305474044527,0.032767462963126735,0.09315276193956555
NESTLEIND,Nestlé India Limited,HOLD,67.09946595460615,True,0.0224387385352618,0.2193,NESTLEIND.NS,0.51,0.6717,742,SEC8467BBC9,Nestlé India Limited,Packaged Foods,1383.0,28.63888745549717,-0.0332051730164277,0.1328636506261402,0.1498114455274561,0.1485673392667257,0.1872004130667569,0.2405442069259737,29.421412876674108,-0.2197786903111088,1388.292001953125,1279.3700634765626,-0.0038118795942639,0.081000751449376,1486.0999755859375,-0.0693762043467414,2801292064.615503,1980273.2,2026-06-12,1.0.0,NESTLEIND.NS,77.77225,52.60816,0.76338995,,8.621,0.23,0.274,,0.2296,0.15139,2739749080011.9727,2026-06-19,2091998974.6246345,Consumer Defensive,1.0,0.6033044058744993,0.8978650090832292,0.12455003599712024,0.6360374577299922,0.8371161548731643,0.9946595460614153,0.9058744993324432,1.0,0.9058744993324432,0.887130075705437,0.45454545454545453,0.23803312519373754,0.14907119849998599,0.118880615661449,37,0.7730056629829549,0.08337146353875588,0.07692016254563591,0.04375479988747312,0.07,0.03957834522819942,0.95,0.023900585328428016,0.0224387385352618,0.0,BUY,32.56126146473821,1.8493459253191993,13.0,NESTLEIND.NS,0.02239820350804784,0.047124566929793915,0.0014301133476881441,0.030172653019508208,0.0224387385352618,0.03684730581212195,0.08350732806739719
APOLLOHOSP,Apollo Hospitals Enterprise Limited,HOLD,69.70293724966622,True,0.0229921229331528,0.3135,APOLLOHOSP.NS,0.6236,0.7478,742,SECC2E751BE,Apollo Hospitals Enterprise Limited,Medical Care Facilities,8511.0,27.83347061203649,0.0530157748221467,0.1236385239949831,0.2142622378669758,0.2333898448884119,0.1818789946998076,0.2119450438621114,159.60714285714286,-0.3853625610103804,7941.54,7578.87806640625,0.0717064952137747,0.1229894352998535,8524.0,-0.0015251055842327,3880171828.7,468631.2,2026-06-12,1.0.0,APOLLOHOSP.NS,62.499077,12.802706,0.21503,0.2398444967293644,85.146,0.181,0.356,0.3429006155335777,0.11908,0.07696,1224398246683.5,2026-06-19,4458708527.745579,Healthcare,1.0,0.7192923898531376,0.7129463903958201,0.17638588912886968,0.6397734582089196,0.8838451268357811,0.9205607476635514,0.9679572763684913,1.0,0.9679572763684913,0.8967653131452168,0.9090909090909091,0.24029814390169318,0.11785113019775793,0.11875765573849636,38,1.647518465995495,0.1195088713897717,0.15614290338247178,0.04124834892900784,0.07,0.05099000460898759,1.05,0.011214009547576571,0.0229921229331528,0.0,BUY,32.0078770668472,1.88252836043715,12.0,APOLLOHOSP.NS,0.0899913066109104,0.021060044346946825,0.0014610192927769477,0.031040357385616207,0.0229921229331528,0.0327466949262524,0.08575083263240887
GAIL,GAIL (India) Limited,HOLD,59.692923898531376,False,0.0,0.345,GAIL.NS,1.4416,1.2959,742,SEC9D947BA6,GAIL (India) Limited,Utilities - Regulated Gas,169.3300018310547,27.728013388052272,0.0444087875865195,0.1114538565623808,0.0392097810658773,-0.1024936485466893,0.2905254836147041,0.2919257934874293,3.649998256138393,-0.395214275427625,161.75,164.83463188171388,0.0468624533604618,0.0272719992032177,192.92901611328125,-0.1223196736170055,1913643589.4617944,11655843.85,2026-06-12,1.0.0,GAIL.NS,15.073721,1.2821932,0.08688,0.098163169497501,27.809,-0.024,-0.403,-0.3909564812286141,0.02754,0.05355,1101851858613.2705,2026-06-19,2745295381.08792,Utilities,1.0,0.5704272363150867,0.22809069970774487,0.7984161267098632,0.14293553866635714,0.7069425901201603,0.8664886515353805,0.9299065420560748,1.0,0.9299065420560748,0.6077081899518239,0.2727272727272727,0.2016465686278939,0.23570226039551587,0.11801788075627209,39,1.0144024456430163,0.02724373530031712,0.04661169660642182,0.028412258806929568,0.07,0.010952998686717114,1.0144024456430163,0.010190028471326287,,0.0,BUY,32.97463809548646,1.66988794292283,14.0,GAIL.NS,0.266308708600828,0.018952206987404838,0.0,0.020972653430230668,0.0,0.015653044297310154,0.06079520672883969
CASTROLIND,Castrol India Limited,HOLD,49.35914552736983,False,0.0,0.3247,CASTROLIND.NS,0.9534,0.9688,742,SEC263BA656,Castrol India Limited,Oil & Gas Refining & Marketing,182.8000030517578,25.92077597589246,0.007495594091996,0.0133653629477847,0.0077183101529716,-0.1430466314275628,0.071609979289732,0.1239514850447216,1.8207146780831476,-0.3839912410075261,182.6350003051758,185.32622276306157,0.000903456327135,-0.0136312048755964,218.60055541992188,-0.1637715526357781,133110582.36826782,726460.2,2026-06-12,1.0.0,CASTROLIND.NS,19.120619,9.653862,,0.6852279123335112,3.305,0.087,0.038,0.0244815202269124,0.19521,0.16386,180821460604.19043,2026-06-19,539014957.8603736,Energy,1.0,0.4449265687583444,0.8693911116112201,0.7055435565154787,0.373212602509454,0.493324432576769,0.9052069425901201,0.7423230974632844,0.9516520179130455,0.706433273644397,0.7013076393668273,1.0,0.17354951661463008,0.20851441405707477,0.11760398867891804,40,0.5,0.08832292010324158,0.16524651129512263,0.0025027967060533302,0.07,0.02250616413032408,0.95,0.03982059673208952,,0.0,BUY,26.463897269522167,1.0594396289108607,21.0,CASTROLIND.NS,0.04240870605983684,0.003110187383491348,0.0,0.023700553492390253,0.0,0.016993223054087736,0.06498828421338936
