Symbol,First_Date,Last_Date,History_Days,Last_Close
20MICRONS.NS,2020-01-01,2026-06-19,1602,184.13999938964844
360ONE.NS,2020-01-01,2026-06-19,1602,1145.0999755859375
3MINDIA.NS,2020-01-01,2026-06-19,1601,33125.0
5PAISA.NS,2020-01-01,2026-06-19,1602,325.20001220703125
63MOONS.NS,2020-01-01,2026-06-19,1603,670.4500122070312
AADHARHFC.NS,2024-05-15,2026-06-19,522,515.0999755859375
AARTIDRUGS.NS,2020-01-01,2026-06-19,1603,370.3500061035156
AARTIIND.NS,2020-01-01,2026-06-19,1603,484.5
AARTIPHARM.NS,2023-01-30,2026-06-19,837,691.7999877929688
AARTISURF.NS,2020-07-14,2026-06-19,1470,386.70001220703125
AAVAS.NS,2020-01-01,2026-06-19,1603,1471.9000244140625
ABB.NS,2020-01-01,2026-06-19,1603,7248.0
ABBOTINDIA.NS,2020-01-01,2026-06-19,1603,26215.0
ABCAPITAL.NS,2020-01-01,2026-06-19,1603,375.8999938964844
ABDL.NS,2024-07-02,2026-06-19,489,631.25
ABFRL.NS,2020-01-01,2026-06-19,1603,60.63999938964844
ABREL.NS,2020-01-01,2026-06-19,1603,1279.5
ABSLAMC.NS,2021-10-11,2026-06-19,1161,1180.5999755859375
ACC.NS,2020-01-01,2026-06-19,1603,1343.300048828125
ACCELYA.NS,2020-01-01,2026-06-19,1603,1127.699951171875
ACE.NS,2020-01-01,2026-06-19,1603,975.6500244140625
ACI.NS,2022-11-21,2026-06-19,885,527.75
ACMESOLAR.NS,2024-11-13,2026-06-19,397,337.6499938964844
ACUTAAS.NS,2021-09-14,2026-06-19,1180,3246.199951171875
ADANIENSOL.NS,2020-01-01,2026-06-19,1603,1507.4000244140625
ADANIENT.NS,2020-01-01,2026-06-19,1603,3038.39990234375
ADANIGREEN.NS,2020-01-01,2026-06-19,1603,1502.4000244140625
ADANIPORTS.NS,2020-01-01,2026-06-19,1603,1835.300048828125
ADANIPOWER.NS,2020-01-01,2026-06-19,1603,231.75999450683594
ADFFOODS.NS,2020-01-01,2026-06-19,1603,306.8500061035156
ADOR.NS,2020-01-01,2026-06-19,1603,1216.4000244140625
ADSL.NS,2020-01-01,2026-06-19,1603,123.83000183105469
ADVENZYMES.NS,2020-01-01,2026-06-19,1603,373.70001220703125
AEGISLOG.NS,2020-01-01,2026-06-19,1601,1007.7999877929688
AEGISVOPAK.NS,2025-06-02,2026-06-19,263,238.35000610351562
AEROENTER.NS,2022-11-21,2026-06-19,885,135.8699951171875
AEROFLEX.NS,2023-08-31,2026-06-19,692,507.25
AETHER.NS,2022-06-03,2026-06-19,1001,1162.300048828125
AFCONS.NS,2024-11-04,2026-06-19,404,313.45001220703125
AFFLE.NS,2020-01-01,2026-06-19,1603,1463.699951171875
AFSL.NS,2022-12-23,2026-06-19,860,201.02000427246094
AGARIND.NS,2020-01-01,2026-06-19,1601,547.7999877929688
AGARWALEYE.NS,2025-02-04,2026-06-19,338,466.6499938964844
AGI.NS,2020-01-01,2026-06-19,1602,731.1500244140625
AGIIL.NS,2024-07-15,2026-06-19,481,375.6499938964844
AHLUCONT.NS,2020-01-01,2026-06-19,1603,838.7999877929688
AIAENG.NS,2020-01-01,2026-06-19,1601,4687.0
AIIL.NS,2024-04-23,2026-06-19,537,543.7999877929688
AJANTPHARM.NS,2020-01-01,2026-06-19,1602,3065.199951171875
AJAXENGG.NS,2025-02-17,2026-06-19,330,549.9500122070312
AJMERA.NS,2020-01-01,2026-06-19,1603,140.94000244140625
AKUMS.NS,2024-08-06,2026-06-19,463,604.7000122070312
ALBERTDAVD.NS,2020-01-01,2026-06-19,1601,711.1500244140625
ALEMBICLTD.NS,2020-01-01,2026-06-19,1603,89.9800033569336
ALICON.NS,2020-01-01,2026-06-19,1601,651.1500244140625
ALIVUS.NS,2021-08-06,2026-06-19,1204,1070.300048828125
ALKEM.NS,2020-01-01,2026-06-19,1602,5373.5
ALKYLAMINE.NS,2020-01-01,2026-06-19,1603,1845.4000244140625
ALLDIGI.NS,2020-01-01,2026-06-19,1600,815.6500244140625
AMBER.NS,2020-01-01,2026-06-19,1603,7889.0
AMBIKCO.NS,2020-01-01,2026-06-19,1602,1679.0999755859375
AMBUJACEM.NS,2020-01-01,2026-06-19,1603,423.95001220703125
AMRUTANJAN.NS,2020-01-01,2026-06-19,1603,545.4500122070312
ANANDRATHI.NS,2021-12-14,2026-06-19,1118,1867.5
ANANTRAJ.NS,2020-01-01,2026-06-19,1603,520.2000122070312
ANDHRAPAP.NS,2020-01-01,2026-06-19,1602,63.2599983215332
ANDHRSUGAR.NS,2020-01-01,2026-06-19,1603,84.41999816894531
ANGELONE.NS,2020-10-05,2026-06-19,1414,353.70001220703125
ANTELOPUS.NS,2020-01-01,2026-06-19,1603,775.2000122070312
ANUP.NS,2020-01-01,2026-06-19,1602,2246.0
ANURAS.NS,2021-03-24,2026-06-19,1295,1277.0999755859375
APARINDS.NS,2020-01-01,2026-06-19,1603,16280.0
APCOTEXIND.NS,2020-01-01,2026-06-19,1602,546.6500244140625
APEX.NS,2020-01-01,2026-06-19,1603,419.75
APLAPOLLO.NS,2020-01-01,2026-06-19,1603,1871.5999755859375
APLLTD.NS,2020-01-01,2026-06-19,1603,763.0
APOLLO.NS,2020-01-01,2026-06-19,1603,433.1499938964844
APOLLOHOSP.NS,2020-01-01,2026-06-19,1603,8489.5
APOLLOPIPE.NS,2020-01-01,2026-06-19,1603,494.25
APOLLOTYRE.NS,2020-01-01,2026-06-19,1603,425.5
APTECHT.NS,2020-01-01,2026-06-19,1603,110.94999694824219
APTUS.NS,2021-08-24,2026-06-19,1194,269.75
ARE&M.NS,2020-01-01,2026-06-19,1603,844.6500244140625
ARIES.NS,2020-01-01,2026-06-19,1601,328.29998779296875
ARIHANTCAP.NS,2021-06-15,2026-06-19,1242,70.0199966430664
ARIHANTSUP.NS,2020-01-01,2026-06-19,1601,270.79998779296875
ARKADE.NS,2024-09-24,2026-06-19,431,114.25
ARMANFIN.NS,2020-01-01,2026-06-19,1602,1694.199951171875
ARROWGREEN.NS,2020-01-01,2026-06-19,1602,596.5
ARVIND.NS,2020-01-01,2026-06-19,1603,516.5999755859375
ARVINDFASN.NS,2020-01-01,2026-06-19,1603,484.04998779296875
ARVSMART.NS,2020-01-01,2026-06-19,1602,610.7000122070312
ASAHIINDIA.NS,2020-01-01,2026-06-19,1603,846.3499755859375
ASAL.NS,2020-01-01,2026-06-19,1603,509.95001220703125
ASALCBR.NS,2020-02-12,2026-06-19,1572,843.8499755859375
ASHAPURMIN.NS,2020-01-01,2026-06-19,1603,708.1500244140625
ASHIANA.NS,2020-01-01,2026-06-19,1603,383.8500061035156
ASHOKA.NS,2020-01-01,2026-06-19,1603,135.16000366210938
ASHOKLEY.NS,2020-01-01,2026-06-19,1603,156.66000366210938
ASIANENE.NS,2021-12-09,2026-06-19,1121,367.25
ASIANPAINT.NS,2020-01-01,2026-06-19,1603,2732.89990234375
ASIANTILES.NS,2020-01-01,2026-06-19,1603,59.189998626708984
ASKAUTOLTD.NS,2023-11-15,2026-06-19,642,470.0
ASTEC.NS,2020-01-01,2026-06-19,1603,797.7000122070312
ASTERDM.NS,2020-01-01,2026-06-19,1603,809.4000244140625
ASTRAL.NS,2020-01-01,2026-06-19,1603,1542.0999755859375
ASTRAMICRO.NS,2020-01-01,2026-06-19,1603,1684.0999755859375
ASTRAZEN.NS,2020-01-01,2026-06-19,1602,8433.5
ATALREAL.NS,2020-11-19,2026-06-19,1379,30.719999313354492
ATGL.NS,2020-01-01,2026-06-19,1603,727.2999877929688
ATHERENERG.NS,2025-05-06,2026-06-19,282,971.7000122070312
ATL.NS,2023-08-10,2026-06-19,703,24.459999084472656
ATUL.NS,2020-01-01,2026-06-19,1603,6482.0
ATULAUTO.NS,2020-01-01,2026-06-19,1603,473.95001220703125
AUBANK.NS,2020-01-01,2026-06-19,1603,1033.050048828125
AURIONPRO.NS,2020-01-01,2026-06-19,1603,876.4000244140625
AUROPHARMA.NS,2020-01-01,2026-06-19,1602,1497.800048828125
AURUM.NS,2020-01-01,2026-06-19,1603,203.91000366210938
AUTOAXLES.NS,2020-01-01,2026-06-19,1602,1793.300048828125
AUTOIND.NS,2020-01-01,2026-06-19,1602,79.06999969482422
AVADHSUGAR.NS,2020-01-01,2026-06-19,1602,448.45001220703125
AVALON.NS,2023-04-18,2026-06-19,786,1744.5999755859375
AVANTEL.NS,2024-07-31,2026-06-19,469,179.9199981689453
AVANTIFEED.NS,2020-01-01,2026-06-19,1602,967.7000122070312
AVL.NS,2024-11-06,2026-06-19,400,629.9000244140625
AVTNPL.NS,2020-01-01,2026-06-19,1601,72.16999816894531
AWFIS.NS,2024-05-30,2026-06-19,512,304.1000061035156
AWHCL.NS,2021-01-01,2026-06-19,1352,474.5
AWL.NS,2022-02-08,2026-06-19,1079,184.30999755859375
AXISBANK.NS,2020-01-01,2026-06-19,1603,1357.9000244140625
AXISCADES.NS,2020-01-01,2026-06-19,1603,1943.199951171875
AYMSYNTEX.NS,2020-01-01,2026-06-19,1602,215.25
AZAD.NS,2023-12-28,2026-06-19,613,2095.199951171875
BAJAJ-AUTO.NS,2020-01-01,2026-06-19,1603,10066.0
BAJAJCON.NS,2020-01-01,2026-06-19,1603,625.25
BAJAJELEC.NS,2020-01-01,2026-06-19,1603,325.6499938964844
BAJAJFINSV.NS,2020-01-01,2026-06-19,1603,1769.4000244140625
BAJAJHCARE.NS,2021-11-25,2026-06-19,1131,312.95001220703125
BAJAJHFL.NS,2024-09-16,2026-06-19,438,88.36000061035156
BAJAJHLDNG.NS,2020-01-01,2026-06-19,1603,10677.0
BAJAJINDEF.NS,2025-02-21,2026-06-19,326,248.85000610351562
BAJEL.NS,2023-12-19,2026-06-19,619,204.67999267578125
BAJFINANCE.NS,2020-01-01,2026-06-19,1603,961.7999877929688
BALAJITELE.NS,2020-01-01,2026-06-19,1602,89.66000366210938
BALAMINES.NS,2020-01-01,2026-06-19,1603,2138.199951171875
BALKRISIND.NS,2020-01-01,2026-06-19,1602,2243.699951171875
BALMLAWRIE.NS,2020-01-01,2026-06-19,1603,181.44000244140625
BALRAMCHIN.NS,2020-01-01,2026-06-19,1603,531.5999755859375
BALUFORGE.NS,2024-04-29,2026-06-19,533,448.75
BANCOINDIA.NS,2020-01-01,2026-06-19,1602,663.0499877929688
BANDHANBNK.NS,2020-01-01,2026-06-19,1603,208.08999633789062
BANKBARODA.NS,2020-01-01,2026-06-19,1603,281.04998779296875
BANKINDIA.NS,2020-01-01,2026-06-19,1603,146.57000732421875
BANSALWIRE.NS,2024-07-10,2026-06-19,482,306.75
BANSWRAS.NS,2020-01-01,2026-06-19,1601,137.7899932861328
BASF.NS,2020-01-01,2026-06-19,1603,3503.699951171875
BATAINDIA.NS,2020-01-01,2026-06-19,1603,747.7000122070312
BAYERCROP.NS,2020-01-01,2026-06-19,1603,4269.5
BBL.NS,2020-01-01,2026-06-19,1603,2801.60009765625
BBOX.NS,2020-01-01,2026-06-19,1603,1023.0
BBTC.NS,2020-01-01,2026-06-19,1603,1537.5999755859375
BCLIND.NS,2021-03-04,2026-06-19,1308,37.150001525878906
BDL.NS,2020-01-01,2026-06-19,1603,1373.4000244140625
BECTORFOOD.NS,2020-12-24,2026-06-19,1357,190.32000732421875
BEL.NS,2020-01-01,2026-06-19,1603,426.8999938964844
BELRISE.NS,2025-05-28,2026-06-19,266,241.08999633789062
BEML.NS,2020-01-01,2026-06-19,1603,1749.300048828125
BEPL.NS,2020-01-01,2026-06-19,1603,105.86000061035156
BERGEPAINT.NS,2020-01-01,2026-06-19,1603,550.7000122070312
BFINVEST.NS,2020-01-01,2026-06-19,1602,458.0
BFUTILITIE.NS,2020-01-01,2026-06-19,1603,659.5
BGRENERGY.NS,2020-01-01,2026-06-19,1601,331.6499938964844
BHAGCHEM.NS,2021-10-18,2026-06-19,1155,279.260009765625
BHAGERIA.NS,2020-01-01,2026-06-19,1602,224.6699981689453
BHAGYANGR.NS,2020-01-01,2026-06-19,1603,388.04998779296875
BHARATFORG.NS,2020-01-01,2026-06-19,1602,2041.4000244140625
BHARATGEAR.NS,2020-01-01,2026-06-19,1603,137.0500030517578
BHARATRAS.NS,2020-01-01,2026-06-19,1602,1422.300048828125
BHARATSE.NS,2025-03-25,2026-06-19,307,191.30999755859375
BHARATWIRE.NS,2020-01-01,2026-06-19,1603,214.57000732421875
BHARTIARTL.NS,2020-01-01,2026-06-19,1603,1910.800048828125
BHARTIHEXA.NS,2024-04-12,2026-06-19,543,1494.5
BHEL.NS,2020-01-01,2026-06-19,1603,414.3500061035156
BIGBLOC.NS,2020-01-01,2026-06-19,1603,49.40999984741211
BIKAJI.NS,2022-11-16,2026-06-19,888,660.2000122070312
BIOCON.NS,2020-01-01,2026-06-19,1603,415.5
BIRLACABLE.NS,2020-01-01,2026-06-19,1602,227.35000610351562
BIRLACORPN.NS,2020-01-01,2026-06-19,1602,1018.2999877929688
BIRLAMONEY.NS,2020-01-01,2026-06-19,1602,144.39999389648438
BIRLANU.NS,2020-01-01,2026-06-19,1601,1423.0999755859375
BLACKBUCK.NS,2024-11-22,2026-06-19,391,574.0499877929688
BLAL.NS,2023-04-19,2026-06-19,785,182.77000427246094
BLISSGVS.NS,2020-01-01,2026-06-19,1603,486.29998779296875
BLKASHYAP.NS,2020-01-01,2026-06-19,1603,54.470001220703125
BLS.NS,2020-01-01,2026-06-19,1603,267.45001220703125
BLSE.NS,2024-02-06,2026-06-19,587,227.02999877929688
BLUEDART.NS,2020-01-01,2026-06-19,1603,4968.7998046875
BLUEJET.NS,2023-11-01,2026-06-19,651,512.5999755859375
BLUESTARCO.NS,2020-01-01,2026-06-19,1603,1668.300048828125
BODALCHEM.NS,2020-01-01,2026-06-19,1602,70.6500015258789
BOMDYEING.NS,2020-01-01,2026-06-19,1603,135.0
BORANA.NS,2025-05-27,2026-06-19,265,307.6000061035156
BOROLTD.NS,2020-07-22,2026-06-19,1466,231.25
BORORENEW.NS,2020-01-01,2026-06-19,1603,598.25
BOROSCI.NS,2024-06-07,2026-06-19,505,154.7100067138672
BOSCH-HCIL.NS,2020-01-01,2026-06-19,1603,1382.800048828125
BOSCHLTD.NS,2020-01-01,2026-06-19,1602,40195.0
BPCL.NS,2020-01-01,2026-06-19,1603,306.6000061035156
BPL.NS,2020-01-01,2026-06-19,1603,54.439998626708984
BRIGADE.NS,2020-01-01,2026-06-19,1603,545.4500122070312
BRITANNIA.NS,2020-01-01,2026-06-19,1603,5195.0
BSE.NS,2020-01-01,2026-06-19,1603,4020.199951171875
BSOFT.NS,2020-01-01,2026-06-19,1603,326.3999938964844
BUTTERFLY.NS,2020-01-01,2026-06-19,1602,649.5999755859375
CAMLINFINE.NS,2020-01-01,2026-06-19,1602,140.27999877929688
CAMPUS.NS,2022-05-09,2026-06-19,1020,237.4499969482422
CAMS.NS,2020-10-05,2026-06-19,1414,823.1500244140625
CANBK.NS,2020-01-01,2026-06-19,1603,133.74000549316406
CANFINHOME.NS,2020-01-01,2026-06-19,1603,885.3499755859375
CANTABIL.NS,2020-01-01,2026-06-19,1601,227.19000244140625
CAPACITE.NS,2020-01-01,2026-06-19,1603,233.75999450683594
CAPITALSFB.NS,2024-02-14,2026-06-19,579,285.5
CAPLIPOINT.NS,2020-01-01,2026-06-19,1602,2503.5
CARBORUNIV.NS,2020-01-01,2026-06-19,1602,1241.699951171875
CARERATING.NS,2020-01-01,2026-06-19,1602,1713.300048828125
CARRARO.NS,2024-12-30,2026-06-19,365,560.5499877929688
CARTRADE.NS,2021-08-20,2026-06-19,1196,2558.60009765625
CARYSIL.NS,2021-01-14,2026-06-19,1343,1199.300048828125
CASTROLIND.NS,2020-01-01,2026-06-19,1603,185.8000030517578
CCL.NS,2020-01-01,2026-06-19,1603,1137.300048828125
CDSL.NS,2020-01-01,2026-06-19,1603,1370.300048828125
CEATLTD.NS,2020-01-01,2026-06-19,1603,3450.0
CEIGALL.NS,2024-08-08,2026-06-19,462,374.6000061035156
CELLO.NS,2023-11-06,2026-06-19,646,390.20001220703125
CEMPRO.NS,2020-01-01,2026-06-19,1603,1252.0
CENTENKA.NS,2020-01-01,2026-06-19,1602,524.8499755859375
CENTRALBK.NS,2020-01-01,2026-06-19,1603,32.84000015258789
CENTRUM.NS,2020-01-01,2026-06-19,1603,21.829999923706055
CENTUM.NS,2020-01-01,2026-06-19,1601,3539.0
CENTURYPLY.NS,2020-01-01,2026-06-19,1602,758.5
CERA.NS,2020-01-01,2026-06-19,1602,6448.0
CESC.NS,2020-01-01,2026-06-19,1603,168.89999389648438
CEWATER.NS,2024-12-27,2026-06-19,367,350.54998779296875
CGCL.NS,2020-01-01,2026-06-19,1603,220.9600067138672
CGPOWER.NS,2020-01-01,2026-06-19,1603,963.7000122070312
CHALET.NS,2020-01-01,2026-06-19,1603,802.3499755859375
CHAMBLFERT.NS,2020-01-01,2026-06-19,1603,484.20001220703125
CHEMCON.NS,2020-10-01,2026-06-19,1413,192.60000610351562
CHEMFAB.NS,2020-01-01,2026-06-19,1601,379.8999938964844
CHEMPLASTS.NS,2021-08-24,2026-06-19,1194,214.47000122070312
CHENNPETRO.NS,2020-01-01,2026-06-19,1603,1097.800048828125
CHOICEIN.NS,2022-04-08,2026-06-19,1037,726.0999755859375
CHOLAFIN.NS,2020-01-01,2026-06-19,1603,1693.4000244140625
CHOLAHLDNG.NS,2020-01-01,2026-06-19,1603,1583.9000244140625
CIEINDIA.NS,2020-01-01,2026-06-19,1601,464.0
CIFL.NS,2025-04-17,2026-06-19,291,25.549999237060547
CIPLA.NS,2020-01-01,2026-06-19,1603,1351.800048828125
CLEAN.NS,2021-07-19,2026-06-19,1218,782.1500244140625
CLSEL.NS,2021-05-12,2026-06-19,1263,295.3500061035156
CMSINFO.NS,2021-12-31,2026-06-19,1105,298.70001220703125
CNL.NS,2020-01-01,2026-06-19,1601,753.25
COALINDIA.NS,2020-01-01,2026-06-19,1603,451.29998779296875
COASTCORP.NS,2021-10-08,2026-06-19,1161,51.849998474121094
COCHINSHIP.NS,2020-01-01,2026-06-19,1603,1458.0
COFFEEDAY.NS,2020-01-01,2026-06-19,1602,34.439998626708984
COFORGE.NS,2020-01-01,2026-06-19,1603,1463.300048828125
COHANCE.NS,2020-03-09,2026-06-19,1556,405.8500061035156
COLPAL.NS,2020-01-01,2026-06-19,1603,1997.800048828125
COMSYN.NS,2024-01-23,2026-06-19,595,163.41000366210938
CONCOR.NS,2020-01-01,2026-06-19,1603,471.75
CONCORDBIO.NS,2023-08-18,2026-06-19,701,1315.0999755859375
CONFIPET.NS,2020-10-23,2026-06-19,1400,70.44000244140625
CONTROLPR.NS,2020-01-01,2026-06-19,1601,623.4500122070312
CORDSCABLE.NS,2020-01-01,2026-06-19,1602,217.82000732421875
COROMANDEL.NS,2020-01-01,2026-06-19,1603,2015.199951171875
COSMOFIRST.NS,2020-01-01,2026-06-19,1602,780.75
CRAFTSMAN.NS,2021-03-25,2026-06-19,1293,9806.5
CREDITACC.NS,2020-01-01,2026-06-19,1603,1406.4000244140625
CREST.NS,2020-01-01,2026-06-19,1601,402.1499938964844
CRISIL.NS,2020-01-01,2026-06-19,1603,4132.0
CROMPTON.NS,2020-01-01,2026-06-19,1603,275.25
CSBBANK.NS,2020-01-01,2026-06-19,1603,365.5
CSLFINANCE.NS,2022-07-21,2026-06-19,965,225.27999877929688
CUB.NS,2020-01-01,2026-06-19,1603,196.64999389648438
CUMMINSIND.NS,2020-01-01,2026-06-19,1603,5865.0
CUPID.NS,2020-01-01,2026-06-19,1603,176.9199981689453
CYBERTECH.NS,2020-01-01,2026-06-19,1602,150.0
CYIENT.NS,2020-01-01,2026-06-19,1603,859.0499877929688
CYIENTDLM.NS,2023-07-10,2026-06-19,729,473.6499938964844
DABUR.NS,2020-01-01,2026-06-19,1603,423.5
DALBHARAT.NS,2020-01-01,2026-06-19,1602,1717.199951171875
DALMIASUG.NS,2020-01-01,2026-06-19,1601,337.29998779296875
DAMCAPITAL.NS,2024-12-27,2026-06-19,368,154.88999938964844
DATAMATICS.NS,2020-01-01,2026-06-19,1603,801.5
DATAPATTNS.NS,2021-12-24,2026-06-19,1110,4822.10009765625
DBCORP.NS,2020-01-01,2026-06-19,1602,204.19000244140625
DBEIL.NS,2024-10-28,2026-06-19,409,9.430000305175781
DBL.NS,2020-01-01,2026-06-19,1601,439.5
DBOL.NS,2022-09-08,2026-06-19,934,117.38999938964844
DBREALTY.NS,2020-01-01,2026-06-19,1603,118.12000274658203
DCAL.NS,2020-01-01,2026-06-19,1602,170.72000122070312
DCBBANK.NS,2020-01-01,2026-06-19,1603,184.58999633789062
DCMSHRIRAM.NS,2020-01-01,2026-06-19,1602,1053.699951171875
DCW.NS,2020-01-01,2026-06-19,1603,49.599998474121094
DCXINDIA.NS,2022-11-11,2026-06-19,892,204.32000732421875
DDEVPLSTIK.NS,2025-01-15,2026-06-19,354,273.1700134277344
DECCANCE.NS,2020-01-01,2026-06-19,1601,569.0999755859375
DEEDEV.NS,2024-06-26,2026-06-19,493,703.0499877929688
DEEPAKFERT.NS,2020-01-01,2026-06-19,1603,1563.300048828125
DEEPAKNTR.NS,2020-01-01,2026-06-19,1602,1644.4000244140625
DEEPINDS.NS,2021-04-27,2026-06-19,1276,487.04998779296875
DELHIVERY.NS,2022-05-24,2026-06-19,1009,461.1000061035156
DELTACORP.NS,2020-01-01,2026-06-19,1603,65.94999694824219
DEN.NS,2020-01-01,2026-06-19,1601,33.08000183105469
DENORA.NS,2020-01-01,2026-06-19,1602,855.0
DENTA.NS,2025-01-29,2026-06-19,345,292.0
DEVYANI.NS,2021-08-16,2026-06-19,1199,116.91000366210938
DHAMPURSUG.NS,2020-01-01,2026-06-19,1603,141.13999938964844
DHANBANK.NS,2020-01-01,2026-06-19,1603,34.310001373291016
DHANUKA.NS,2020-01-01,2026-06-19,1601,1068.300048828125
DHARMAJ.NS,2022-12-08,2026-06-19,872,264.6000061035156
DIACABS.NS,2020-01-01,2026-06-19,1603,209.24000549316406
DIAMONDYD.NS,2020-01-01,2026-06-19,1601,1135.699951171875
DIFFNKG.NS,2024-10-04,2026-06-19,423,375.54998779296875
DIVGIITTS.NS,2023-03-14,2026-06-19,805,856.7000122070312
DIVISLAB.NS,2020-01-01,2026-06-19,1602,6743.0
DIXON.NS,2020-01-01,2026-06-19,1603,12517.0
DLF.NS,2020-01-01,2026-06-19,1603,624.5
DLINKINDIA.NS,2020-01-01,2026-06-19,1603,525.0499877929688
DMART.NS,2020-01-01,2026-06-19,1603,4286.89990234375
DMCC.NS,2021-12-01,2026-06-19,1125,251.25
DODLA.NS,2021-06-28,2026-06-19,1231,1108.9000244140625
DOLATALGO.NS,2020-01-01,2026-06-19,1602,76.94999694824219
DOLLAR.NS,2020-01-01,2026-06-19,1602,258.75
DOMS.NS,2023-12-20,2026-06-19,617,2274.10009765625
DONEAR.NS,2020-01-01,2026-06-19,1602,90.66000366210938
DPABHUSHAN.NS,2020-01-01,2026-06-19,1601,918.2999877929688
DREAMFOLKS.NS,2022-09-06,2026-06-19,936,70.7300033569336
DREDGECORP.NS,2020-01-01,2026-06-19,1603,1136.0
DRREDDY.NS,2020-01-01,2026-06-19,1603,1272.0999755859375
DSSL.NS,2020-01-01,2026-06-19,1602,1449.300048828125
DVL.NS,2020-01-01,2026-06-19,1601,241.72999572753906
DWARKESH.NS,2020-01-01,2026-06-19,1602,44.029998779296875
DYCL.NS,2022-07-27,2026-06-19,963,366.75
DYNAMATECH.NS,2020-01-01,2026-06-19,1602,10923.0
DYNPRO.NS,2020-01-01,2026-06-19,1602,232.1999969482422
E2E.NS,2020-01-01,2026-06-19,1603,425.8999938964844
ECLERX.NS,2020-01-01,2026-06-19,1603,1418.699951171875
ECOSMOBLTY.NS,2024-09-04,2026-06-19,446,136.6999969482422
EDELWEISS.NS,2020-01-01,2026-06-19,1603,124.70999908447266
EICHERMOT.NS,2020-01-01,2026-06-19,1603,7611.0
EIDPARRY.NS,2020-01-01,2026-06-19,1602,704.0999755859375
EIEL.NS,2024-11-29,2026-06-19,387,205.8699951171875
EIHAHOTELS.NS,2020-01-01,2026-06-19,1602,325.1000061035156
EIHOTEL.NS,2020-01-01,2026-06-19,1603,321.8500061035156
EIMCOELECO.NS,2020-01-01,2026-06-19,1601,1596.4000244140625
EKC.NS,2020-01-01,2026-06-19,1602,113.55000305175781
ELECON.NS,2020-01-01,2026-06-19,1603,539.0499877929688
ELECTCAST.NS,2020-01-01,2026-06-19,1603,81.33999633789062
ELECTHERM.NS,2020-01-01,2026-06-19,1602,1073.699951171875
ELGIEQUIP.NS,2020-01-01,2026-06-19,1603,612.75
ELIN.NS,2022-12-30,2026-06-19,856,106.47000122070312
EMAMILTD.NS,2020-01-01,2026-06-19,1603,413.5
EMBDL.NS,2020-01-01,2026-06-19,1603,62.13999938964844
EMCURE.NS,2024-07-10,2026-06-19,483,1776.0
EMIL.NS,2022-10-17,2026-06-19,909,120.86000061035156
EMKAY.NS,2020-01-01,2026-06-19,1602,290.3500061035156
EMSLIMITED.NS,2023-09-21,2026-06-19,678,350.1499938964844
EMUDHRA.NS,2022-06-01,2026-06-19,1002,459.8500061035156
ENDURANCE.NS,2020-01-01,2026-06-19,1603,2622.39990234375
ENGINERSIN.NS,2020-01-01,2026-06-19,1603,250.74000549316406
ENTERO.NS,2024-02-16,2026-06-19,578,1089.4000244140625
EPACK.NS,2024-01-30,2026-06-19,592,230.38999938964844
EPIGRAL.NS,2021-08-18,2026-06-19,1195,1127.5999755859375
EPL.NS,2020-01-01,2026-06-19,1602,229.57000732421875
EQUITASBNK.NS,2020-11-02,2026-06-19,1394,77.25
ERIS.NS,2020-01-01,2026-06-19,1601,1448.4000244140625
ESABINDIA.NS,2020-01-01,2026-06-19,1601,5829.0
ESAFSFB.NS,2023-11-10,2026-06-19,643,36.33000183105469
ESCORTS.NS,2020-01-01,2026-06-19,1603,2821.199951171875
ESSARSHPNG.NS,2020-01-01,2026-06-19,1602,24.239999771118164
ESTER.NS,2020-01-01,2026-06-19,1603,92.7300033569336
ETERNAL.NS,2021-07-23,2026-06-19,1215,264.29998779296875
ETHOSLTD.NS,2022-05-30,2026-06-19,1004,2380.89990234375
EUREKAFORB.NS,2024-09-11,2026-06-19,440,468.75
EVEREADY.NS,2020-01-01,2026-06-19,1602,368.8500061035156
EVERESTIND.NS,2020-01-01,2026-06-19,1601,378.3999938964844
EXCELINDUS.NS,2020-01-01,2026-06-19,1601,927.0499877929688
EXICOM.NS,2024-03-05,2026-06-19,567,172.52999877929688
EXIDEIND.NS,2020-01-01,2026-06-19,1603,380.75
EXPLEOSOL.NS,2020-01-01,2026-06-19,1601,810.4500122070312
FACT.NS,2020-01-01,2026-06-19,1603,884.8499755859375
FAIRCHEMOR.NS,2020-12-24,2026-06-19,1355,608.9000244140625
FAZE3Q.NS,2022-11-18,2026-06-19,886,597.5
FCL.NS,2020-01-01,2026-06-19,1603,43.52000045776367
FDC.NS,2020-01-01,2026-06-19,1602,389.3500061035156
FEDERALBNK.NS,2020-01-01,2026-06-19,1603,323.95001220703125
FEDFINA.NS,2023-11-30,2026-06-19,632,154.57000732421875
FIEMIND.NS,2020-01-01,2026-06-19,1603,2286.699951171875
FILATEX.NS,2020-01-01,2026-06-19,1602,54.86000061035156
FINCABLES.NS,2020-01-01,2026-06-19,1603,1164.300048828125
FINEORG.NS,2020-01-01,2026-06-19,1603,5285.7998046875
FINOPB.NS,2021-11-12,2026-06-19,1139,156.2100067138672
FINPIPE.NS,2020-01-01,2026-06-19,1601,175.5800018310547
FIRSTCRY.NS,2024-08-13,2026-06-19,461,215.75
FIVESTAR.NS,2022-11-21,2026-06-19,885,519.4500122070312
FLAIR.NS,2023-12-01,2026-06-19,630,279.3999938964844
FLUOROCHEM.NS,2020-01-01,2026-06-19,1603,3839.89990234375
FMGOETZE.NS,2020-01-01,2026-06-19,1601,454.04998779296875
FOCUS.NS,2020-01-01,2026-06-19,1600,92.20999908447266
FOODSIN.NS,2021-11-16,2026-06-19,1136,56.38999938964844
FORCEMOT.NS,2020-01-01,2026-06-19,1562,18637.0
FORTIS.NS,2020-01-01,2026-06-19,1603,962.9500122070312
FOSECOIND.NS,2020-01-01,2026-06-19,1602,5258.5
FSL.NS,2020-01-01,2026-06-19,1603,244.6999969482422
FUSION.NS,2022-11-15,2026-06-19,889,179.25999450683594
GABRIEL.NS,2020-01-01,2026-06-19,1603,1197.4000244140625
GAEL.NS,2020-01-01,2026-06-19,1603,159.97999572753906
GAIL.NS,2020-01-01,2026-06-19,1603,173.89999389648438
GALAPREC.NS,2024-09-09,2026-06-19,442,1060.3499755859375
GALAXYSURF.NS,2020-01-01,2026-06-19,1601,1945.4000244140625
GALLANTT.NS,2020-01-01,2026-06-19,1602,713.3499755859375
GANDHAR.NS,2023-11-30,2026-06-19,632,180.25999450683594
GANDHITUBE.NS,2020-01-01,2026-06-19,1601,852.2999877929688
GANECOS.NS,2020-01-01,2026-06-19,1603,927.5499877929688
GANESHBE.NS,2021-09-16,2026-06-19,1177,106.9800033569336
GANESHHOU.NS,2020-01-01,2026-06-19,1602,769.0
GARFIBRES.NS,2020-01-01,2026-06-19,1602,796.4000244140625
GARUDA.NS,2024-10-15,2026-06-19,418,170.16000366210938
GATEWAY.NS,2022-03-22,2026-06-19,1051,60.939998626708984
GAYAPROJ.NS,2020-01-01,2026-06-19,1603,23.520000457763672
GEECEE.NS,2020-01-01,2026-06-19,1602,353.75
GENESYS.NS,2020-01-01,2026-06-19,1603,350.75
GENUSPOWER.NS,2020-01-01,2026-06-19,1603,324.70001220703125
GEOJITFSL.NS,2020-01-01,2026-06-19,1602,78.3499984741211
GESHIP.NS,2020-01-01,2026-06-19,1603,1437.699951171875
GHCL.NS,2020-01-01,2026-06-19,1603,435.3999938964844
GHCLTEXTIL.NS,2023-06-12,2026-06-19,747,95.33000183105469
GICHSGFIN.NS,2020-01-01,2026-06-19,1602,163.7100067138672
GICRE.NS,2020-01-01,2026-06-19,1603,368.70001220703125
GILLETTE.NS,2020-01-01,2026-06-19,1603,7828.5
GIPCL.NS,2020-01-01,2026-06-19,1603,161.35000610351562
GLAND.NS,2020-11-20,2026-06-19,1379,2199.0
GLAXO.NS,2020-01-01,2026-06-19,1603,2332.0
GLENMARK.NS,2020-01-01,2026-06-19,1603,2213.60009765625
GLOBAL.NS,2020-01-01,2026-06-19,1601,107.37000274658203
GLOBUSSPR.NS,2020-01-01,2026-06-19,1602,889.5999755859375
GMBREW.NS,2020-01-01,2026-06-19,1603,920.3499755859375
GMDCLTD.NS,2020-01-01,2026-06-19,1603,612.9000244140625
GMMPFAUDLR.NS,2020-01-01,2026-06-19,1602,809.6500244140625
GMRAIRPORT.NS,2020-01-01,2026-06-19,1603,108.83000183105469
GMRP&UI.NS,2022-03-23,2026-06-19,1050,100.51000213623047
GNA.NS,2020-01-01,2026-06-19,1603,413.1499938964844
GNFC.NS,2020-01-01,2026-06-19,1603,567.6500244140625
GOACARBON.NS,2020-01-01,2026-06-19,1602,417.8999938964844
GOCLCORP.NS,2020-01-01,2026-06-19,1602,437.5
GOCOLORS.NS,2021-11-30,2026-06-19,1127,354.1000061035156
GODAVARIB.NS,2024-10-30,2026-06-19,406,294.04998779296875
GODFRYPHLP.NS,2020-01-01,2026-06-19,1603,2271.0
GODIGIT.NS,2024-05-23,2026-06-19,516,305.95001220703125
GODREJAGRO.NS,2020-01-01,2026-06-19,1603,574.9500122070312
GODREJCP.NS,2020-01-01,2026-06-19,1603,1000.5999755859375
GODREJIND.NS,2020-01-01,2026-06-19,1603,1112.4000244140625
GODREJPROP.NS,2020-01-01,2026-06-19,1603,1795.9000244140625
GOKEX.NS,2020-01-01,2026-06-19,1603,818.7000122070312
GOKULAGRO.NS,2020-01-01,2026-06-19,1603,221.77000427246094
GOODLUCK.NS,2020-01-01,2026-06-19,1602,1423.4000244140625
GOODYEAR.NS,2020-01-01,2026-06-19,1024,749.0499877929688
GOPAL.NS,2024-03-14,2026-06-19,560,283.79998779296875
GPIL.NS,2020-01-01,2026-06-19,1603,269.1000061035156
GPPL.NS,2020-01-01,2026-06-19,1603,153.0800018310547
GPTHEALTH.NS,2024-02-29,2026-06-19,568,147.82000732421875
GPTINFRA.NS,2020-01-01,2026-06-19,1602,121.38999938964844
GRANULES.NS,2020-01-01,2026-06-19,1602,786.9000244140625
GRAPHITE.NS,2020-01-01,2026-06-19,1603,639.5499877929688
GRASIM.NS,2020-01-01,2026-06-19,1603,3149.5
GRAUWEIL.NS,2021-08-05,2026-06-19,627,76.38999938964844
GRAVITA.NS,2020-01-01,2026-06-19,1603,1721.5999755859375
GREAVESCOT.NS,2020-01-01,2026-06-19,1603,198.5399932861328
GREENLAM.NS,2020-01-01,2026-06-19,1601,252.25
GREENPANEL.NS,2020-01-01,2026-06-19,1603,188.86000061035156
GREENPLY.NS,2020-01-01,2026-06-19,1603,291.6700134277344
GRINDWELL.NS,2020-01-01,2026-06-19,1602,2136.800048828125
GRINFRA.NS,2021-07-19,2026-06-19,1218,895.1500244140625
GRMOVER.NS,2022-09-07,2026-06-19,936,93.30999755859375
GRPLTD.NS,2020-01-01,2026-06-19,1601,1905.0
GRSE.NS,2020-01-01,2026-06-19,1603,2798.300048828125
GRWRHITECH.NS,2022-02-03,2026-06-19,1082,6785.5
GSFC.NS,2020-01-01,2026-06-19,1603,165.44000244140625
GSLSU.NS,2023-03-23,2026-06-19,798,46.81999969482422
GUFICBIO.NS,2020-01-01,2026-06-19,1603,355.25
GUJALKALI.NS,2020-01-01,2026-06-19,1602,638.6500244140625
GUJGASLTD.NS,2020-01-01,2026-06-19,1602,388.45001220703125
GUJTHEM.NS,2025-02-25,2026-06-19,325,383.54998779296875
GULFOILLUB.NS,2020-01-01,2026-06-19,1603,1026.800048828125
GULPOLY.NS,2020-01-01,2026-06-19,1602,209.47000122070312
GVPIL.NS,2020-01-01,2026-06-19,1603,1052.550048828125
GVT&D.NS,2020-01-01,2026-06-19,1603,5533.5
HAL.NS,2020-01-01,2026-06-19,1603,4408.10009765625
HAPPSTMNDS.NS,2020-09-17,2026-06-19,1425,345.3500061035156
HAPPYFORGE.NS,2023-12-27,2026-06-19,614,1465.0
HARDWYN.NS,2022-04-12,2026-06-19,1035,25.190000534057617
HARIOMPIPE.NS,2022-04-13,2026-06-19,1035,415.20001220703125
HARRMALAYA.NS,2020-01-01,2026-06-19,1603,209.52000427246094
HARSHA.NS,2022-09-26,2026-06-19,922,431.04998779296875
HATSUN.NS,2020-01-01,2026-06-19,1602,920.75
HAVELLS.NS,2020-01-01,2026-06-19,1603,1176.300048828125
HBLENGINE.NS,2020-01-01,2026-06-19,1603,815.5
HCC.NS,2020-01-01,2026-06-19,1603,27.020000457763672
HCG.NS,2020-01-01,2026-06-19,1603,610.9500122070312
HCLTECH.NS,2020-01-01,2026-06-19,1603,1131.699951171875
HDFCAMC.NS,2020-01-01,2026-06-19,1603,2719.0
HDFCBANK.NS,2020-01-01,2026-06-19,1603,779.7999877929688
HDFCLIFE.NS,2020-01-01,2026-06-19,1603,591.8499755859375
HEG.NS,2020-01-01,2026-06-19,1603,531.8499755859375
HEIDELBERG.NS,2020-01-01,2026-06-19,1603,152.77999877929688
HEMIPROP.NS,2020-10-22,2026-06-19,1401,139.5500030517578
HERANBA.NS,2021-03-05,2026-06-19,1308,188.35000610351562
HERITGFOOD.NS,2020-01-01,2026-06-19,1603,330.0
HEROMOTOCO.NS,2020-01-01,2026-06-19,1603,4974.89990234375
HESTERBIO.NS,2020-01-01,2026-06-19,1602,2076.39990234375
HEXT.NS,2025-02-19,2026-06-19,328,499.6000061035156
HFCL.NS,2020-01-01,2026-06-19,1603,209.61000061035156
HGINFRA.NS,2020-01-01,2026-06-19,1603,582.8499755859375
HGS.NS,2020-01-01,2026-06-19,1602,424.8999938964844
HIKAL.NS,2020-01-01,2026-06-19,1602,204.77000427246094
HIMATSEIDE.NS,2020-01-01,2026-06-19,1603,83.94000244140625
HINDALCO.NS,2020-01-01,2026-06-19,1603,1010.0
HINDCOPPER.NS,2020-01-01,2026-06-19,1603,511.1499938964844
HINDOILEXP.NS,2020-01-01,2026-06-19,1603,162.67999267578125
HINDPETRO.NS,2020-01-01,2026-06-19,1603,392.1000061035156
HINDUNILVR.NS,2020-01-01,2026-06-19,1603,2194.60009765625
HINDWAREAP.NS,2020-01-01,2026-06-19,1602,248.64999389648438
HINDZINC.NS,2020-01-01,2026-06-19,1603,563.5499877929688
HIRECT.NS,2020-01-01,2026-06-19,1603,1152.4000244140625
HITECH.NS,2020-01-01,2026-06-19,1603,92.5999984741211
HITECHGEAR.NS,2020-01-01,2026-06-19,1601,574.2999877929688
HLEGLAS.NS,2021-02-22,2026-06-19,1317,375.0
HMAAGRO.NS,2023-07-04,2026-06-19,732,22.270000457763672
HMVL.NS,2020-01-01,2026-06-19,1601,86.12999725341797
HNDFDS.NS,2020-01-01,2026-06-19,1602,545.4000244140625
HOMEFIRST.NS,2021-02-03,2026-06-19,1329,1153.9000244140625
HONASA.NS,2023-11-07,2026-06-19,646,417.3999938964844
HONAUT.NS,2020-01-01,2026-06-19,1601,37460.0
HPAL.NS,2021-12-27,2026-06-19,1108,36.33000183105469
HPL.NS,2020-01-01,2026-06-19,1603,383.5
HSCL.NS,2020-01-01,2026-06-19,1603,671.0499877929688
HTMEDIA.NS,2020-01-01,2026-06-19,1601,22.770000457763672
HUBTOWN.NS,2020-01-01,2026-06-19,1603,195.0399932861328
HUDCO.NS,2020-01-01,2026-06-19,1603,208.64999389648438
HUHTAMAKI.NS,2020-01-01,2026-06-19,1603,185.85000610351562
HYUNDAI.NS,2024-10-22,2026-06-19,413,1973.199951171875
IBULLSLTD.NS,2020-01-01,2026-06-19,1603,26.510000228881836
ICEMAKE.NS,2020-01-01,2026-06-19,1602,752.0999755859375
ICICIBANK.NS,2020-01-01,2026-06-19,1603,1346.5
ICICIGI.NS,2020-01-01,2026-06-19,1603,1870.0999755859375
ICICIPRULI.NS,2020-01-01,2026-06-19,1603,500.29998779296875
ICIL.NS,2020-01-01,2026-06-19,1603,394.6000061035156
ICRA.NS,2020-01-01,2026-06-19,1601,5322.0
IDBI.NS,2020-01-01,2026-06-19,1603,82.9800033569336
IDEAFORGE.NS,2023-07-07,2026-06-19,730,931.4500122070312
IDFCFIRSTB.NS,2020-01-01,2026-06-19,1603,78.68000030517578
IEX.NS,2020-01-01,2026-06-19,1603,122.77999877929688
IFBAGRO.NS,2020-01-01,2026-06-19,1603,914.7000122070312
IFBIND.NS,2020-01-01,2026-06-19,1603,1284.5
IFCI.NS,2020-01-01,2026-06-19,1603,85.7300033569336
IFGLEXPOR.NS,2020-01-01,2026-06-19,1603,192.67999267578125
IGARASHI.NS,2020-01-01,2026-06-19,1603,414.29998779296875
IGIL.NS,2024-12-30,2026-06-19,366,355.75
IGL.NS,2020-01-01,2026-06-19,1603,167.60000610351562
IGPL.NS,2020-01-01,2026-06-19,1601,446.79998779296875
IIFL.NS,2020-01-01,2026-06-19,1603,532.5999755859375
IIFLCAPS.NS,2020-01-01,2026-06-19,1602,344.3999938964844
IKIO.NS,2023-06-16,2026-06-19,744,162.1699981689453
IKS.NS,2024-12-19,2026-06-19,372,1675.199951171875
IMAGICAA.NS,2020-01-01,2026-06-19,1602,44.529998779296875
IMFA.NS,2020-01-01,2026-06-19,1603,1429.0999755859375
INDGN.NS,2024-05-13,2026-06-19,524,532.4000244140625
INDHOTEL.NS,2020-01-01,2026-06-19,1603,724.75
INDIACEM.NS,2020-01-01,2026-06-19,1603,374.8500061035156
INDIAGLYCO.NS,2020-01-01,2026-06-19,1603,957.75
INDIAMART.NS,2020-01-01,2026-06-19,1603,2089.39990234375
INDIANB.NS,2020-01-01,2026-06-19,1603,870.0999755859375
INDIANHUME.NS,2020-01-01,2026-06-19,1602,317.6499938964844
INDIASHLTR.NS,2023-12-20,2026-06-19,616,784.3499755859375
INDIGO.NS,2020-01-01,2026-06-19,1602,5021.5
INDIGOPNTS.NS,2021-02-02,2026-06-19,1331,1025.1500244140625
INDNIPPON.NS,2020-01-01,2026-06-19,1602,914.2999877929688
INDOAMIN.NS,2022-04-29,2026-06-19,1024,143.5500030517578
INDOBORAX.NS,2022-03-29,2026-06-19,1045,364.1000061035156
INDOCO.NS,2020-01-01,2026-06-19,1603,234.99000549316406
INDOFARM.NS,2025-01-07,2026-06-19,360,149.38999938964844
INDORAMA.NS,2020-01-01,2026-06-19,1603,46.16999816894531
INDOSTAR.NS,2020-01-01,2026-06-19,1603,249.47000122070312
INDOTECH.NS,2020-01-01,2026-06-19,1602,2679.699951171875
INDOTHAI.NS,2020-01-01,2026-06-19,1602,236.50999450683594
INDRAMEDCO.NS,2020-01-01,2026-06-19,1603,382.95001220703125
INDSWFTLAB.NS,2020-01-01,2026-06-19,1602,187.3800048828125
INDUSINDBK.NS,2020-01-01,2026-06-19,1603,947.4500122070312
INDUSTOWER.NS,2020-01-01,2026-06-19,1603,411.20001220703125
INFOBEAN.NS,2020-01-01,2026-06-19,1603,166.8300018310547
INFY.NS,2020-01-01,2026-06-19,1603,1051.4000244140625
INGERRAND.NS,2020-01-01,2026-06-19,1603,4611.2998046875
INNOVACAP.NS,2023-12-29,2026-06-19,611,949.5499877929688
INOXGREEN.NS,2022-11-23,2026-06-19,884,199.47000122070312
INOXINDIA.NS,2023-12-21,2026-06-19,616,1917.800048828125
INOXWIND.NS,2020-01-01,2026-06-19,1603,90.72000122070312
INSECTICID.NS,2020-01-01,2026-06-19,1602,688.5
INTELLECT.NS,2020-01-01,2026-06-19,1603,746.7000122070312
INTENTECH.NS,2020-01-01,2026-06-19,1601,101.41000366210938
INTERARCH.NS,2024-08-26,2026-06-19,451,1900.0999755859375
INTLCONV.NS,2021-09-16,2026-06-19,1178,83.38999938964844
IOB.NS,2020-01-01,2026-06-19,1603,35.09000015258789
IOC.NS,2020-01-01,2026-06-19,1603,143.42999267578125
IOLCP.NS,2020-01-01,2026-06-19,1603,130.2100067138672
IONEXCHANG.NS,2022-02-22,2026-06-19,1068,370.3999938964844
IPCALAB.NS,2020-01-01,2026-06-19,1602,1585.800048828125
IPL.NS,2021-07-05,2026-06-19,1227,160.27999877929688
IRB.NS,2020-01-01,2026-06-19,1603,21.440000534057617
IRCON.NS,2020-01-01,2026-06-19,1603,137.19000244140625
IRCTC.NS,2020-01-01,2026-06-19,1603,519.5999755859375
IREDA.NS,2023-11-29,2026-06-19,633,127.1500015258789
IRFC.NS,2021-01-29,2026-06-19,1333,99.51000213623047
IRMENERGY.NS,2023-10-26,2026-06-19,655,279.8500061035156
ISGEC.NS,2021-05-05,2026-06-19,1269,925.0
ITC.NS,2020-01-01,2026-06-19,1603,292.5
ITCHOTELS.NS,2025-01-29,2026-06-19,344,170.9199981689453
ITDC.NS,2020-01-01,2026-06-19,1602,619.0
ITI.NS,2020-01-01,2026-06-19,1603,312.45001220703125
IXIGO.NS,2024-06-18,2026-06-19,500,189.97999572753906
IZMO.NS,2020-01-01,2026-06-19,1602,1075.550048828125
J&KBANK.NS,2020-01-01,2026-06-19,1603,163.55999755859375
JAGRAN.NS,2020-01-01,2026-06-19,1602,66.04000091552734
JAGSNPHARM.NS,2020-01-01,2026-06-19,1603,212.27999877929688
JAIBALAJI.NS,2020-01-01,2026-06-19,1603,67.97000122070312
JAICORPLTD.NS,2020-01-01,2026-06-19,1603,121.16000366210938
JAMNAAUTO.NS,2020-01-01,2026-06-19,1603,132.3699951171875
JASH.NS,2020-01-01,2026-06-19,1601,500.04998779296875
JAYAGROGN.NS,2020-01-01,2026-06-19,1601,219.8000030517578
JAYBARMARU.NS,2020-01-01,2026-06-19,1602,169.5500030517578
JAYNECOIND.NS,2020-01-01,2026-06-19,1603,89.68000030517578
JAYSREETEA.NS,2020-01-01,2026-06-19,1601,88.45999908447266
JBCHEPHARM.NS,2020-01-01,2026-06-19,1603,2193.5
JBMA.NS,2020-01-01,2026-06-19,1603,727.2999877929688
JGCHEM.NS,2024-03-13,2026-06-19,561,437.6000061035156
JINDALPHOT.NS,2020-01-01,2026-06-19,1601,1114.0
JINDALPOLY.NS,2020-01-01,2026-06-19,1603,686.9000244140625
JINDALSAW.NS,2020-01-01,2026-06-19,1603,260.8800048828125
JINDALSTEL.NS,2020-01-01,2026-06-19,1603,1137.699951171875
JINDRILL.NS,2020-01-01,2026-06-19,1603,580.2000122070312
JINDWORLD.NS,2020-01-01,2026-06-19,1603,32.439998626708984
JIOFIN.NS,2023-08-21,2026-06-19,700,244.4499969482422
JISLJALEQS.NS,2020-01-01,2026-06-19,1603,34.869998931884766
JITFINFRA.NS,2020-01-01,2026-06-19,1602,289.6000061035156
JKCEMENT.NS,2020-01-01,2026-06-19,1603,5503.5
JKIL.NS,2020-01-01,2026-06-19,1603,500.20001220703125
JKLAKSHMI.NS,2020-01-01,2026-06-19,1603,605.5
JKPAPER.NS,2020-01-01,2026-06-19,1602,349.8999938964844
JKTYRE.NS,2020-01-01,2026-06-19,1603,401.29998779296875
JLHL.NS,2023-09-18,2026-06-19,678,1342.0999755859375
JMFINANCIL.NS,2020-01-01,2026-06-19,1603,126.31999969482422
JNKINDIA.NS,2024-04-30,2026-06-19,531,486.95001220703125
JPOLYINVST.NS,2020-01-01,2026-06-19,1601,1092.0
JSFB.NS,2024-02-14,2026-06-19,581,460.1000061035156
JSL.NS,2020-01-01,2026-06-19,1603,696.7000122070312
JSLL.NS,2022-05-04,2026-06-19,1022,557.2000122070312
JSWENERGY.NS,2020-01-01,2026-06-19,1603,570.0999755859375
JSWHL.NS,2020-01-01,2026-06-19,1603,12578.0
JSWINFRA.NS,2023-10-03,2026-06-19,671,308.1499938964844
JSWSTEEL.NS,2020-01-01,2026-06-19,1603,1287.699951171875
JTEKTINDIA.NS,2020-01-01,2026-06-19,1603,137.3000030517578
JTLIND.NS,2021-12-23,2026-06-19,1110,79.2300033569336
JUBLCPL.NS,2025-02-14,2026-06-19,331,1867.199951171875
JUBLFOOD.NS,2020-01-01,2026-06-19,1603,419.0
JUBLINGREA.NS,2021-03-19,2026-06-19,1299,637.6500244140625
JUBLPHARMA.NS,2020-01-01,2026-06-19,1602,966.3499755859375
JUNIPER.NS,2024-02-28,2026-06-19,571,201.75999450683594
JUSTDIAL.NS,2020-01-01,2026-06-19,1603,539.9000244140625
JWL.NS,2020-01-01,2026-06-19,1603,277.29998779296875
JYOTHYLAB.NS,2020-01-01,2026-06-19,1603,202.27999877929688
JYOTICNC.NS,2024-01-16,2026-06-19,600,737.9500122070312
KABRAEXTRU.NS,2020-01-01,2026-06-19,1602,237.74000549316406
KAJARIACER.NS,2020-01-01,2026-06-19,1603,1170.4000244140625
KALAMANDIR.NS,2023-09-27,2026-06-19,674,109.30999755859375
KALYANKJIL.NS,2021-03-26,2026-06-19,1294,383.5
KAMATHOTEL.NS,2020-01-01,2026-06-19,1602,171.0399932861328
KAMDHENU.NS,2020-01-01,2026-06-19,1603,28.829999923706055
KANSAINER.NS,2020-01-01,2026-06-19,1601,211.1300048828125
KARURVYSYA.NS,2020-01-01,2026-06-19,1603,291.75
KAYNES.NS,2022-11-22,2026-06-19,885,3253.10009765625
KCP.NS,2020-01-01,2026-06-19,1602,167.85000610351562
KCPSUGIND.NS,2020-01-01,2026-06-19,1602,21.969999313354492
KDDL.NS,2020-01-01,2026-06-19,1601,2959.699951171875
KEC.NS,2020-01-01,2026-06-19,1603,541.4500122070312
KECL.NS,2020-01-01,2026-06-19,1603,104.55999755859375
KEI.NS,2020-01-01,2026-06-19,1603,5631.0
KENNAMET.NS,2020-01-01,2026-06-19,1024,2999.300048828125
KERNEX.NS,2020-01-01,2026-06-19,1603,1999.5
KFINTECH.NS,2022-12-29,2026-06-19,858,915.3499755859375
KHAICHEM.NS,2020-10-30,2026-06-19,1394,56.380001068115234
KICL.NS,2020-01-01,2026-06-19,1601,5212.0
KIMS.NS,2021-06-28,2026-06-19,1233,804.25
KINGFA.NS,2020-01-01,2026-06-19,1601,5159.5
KIOCL.NS,2020-01-01,2026-06-19,1603,405.45001220703125
KIRIINDUS.NS,2020-01-01,2026-06-19,1603,394.6499938964844
KIRLFER.NS,2020-01-01,2026-06-19,1024,476.79998779296875
KIRLOSBROS.NS,2020-01-01,2026-06-19,1603,1933.5999755859375
KIRLOSENG.NS,2020-01-01,2026-06-19,1602,1991.5
KIRLOSIND.NS,2020-01-01,2026-06-19,1602,3749.800048828125
KIRLPNU.NS,2023-04-26,2026-06-19,779,1950.0
KITEX.NS,2020-01-01,2026-06-19,1603,163.41000366210938
KKCL.NS,2020-01-01,2026-06-19,1601,493.5
KMEW.NS,2024-12-06,2026-06-19,382,2072.89990234375
KMSUGAR.NS,2020-01-01,2026-06-19,1603,27.149999618530273
KNRCON.NS,2020-01-01,2026-06-19,1603,140.86000061035156
KOKUYOCMLN.NS,2020-01-01,2026-06-19,1602,87.0999984741211
KOLTEPATIL.NS,2020-01-01,2026-06-19,1601,377.79998779296875
KOPRAN.NS,2020-01-01,2026-06-19,1603,194.00999450683594
KOTAKBANK.NS,2020-01-01,2026-06-19,1603,399.25
KOTHARIPET.NS,2020-01-01,2026-06-19,1601,122.66999816894531
KOTYARK.NS,2021-11-17,2026-06-19,1133,393.29998779296875
KOVAI.NS,2020-01-01,2026-06-19,1023,5842.5
KPEL.NS,2024-11-21,2026-06-19,392,351.54998779296875
KPIGREEN.NS,2021-07-27,2026-06-19,1213,409.1499938964844
KPIL.NS,2020-01-01,2026-06-19,1602,1398.699951171875
KPITTECH.NS,2020-01-01,2026-06-19,1603,760.0499877929688
KPRMILL.NS,2020-01-01,2026-06-19,1603,1159.75
KRBL.NS,2020-01-01,2026-06-19,1602,384.95001220703125
KRISHANA.NS,2020-01-01,2026-06-19,1602,679.5
KRISHNADEF.NS,2022-04-22,2026-06-19,1028,1350.5999755859375
KRN.NS,2024-10-03,2026-06-19,426,1235.199951171875
KRONOX.NS,2024-06-10,2026-06-19,504,152.77000427246094
KROSS.NS,2024-09-16,2026-06-19,438,188.4600067138672
KRSNAA.NS,2021-08-16,2026-06-19,1199,531.2999877929688
KRYSTAL.NS,2024-03-21,2026-06-19,554,608.5
KSB.NS,2020-01-01,2026-06-19,1603,902.5499877929688
KSCL.NS,2020-01-01,2026-06-19,1602,849.5
KSL.NS,2020-01-01,2026-06-19,1603,829.2999877929688
KSOLVES.NS,2020-08-07,2026-06-19,1454,291.04998779296875
KTKBANK.NS,2020-01-01,2026-06-19,1603,274.70001220703125
KUANTUM.NS,2020-01-01,2026-06-19,1601,75.55000305175781
LALPATHLAB.NS,2020-01-01,2026-06-19,1603,1635.800048828125
LANDMARK.NS,2022-12-23,2026-06-19,861,426.04998779296875
LAOPALA.NS,2020-01-01,2026-06-19,1603,183.4600067138672
LATENTVIEW.NS,2021-11-23,2026-06-19,1133,299.1499938964844
LAURUSLABS.NS,2020-01-01,2026-06-19,1603,1412.9000244140625
LAXMIDENTL.NS,2025-01-20,2026-06-19,352,223.74000549316406
LEMONTREE.NS,2020-01-01,2026-06-19,1603,113.04000091552734
LGBBROSLTD.NS,2020-01-01,2026-06-19,1603,1554.800048828125
LIBERTSHOE.NS,2020-01-01,2026-06-19,1602,258.6199951171875
LICHSGFIN.NS,2020-01-01,2026-06-19,1603,549.9000244140625
LICI.NS,2022-05-17,2026-06-19,1014,440.1499938964844
LIKHITHA.NS,2020-10-15,2026-06-19,1406,243.2100067138672
LINC.NS,2020-01-01,2026-06-19,1602,104.12999725341797
LINCOLN.NS,2020-01-01,2026-06-19,1601,614.6500244140625
LINDEINDIA.NS,2020-01-01,2026-06-19,1602,7460.5
LLOYDSENGG.NS,2020-01-01,2026-06-19,1603,86.83999633789062
LLOYDSENT.NS,2024-10-17,2026-06-19,415,77.22000122070312
LLOYDSME.NS,2023-07-17,2026-06-19,724,1766.199951171875
LMW.NS,2020-01-01,2026-06-19,1601,16665.0
LODHA.NS,2021-04-19,2026-06-19,1281,918.1500244140625
LOKESHMACH.NS,2020-01-01,2026-06-19,1602,270.25
LT.NS,2020-01-01,2026-06-19,1603,4209.39990234375
LTF.NS,2020-01-01,2026-06-19,1603,286.5
LTFOODS.NS,2020-01-01,2026-06-19,1603,383.0
LTM.NS,2020-01-01,2026-06-19,1603,3832.5
LTTS.NS,2020-01-01,2026-06-19,1603,3331.199951171875
LUMAXIND.NS,2020-01-01,2026-06-19,1602,5279.5
LUMAXTECH.NS,2020-01-01,2026-06-19,1602,1646.4000244140625
LUPIN.NS,2020-01-01,2026-06-19,1603,2351.60009765625
LUXIND.NS,2020-01-01,2026-06-19,1603,1246.199951171875
LXCHEM.NS,2021-03-25,2026-06-19,1295,152.3699951171875
LYKALABS.NS,2020-01-01,2026-06-19,1601,67.37999725341797
M&M.NS,2020-01-01,2026-06-19,1603,3074.800048828125
M&MFIN.NS,2020-01-01,2026-06-19,1603,294.1000061035156
MAANALU.NS,2020-01-01,2026-06-19,1602,127.13999938964844
MACPOWER.NS,2020-01-01,2026-06-19,1602,1182.050048828125
MADRASFERT.NS,2020-01-01,2026-06-19,1601,71.83999633789062
MAGADSUGAR.NS,2020-01-01,2026-06-19,1602,452.8999938964844
MAHABANK.NS,2020-01-01,2026-06-19,1603,90.19000244140625
MAHASTEEL.NS,2020-01-01,2026-06-19,1601,830.0999755859375
MAHLIFE.NS,2020-01-01,2026-06-19,1603,352.3500061035156
MAHLOG.NS,2020-01-01,2026-06-19,1603,354.95001220703125
MAHSCOOTER.NS,2020-01-01,2026-06-19,1602,12597.0
MAHSEAMLES.NS,2020-01-01,2026-06-19,1603,630.6500244140625
MAITHANALL.NS,2020-01-01,2026-06-19,1603,1111.199951171875
MAMATA.NS,2024-12-27,2026-06-19,368,369.79998779296875
MANAKCOAT.NS,2020-01-01,2026-06-19,1602,116.0999984741211
MANAKSTEEL.NS,2020-01-01,2026-06-19,1602,72.4000015258789
MANALIPETC.NS,2020-01-01,2026-06-19,1603,65.5
MANAPPURAM.NS,2020-01-01,2026-06-19,1603,318.6499938964844
MANBA.NS,2024-09-30,2026-06-19,426,132.35000610351562
MANCREDIT.NS,2024-08-16,2026-06-19,457,217.77000427246094
MANGLMCEM.NS,2020-01-01,2026-06-19,1601,852.5999755859375
MANINDS.NS,2020-01-01,2026-06-19,1603,587.5999755859375
MANINFRA.NS,2020-01-01,2026-06-19,1602,104.97000122070312
MANKIND.NS,2023-05-09,2026-06-19,771,2414.199951171875
MANORAMA.NS,2022-07-01,2026-06-19,981,1558.199951171875
MANYAVAR.NS,2022-02-16,2026-06-19,1072,412.5
MAPMYINDIA.NS,2021-12-21,2026-06-19,1112,889.3499755859375
MARATHON.NS,2020-01-01,2026-06-19,1603,398.25
MARICO.NS,2020-01-01,2026-06-19,1603,817.0499877929688
MARINE.NS,2020-01-01,2026-06-19,1603,258.45001220703125
MARKSANS.NS,2020-01-01,2026-06-19,1603,259.6700134277344
MARUTI.NS,2020-01-01,2026-06-19,1603,13395.0
MASFIN.NS,2020-01-01,2026-06-19,1603,319.04998779296875
MASTEK.NS,2020-01-01,2026-06-19,1603,1605.5
MASTERTR.NS,2024-12-06,2026-06-19,380,78.62999725341797
MATRIMONY.NS,2020-01-01,2026-06-19,1602,389.1499938964844
MAWANASUG.NS,2020-01-01,2026-06-19,1603,109.41000366210938
MAXESTATES.NS,2023-10-30,2026-06-19,651,452.6000061035156
MAXHEALTH.NS,2020-08-21,2026-06-19,1444,1094.75
MAXIND.NS,2020-08-28,2026-06-19,1437,167.97000122070312
MAYURUNIQ.NS,2020-01-01,2026-06-19,1601,826.25
MAZDA.NS,2020-01-01,2026-06-19,1603,233.6699981689453
MAZDOCK.NS,2020-10-12,2026-06-19,1409,2518.699951171875
MBAPL.NS,2020-01-01,2026-06-19,1601,563.0
MCLEODRUSS.NS,2020-01-01,2026-06-19,1601,65.0
MCLOUD.NS,2025-02-07,2026-06-19,337,29.239999771118164
MCX.NS,2020-01-01,2026-06-19,1603,2803.800048828125
MEDANTA.NS,2022-11-18,2026-06-19,886,1265.800048828125
MEDIASSIST.NS,2024-01-23,2026-06-19,595,364.3500061035156
MEDICO.NS,2022-05-26,2026-06-19,1006,42.630001068115234
MEDPLUS.NS,2021-12-23,2026-06-19,1109,844.4500122070312
MENONBE.NS,2020-01-01,2026-06-19,1602,175.42999267578125
METROBRAND.NS,2021-12-22,2026-06-19,1110,1037.5999755859375
METROPOLIS.NS,2020-01-01,2026-06-19,1603,552.75
MFSL.NS,2020-01-01,2026-06-19,1603,1669.300048828125
MGL.NS,2020-01-01,2026-06-19,1602,1209.0
MHRIL.NS,2020-01-01,2026-06-19,1603,235.00999450683594
MICEL.NS,2020-01-01,2026-06-19,1603,42.290000915527344
MIDHANI.NS,2020-01-01,2026-06-19,1603,437.0
MINDACORP.NS,2020-01-01,2026-06-19,1602,652.9500122070312
MINDTECK.NS,2020-01-01,2026-06-19,1602,209.25999450683594
MIRCELECTR.NS,2020-01-01,2026-06-19,1603,40.099998474121094
MIRZAINT.NS,2020-01-01,2026-06-19,1602,33.40999984741211
MMFL.NS,2020-01-01,2026-06-19,1603,469.79998779296875
MMP.NS,2020-01-01,2026-06-19,1601,269.8999938964844
MMTC.NS,2020-01-01,2026-06-19,1603,74.55000305175781
MOBIKWIK.NS,2024-12-18,2026-06-19,374,198.33999633789062
MODISONLTD.NS,2021-05-03,2026-06-19,1271,322.1499938964844
MOIL.NS,2020-01-01,2026-06-19,1603,293.8500061035156
MOL.NS,2021-08-18,2026-06-19,1197,50.290000915527344
MOLDTECH.NS,2020-01-01,2026-06-19,1601,134.75999450683594
MOLDTKPAC.NS,2020-01-01,2026-06-19,1602,698.0999755859375
MONARCH.NS,2022-01-06,2026-06-19,1100,350.25
MONTECARLO.NS,2020-01-01,2026-06-19,1601,560.7000122070312
MOREPENLAB.NS,2020-01-01,2026-06-19,1603,49.5
MOSCHIP.NS,2025-02-05,2026-06-19,339,212.6199951171875
MOTHERSON.NS,2020-01-01,2026-06-19,1603,145.5399932861328
MOTILALOFS.NS,2020-01-01,2026-06-19,1603,953.4500122070312
MPHASIS.NS,2020-01-01,2026-06-19,1603,2267.5
MPSLTD.NS,2020-01-01,2026-06-19,1601,1812.0999755859375
MRF.NS,2020-01-01,2026-06-19,1602,128645.0
MRPL.NS,2020-01-01,2026-06-19,1603,154.19000244140625
MSPL.NS,2020-01-01,2026-06-19,1601,44.31999969482422
MSTCLTD.NS,2020-01-01,2026-06-19,1603,692.75
MSUMI.NS,2022-03-28,2026-06-19,1047,38.029998779296875
MTARTECH.NS,2021-03-15,2026-06-19,1303,8374.5
MTNL.NS,2020-01-01,2026-06-19,1603,31.8700008392334
MUFIN.NS,2023-11-06,2026-06-19,648,130.86000061035156
MUFTI.NS,2023-12-27,2026-06-19,613,89.9000015258789
MUKANDLTD.NS,2020-01-01,2026-06-19,1603,135.80999755859375
MUKKA.NS,2024-03-07,2026-06-19,564,24.309999465942383
MUNJALAU.NS,2020-01-01,2026-06-19,1602,98.52999877929688
MUNJALSHOW.NS,2020-01-01,2026-06-19,1603,128.80999755859375
MUTHOOTCAP.NS,2020-01-01,2026-06-19,1602,205.52000427246094
MUTHOOTFIN.NS,2020-01-01,2026-06-19,1603,3126.10009765625
MUTHOOTMF.NS,2023-12-26,2026-06-19,613,203.77000427246094
MVGJL.NS,2023-10-03,2026-06-19,669,147.5
MWL.NS,2022-07-25,2026-06-19,962,375.8500061035156
NACLIND.NS,2020-01-01,2026-06-19,1603,193.8000030517578
NAHARPOLY.NS,2020-01-01,2026-06-19,1601,252.64999389648438
NAHARSPING.NS,2020-01-01,2026-06-19,1602,255.5
NAM-INDIA.NS,2020-01-01,2026-06-19,1603,1186.9000244140625
NATCOPHARM.NS,2020-01-01,2026-06-19,1603,889.0
NATIONALUM.NS,2020-01-01,2026-06-19,1603,376.0
NAUKRI.NS,2020-01-01,2026-06-19,1603,984.25
NAVA.NS,2020-01-01,2026-06-19,1603,621.5499877929688
NAVINFLUOR.NS,2020-01-01,2026-06-19,1602,7493.5
NAVKARCORP.NS,2020-01-01,2026-06-19,1603,104.9800033569336
NAVNETEDUL.NS,2020-01-01,2026-06-19,1603,139.30999755859375
NAZARA.NS,2021-03-30,2026-06-19,1293,297.3500061035156
NBCC.NS,2020-01-01,2026-06-19,1603,111.44999694824219
NCC.NS,2020-01-01,2026-06-19,1603,155.83999633789062
NCLIND.NS,2020-01-01,2026-06-19,1602,191.8800048828125
NDRAUTO.NS,2020-07-30,2026-06-19,1459,855.3499755859375
NDTV.NS,2020-01-01,2026-06-19,1603,81.02999877929688
NELCAST.NS,2020-01-01,2026-06-19,1602,137.19000244140625
NELCO.NS,2020-01-01,2026-06-19,1603,940.3499755859375
NEOGEN.NS,2020-01-01,2026-06-19,1603,1932.0
NESCO.NS,2020-01-01,2026-06-19,1601,1138.0
NESTLEIND.NS,2020-01-01,2026-06-19,1603,1414.800048828125
NETWEB.NS,2023-07-27,2026-06-19,716,5060.89990234375
NETWORK18.NS,2020-01-01,2026-06-19,1603,33.97999954223633
NEULANDLAB.NS,2020-01-01,2026-06-19,1603,17345.0
NEWGEN.NS,2020-01-01,2026-06-19,1603,481.95001220703125
NFL.NS,2020-01-01,2026-06-19,1603,77.86000061035156
NGLFINE.NS,2022-07-08,2026-06-19,976,3055.60009765625
NH.NS,2020-01-01,2026-06-19,1603,1878.699951171875
NHPC.NS,2020-01-01,2026-06-19,1603,75.81999969482422
NIACL.NS,2020-01-01,2026-06-19,1603,202.30999755859375
NIBE.NS,2025-02-07,2026-06-19,337,1815.4000244140625
NIITLTD.NS,2020-01-01,2026-06-19,1603,94.91000366210938
NIITMTS.NS,2023-08-08,2026-06-19,705,229.5500030517578
NILKAMAL.NS,2020-01-01,2026-06-19,1601,1290.9000244140625
NITCO.NS,2020-01-01,2026-06-19,1602,113.73999786376953
NITINSPIN.NS,2020-01-01,2026-06-19,1602,568.7000122070312
NIVABUPA.NS,2024-11-14,2026-06-19,395,86.87000274658203
NLCINDIA.NS,2020-01-01,2026-06-19,1603,321.70001220703125
NMDC.NS,2020-01-01,2026-06-19,1603,88.41999816894531
NOCIL.NS,2020-01-01,2026-06-19,1603,159.02000427246094
NORTHARC.NS,2024-09-24,2026-06-19,432,295.04998779296875
NOVAAGRI.NS,2024-01-31,2026-06-19,589,25.850000381469727
NOVARTIND.NS,2020-10-07,2026-06-19,832,1388.9000244140625
NPST.NS,2021-09-16,2026-06-19,1175,1572.0
NRAIL.NS,2020-01-01,2026-06-19,1602,462.6000061035156
NRBBEARING.NS,2020-01-01,2026-06-19,1602,428.25
NRL.NS,2022-01-06,2026-06-19,1100,79.73999786376953
NSIL.NS,2020-01-01,2026-06-19,1602,5732.5
NSLNISP.NS,2023-02-20,2026-06-19,822,46.880001068115234
NTPC.NS,2020-01-01,2026-06-19,1603,365.79998779296875
NTPCGREEN.NS,2024-11-27,2026-06-19,389,96.04000091552734
NUCLEUS.NS,2020-01-01,2026-06-19,1602,785.3499755859375
NURECA.NS,2021-02-25,2026-06-19,1313,237.0500030517578
NUVAMA.NS,2023-09-26,2026-06-19,675,1739.5999755859375
NUVOCO.NS,2021-08-23,2026-06-19,1195,312.75
NYKAA.NS,2021-11-10,2026-06-19,1141,302.29998779296875
OAL.NS,2020-04-15,2026-06-19,1533,343.29998779296875
OBEROIRLTY.NS,2020-01-01,2026-06-19,1602,1683.5
OCCLLTD.NS,2024-10-29,2026-06-19,405,129.0500030517578
OFSS.NS,2020-01-01,2026-06-19,1603,9638.5
OIL.NS,2020-01-01,2026-06-19,1603,418.1499938964844
OLAELEC.NS,2024-08-09,2026-06-19,463,42.25
OLECTRA.NS,2020-01-01,2026-06-19,1603,1520.300048828125
OMAXAUTO.NS,2020-01-01,2026-06-19,1602,226.25999450683594
OMAXE.NS,2020-01-01,2026-06-19,1602,78.1500015258789
OMINFRAL.NS,2020-01-01,2026-06-19,1602,87.97000122070312
ONEPOINT.NS,2020-01-01,2026-06-19,1602,58.31999969482422
ONESOURCE.NS,2025-01-24,2026-06-19,348,1608.5999755859375
ONGC.NS,2020-01-01,2026-06-19,1603,246.25
ONMOBILE.NS,2020-01-01,2026-06-19,1603,52.529998779296875
ONWARDTEC.NS,2020-01-01,2026-06-19,1601,256.79998779296875
OPTIEMUS.NS,2020-01-01,2026-06-19,1602,440.8500061035156
ORBTEXP.NS,2020-01-01,2026-06-19,1601,216.97999572753906
ORCHPHARMA.NS,2020-01-01,2026-06-19,1603,979.0499877929688
ORICONENT.NS,2020-01-01,2026-06-19,1602,56.41999816894531
ORIENTCEM.NS,2020-01-01,2026-06-19,1602,135.50999450683594
ORIENTELEC.NS,2020-01-01,2026-06-19,1603,180.52999877929688
ORIENTHOT.NS,2020-01-01,2026-06-19,1603,121.30999755859375
ORIENTTECH.NS,2024-08-28,2026-06-19,451,254.6999969482422
ORISSAMINE.NS,2020-01-01,2026-06-19,1603,4118.2001953125
OSWALGREEN.NS,2020-01-01,2026-06-19,1603,23.81999969482422
PAGEIND.NS,2020-01-01,2026-06-19,1601,39975.0
PAISALO.NS,2020-01-01,2026-06-19,1603,58.810001373291016
PAKKA.NS,2023-07-11,2026-06-19,727,80.87999725341797
PANACEABIO.NS,2020-01-01,2026-06-19,1603,536.4000244140625
PANAMAPET.NS,2020-01-01,2026-06-19,1602,483.25
PARACABLES.NS,2020-01-01,2026-06-19,1603,73.05999755859375
PARADEEP.NS,2022-05-27,2026-06-19,1006,136.22000122070312
PARAGMILK.NS,2020-01-01,2026-06-19,1603,229.61000061035156
PARAS.NS,2021-10-01,2026-06-19,1167,1408.6500244140625
PARKHOTELS.NS,2024-02-12,2026-06-19,583,120.98999786376953
PASUPTAC.NS,2021-10-12,2026-06-19,1159,67.44999694824219
PATANJALI.NS,2020-01-01,2026-06-19,1603,421.70001220703125
PATELENG.NS,2020-01-01,2026-06-19,1603,31.020000457763672
PAYTM.NS,2021-11-18,2026-06-19,1135,1090.0999755859375
PCBL.NS,2020-01-01,2026-06-19,1603,309.5
PDMJEPAPER.NS,2020-01-01,2026-06-19,1602,82.7300033569336
PDSL.NS,2020-01-01,2026-06-19,1602,338.75
PENIND.NS,2020-01-01,2026-06-19,1602,160.89999389648438
PERSISTENT.NS,2020-01-01,2026-06-19,1603,4829.0
PETRONET.NS,2020-01-01,2026-06-19,1603,288.70001220703125
PFC.NS,2020-01-01,2026-06-19,1603,431.0
PFIZER.NS,2020-01-01,2026-06-19,1602,4533.7001953125
PFOCUS.NS,2020-01-01,2026-06-19,1602,231.72000122070312
PFS.NS,2020-01-01,2026-06-19,1603,31.049999237060547
PGEL.NS,2020-01-01,2026-06-19,1603,560.5
PGHH.NS,2020-01-01,2026-06-19,1602,9274.5
PGHL.NS,2020-01-01,2026-06-19,1601,6244.0
PGIL.NS,2020-01-01,2026-06-19,1602,1793.5
PHOENIXLTD.NS,2020-01-01,2026-06-19,1601,1881.0999755859375
PIDILITIND.NS,2020-01-01,2026-06-19,1603,1579.9000244140625
PIIND.NS,2020-01-01,2026-06-19,1603,2803.60009765625
PILANIINVS.NS,2020-01-01,2026-06-19,1601,4424.39990234375
PITTIENG.NS,2020-01-01,2026-06-19,1601,1009.4500122070312
PIXTRANS.NS,2022-04-28,2026-06-19,1024,1640.5999755859375
PLATIND.NS,2024-03-05,2026-06-19,567,228.3000030517578
PNB.NS,2020-01-01,2026-06-19,1603,108.7699966430664
PNBHOUSING.NS,2020-01-01,2026-06-19,1603,1003.0
PNCINFRA.NS,2020-01-01,2026-06-19,1603,226.00999450683594
PNGJL.NS,2024-09-17,2026-06-19,437,552.7999877929688
POCL.NS,2020-01-01,2026-06-19,1602,1343.0
POKARNA.NS,2020-01-01,2026-06-19,1603,951.2999877929688
POLICYBZR.NS,2021-11-15,2026-06-19,1137,1636.699951171875
POLYCAB.NS,2020-01-01,2026-06-19,1603,10083.0
POLYMED.NS,2020-01-01,2026-06-19,1603,1563.300048828125
POLYPLEX.NS,2020-01-01,2026-06-19,1603,951.0999755859375
PONNIERODE.NS,2020-01-01,2026-06-19,1601,315.20001220703125
POONAWALLA.NS,2020-01-01,2026-06-19,1603,426.70001220703125
POWERGRID.NS,2020-01-01,2026-06-19,1603,292.25
POWERINDIA.NS,2020-03-30,2026-06-19,1542,36880.0
POWERMECH.NS,2020-01-01,2026-06-19,1602,2839.89990234375
PPL.NS,2020-01-01,2026-06-19,1602,259.6300048828125
PPLPHARMA.NS,2022-10-19,2026-06-19,907,158.89999389648438
PRABHA.NS,2025-03-19,2026-06-19,310,156.5
PRAJIND.NS,2020-01-01,2026-06-19,1603,340.5
PRAKASH.NS,2020-01-01,2026-06-19,1603,145.60000610351562
PRECAM.NS,2020-01-01,2026-06-19,1603,152.32000732421875
PRECWIRE.NS,2020-01-01,2026-06-19,1603,408.25
PREMEXPLN.NS,2020-01-01,2026-06-19,1603,775.2999877929688
PREMIERENE.NS,2024-09-03,2026-06-19,447,1079.5999755859375
PREMIERPOL.NS,2020-01-01,2026-06-19,1602,63.33000183105469
PRESTIGE.NS,2020-01-01,2026-06-19,1603,1497.300048828125
PRICOLLTD.NS,2020-01-01,2026-06-19,1602,559.1500244140625
PRIMESECU.NS,2020-01-01,2026-06-19,1601,299.8999938964844
PRINCEPIPE.NS,2020-01-01,2026-06-19,1602,281.95001220703125
PRIVISCL.NS,2020-01-01,2026-06-19,1602,3493.89990234375
PROSTARM.NS,2025-06-03,2026-06-19,261,140.3699951171875
PROTEAN.NS,2025-02-06,2026-06-19,338,606.4500122070312
PROZONER.NS,2020-01-01,2026-06-19,1602,47.93000030517578
PRSMJOHNSN.NS,2020-01-01,2026-06-19,1601,119.26000213623047
PRUDENT.NS,2022-05-20,2026-06-19,1010,3029.199951171875
PSB.NS,2020-01-01,2026-06-19,1603,25.09000015258789
PSPPROJECT.NS,2020-01-01,2026-06-19,1601,969.0999755859375
PTC.NS,2020-01-01,2026-06-19,1603,186.64999389648438
PTCIL.NS,2023-06-09,2026-06-19,748,18333.0
PUNJABCHEM.NS,2020-01-01,2026-06-19,1600,1042.800048828125
PURVA.NS,2020-01-01,2026-06-19,1602,220.36000061035156
PVP.NS,2020-01-01,2026-06-19,1601,29.850000381469727
PVRINOX.NS,2020-01-01,2026-06-19,1602,948.9000244140625
PVSL.NS,2024-03-19,2026-06-19,557,95.31999969482422
PYRAMID.NS,2023-08-29,2026-06-19,692,175.41000366210938
QUADFUTURE.NS,2025-01-14,2026-06-19,356,408.75
QUESS.NS,2020-01-01,2026-06-19,1603,249.8699951171875
QUICKHEAL.NS,2020-01-01,2026-06-19,1603,178.6999969482422
RACLGEAR.NS,2024-12-06,2026-06-19,380,1318.800048828125
RADHIKAJWE.NS,2022-07-18,2026-06-19,968,56.65999984741211
RADIANTCMS.NS,2023-01-04,2026-06-19,854,39.81999969482422
RADICO.NS,2020-01-01,2026-06-19,1602,3769.199951171875
RAILTEL.NS,2021-02-26,2026-06-19,1313,319.3999938964844
RAIN.NS,2020-01-01,2026-06-19,1603,191.0
RAINBOW.NS,2022-05-10,2026-06-19,1018,1470.800048828125
RAJESHEXPO.NS,2020-01-01,2026-06-19,1603,97.51000213623047
RAJOOENG.NS,2025-05-29,2026-06-19,265,55.439998626708984
RAJRATAN.NS,2020-05-22,2026-06-19,1507,448.6000061035156
RALLIS.NS,2020-01-01,2026-06-19,1603,229.77999877929688
RAMAPHO.NS,2022-08-05,2026-06-19,955,129.0800018310547
RAMCOCEM.NS,2020-01-01,2026-06-19,1602,885.2999877929688
RAMCOIND.NS,2020-01-01,2026-06-19,1603,291.0
RAMCOSYS.NS,2020-01-01,2026-06-19,1603,557.2000122070312
RAMKY.NS,2020-01-01,2026-06-19,1601,427.25
RAMRAT.NS,2022-07-29,2026-06-19,960,407.1499938964844
RANEHOLDIN.NS,2020-01-01,2026-06-19,1603,1688.300048828125
RATEGAIN.NS,2021-12-17,2026-06-19,1114,867.7000122070312
RATNAMANI.NS,2020-01-01,2026-06-19,1602,2770.89990234375
RATNAVEER.NS,2023-09-11,2026-06-19,684,188.99000549316406
RAYMOND.NS,2020-01-01,2026-06-19,1603,586.4500122070312
RAYMONDLSL.NS,2024-09-05,2026-06-19,445,810.6500244140625
RBA.NS,2020-12-14,2026-06-19,1364,73.66999816894531
RBLBANK.NS,2020-01-01,2026-06-19,1603,378.8500061035156
RBZJEWEL.NS,2023-12-27,2026-06-19,612,133.32000732421875
RCF.NS,2020-01-01,2026-06-19,1603,136.64999389648438
RECLTD.NS,2020-01-01,2026-06-19,1603,355.3500061035156
REDINGTON.NS,2020-01-01,2026-06-19,1603,280.760009765625
REDTAPE.NS,2023-08-11,2026-06-19,705,134.1300048828125
REFEX.NS,2020-01-01,2026-06-19,1602,336.8999938964844
RELAXO.NS,2020-01-01,2026-06-19,1602,355.8500061035156
RELIANCE.NS,2020-01-01,2026-06-19,1603,1309.5
RELIGARE.NS,2020-01-01,2026-06-19,1602,253.39999389648438
RELTD.NS,2024-07-30,2026-06-19,470,170.75
RENUKA.NS,2020-01-01,2026-06-19,1603,23.09000015258789
REPCOHOME.NS,2020-01-01,2026-06-19,1603,393.6499938964844
REPRO.NS,2020-01-01,2026-06-19,1601,370.5
RESPONIND.NS,2020-01-01,2026-06-19,1601,191.08999633789062
RGL.NS,2020-01-01,2026-06-19,1603,111.33000183105469
RHIM.NS,2020-01-01,2026-06-19,1602,381.95001220703125
RICOAUTO.NS,2020-01-01,2026-06-19,1603,145.27999877929688
RIIL.NS,2020-01-01,2026-06-19,1603,858.4000244140625
RISHABH.NS,2023-09-11,2026-06-19,683,578.6500244140625
RITCO.NS,2022-04-12,2026-06-19,1034,274.6499938964844
RITES.NS,2020-01-01,2026-06-19,1603,213.32000732421875
RKFORGE.NS,2020-01-01,2026-06-19,1603,588.7000122070312
RKSWAMY.NS,2024-03-12,2026-06-19,562,98.05999755859375
RML.NS,2020-01-01,2026-06-19,1603,1121.1500244140625
ROHLTD.NS,2020-01-01,2026-06-19,1601,330.20001220703125
ROLEXRINGS.NS,2021-08-09,2026-06-19,1204,143.22999572753906
ROSSARI.NS,2020-07-23,2026-06-19,1465,560.9000244140625
ROSSTECH.NS,2024-12-10,2026-06-19,379,1027.5999755859375
ROTO.NS,2022-04-21,2026-06-19,1031,64.38999938964844
ROUTE.NS,2020-09-21,2026-06-19,1423,545.5
RPEL.NS,2024-08-08,2026-06-19,463,1197.949951171875
RPGLIFE.NS,2020-01-01,2026-06-19,1603,2277.39990234375
RPOWER.NS,2020-01-01,2026-06-19,1603,26.100000381469727
RPPINFRA.NS,2020-01-01,2026-06-19,1602,63.900001525878906
RPSGVENT.NS,2020-01-01,2026-06-19,1603,871.2000122070312
RPTECH.NS,2024-02-14,2026-06-19,581,750.6500244140625
RRKABEL.NS,2023-09-20,2026-06-19,677,2321.10009765625
RSWM.NS,2020-01-01,2026-06-19,1602,191.6300048828125
RSYSTEMS.NS,2020-01-01,2026-06-19,1603,264.1499938964844
RTNINDIA.NS,2020-01-01,2026-06-19,1603,35.06999969482422
RUBYMILLS.NS,2020-01-01,2026-06-19,1601,339.8999938964844
RUCHIRA.NS,2020-01-01,2026-06-19,1602,110.5199966430664
RUPA.NS,2020-01-01,2026-06-19,1602,160.75999450683594
RUSTOMJEE.NS,2022-11-24,2026-06-19,881,388.29998779296875
RVNL.NS,2020-01-01,2026-06-19,1603,243.99000549316406
SAFARI.NS,2020-01-01,2026-06-19,1601,1675.5
SAGCEM.NS,2020-01-01,2026-06-19,1602,172.02999877929688
SAGILITY.NS,2024-11-12,2026-06-19,398,39.4900016784668
SAIL.NS,2020-01-01,2026-06-19,1603,180.0500030517578
SAILIFE.NS,2024-12-18,2026-06-19,374,1216.4000244140625
SAKAR.NS,2020-01-01,2026-06-19,1602,803.5999755859375
SAKSOFT.NS,2020-01-01,2026-06-19,1603,139.9600067138672
SALSTEEL.NS,2020-01-01,2026-06-19,1601,57.5099983215332
SALZERELEC.NS,2020-01-01,2026-06-19,1603,652.7000122070312
SAMHI.NS,2023-09-22,2026-06-19,677,175.80999755859375
SAMMAANCAP.NS,2020-01-01,2026-06-19,1603,174.60000610351562
SANATHAN.NS,2024-12-27,2026-06-19,367,439.5
SANDHAR.NS,2020-01-01,2026-06-19,1603,707.9500122070312
SANDUMA.NS,2023-09-07,2026-06-19,687,211.72000122070312
SANGAMIND.NS,2020-01-01,2026-06-19,1601,541.0
SANGHVIMOV.NS,2020-01-01,2026-06-19,1603,414.75
SANOFI.NS,2020-01-01,2026-06-19,1602,3341.0
SANOFICONR.NS,2024-09-13,2026-06-19,438,4812.5
SANSERA.NS,2021-09-24,2026-06-19,1172,2945.800048828125
SANSTAR.NS,2024-07-26,2026-06-19,473,116.44999694824219
SAPPHIRE.NS,2021-11-18,2026-06-19,1135,187.8699951171875
SARDAEN.NS,2020-01-01,2026-06-19,1603,523.6500244140625
SAREGAMA.NS,2020-01-01,2026-06-19,1602,465.8999938964844
SARLAPOLY.NS,2020-01-01,2026-06-19,1603,96.48999786376953
SASKEN.NS,2020-01-01,2026-06-19,1602,2586.10009765625
SATIA.NS,2020-01-01,2026-06-19,1602,55.5
SATIN.NS,2020-01-01,2026-06-19,1602,235.42999267578125
SAURASHCEM.NS,2024-02-27,2026-06-19,571,58.4900016784668
SBC.NS,2021-11-23,2026-06-19,1133,43.59000015258789
SBCL.NS,2021-06-24,2026-06-19,1234,746.5499877929688
SBFC.NS,2023-08-16,2026-06-19,702,95.4000015258789
SBGLP.NS,2023-02-10,2026-06-19,826,26.049999237060547
SBICARD.NS,2020-03-16,2026-06-19,1552,616.9000244140625
SBILIFE.NS,2020-01-01,2026-06-19,1603,1800.199951171875
SBIN.NS,2020-01-01,2026-06-19,1603,1035.0999755859375
SCHAEFFLER.NS,2020-01-01,2026-06-19,1603,4329.89990234375
SCHAND.NS,2020-01-01,2026-06-19,1601,150.3699951171875
SCHNEIDER.NS,2020-01-01,2026-06-19,1603,1331.4000244140625
SCI.NS,2020-01-01,2026-06-19,1603,312.1499938964844
SCILAL.NS,2024-03-19,2026-06-19,556,45.86000061035156
SCODATUBES.NS,2025-06-04,2026-06-19,261,144.3800048828125
SCPL.NS,2022-11-22,2026-06-19,883,482.8500061035156
SDBL.NS,2020-01-01,2026-06-19,1603,75.30999755859375
SEAMECLTD.NS,2020-01-01,2026-06-19,1601,1366.800048828125
SENCO.NS,2023-07-14,2026-06-19,725,340.3999938964844
SENORES.NS,2024-12-30,2026-06-19,367,1315.0
SERVOTECH.NS,2020-01-01,2026-06-19,1603,101.66999816894531
SESHAPAPER.NS,2020-01-01,2026-06-19,1602,225.75999450683594
SETL.NS,2025-01-13,2026-06-19,356,186.11000061035156
SFL.NS,2020-01-01,2026-06-19,1603,700.6500244140625
SGIL.NS,2021-07-28,2026-06-19,1210,586.4000244140625
SHAILY.NS,2022-04-04,2026-06-19,1042,2803.800048828125
SHAKTIPUMP.NS,2020-01-01,2026-06-19,1603,551.0499877929688
SHALBY.NS,2020-01-01,2026-06-19,1603,170.82000732421875
SHALPAINTS.NS,2020-01-01,2026-06-19,1603,54.209999084472656
SHANKARA.NS,2020-01-01,2026-06-19,1601,121.80999755859375
SHANTIGEAR.NS,2020-01-01,2026-06-19,1602,450.6000061035156
SHARDACROP.NS,2020-01-01,2026-06-19,1602,900.7999877929688
SHARDAMOTR.NS,2020-01-01,2026-06-19,1602,825.8499755859375
SHAREINDIA.NS,2020-09-21,2026-06-19,1423,138.89999389648438
SHEMAROO.NS,2020-01-01,2026-06-19,1601,130.60000610351562
SHILPAMED.NS,2020-01-01,2026-06-19,1603,551.3499755859375
SHK.NS,2020-01-01,2026-06-19,1603,140.07000732421875
SHOPERSTOP.NS,2020-01-01,2026-06-19,1603,360.5
SHREDIGCEM.NS,2020-01-01,2026-06-19,1603,76.26000213623047
SHREECEM.NS,2020-01-01,2026-06-19,1603,25075.0
SHREEPUSHK.NS,2020-01-01,2026-06-19,1603,396.0
SHRIPISTON.NS,2020-01-01,2026-06-19,1602,3739.699951171875
SHRIRAMFIN.NS,2020-01-01,2026-06-19,1603,1001.9000244140625
SHRIRAMPPS.NS,2021-12-20,2026-06-19,1114,91.80999755859375
SHYAMMETL.NS,2021-06-24,2026-06-19,1235,970.2999877929688
SIEMENS.NS,2020-01-01,2026-06-19,1602,3759.60009765625
SIGACHI.NS,2021-11-15,2026-06-19,1137,22.950000762939453
SIGMAADV.NS,2020-01-01,2026-06-19,1602,525.0499877929688
SIGNATURE.NS,2023-09-27,2026-06-19,672,798.7999877929688
SIGNPOST.NS,2024-02-14,2026-06-19,579,248.0
SIMPLEXINF.NS,2020-01-01,2026-06-19,1601,274.8500061035156
SINDHUTRAD.NS,2023-06-20,2026-06-19,741,25.209999084472656
SIRCA.NS,2020-01-01,2026-06-19,1603,412.29998779296875
SIS.NS,2020-01-01,2026-06-19,1602,429.75
SIYSIL.NS,2020-01-01,2026-06-19,1603,631.5999755859375
SJS.NS,2021-11-15,2026-06-19,1137,2215.300048828125
SJVN.NS,2020-01-01,2026-06-19,1603,72.87999725341797
SKFINDIA.NS,2020-01-01,2026-06-19,1603,1638.300048828125
SKIPPER.NS,2020-01-01,2026-06-19,1602,543.2999877929688
SKMEGGPROD.NS,2020-01-01,2026-06-19,1603,237.25999450683594
SKYGOLD.NS,2023-01-06,2026-06-19,852,509.3999938964844
SMCGLOBAL.NS,2021-02-24,2026-06-19,1313,72.08999633789062
SMLMAH.NS,2020-01-01,2026-06-19,1603,4092.199951171875
SMSPHARMA.NS,2020-01-01,2026-06-19,1602,378.6000061035156
SNOWMAN.NS,2020-01-01,2026-06-19,1603,39.38999938964844
SOBHA.NS,2020-01-01,2026-06-19,1602,1418.9000244140625
SOLARA.NS,2020-01-01,2026-06-19,1603,563.0999755859375
SOLARINDS.NS,2020-01-01,2026-06-19,1602,18052.0
SOLEX.NS,2020-01-01,2026-06-19,1600,1103.800048828125
SOMANYCERA.NS,2020-01-01,2026-06-19,1601,516.4000244140625
SONACOMS.NS,2021-06-24,2026-06-19,1235,613.7999877929688
SONATSOFTW.NS,2020-01-01,2026-06-19,1603,297.3999938964844
SOTL.NS,2020-01-01,2026-06-19,1603,604.7999877929688
SOUTHBANK.NS,2020-01-01,2026-06-19,1603,48.459999084472656
SOUTHWEST.NS,2020-01-01,2026-06-19,1603,244.35000610351562
SPAL.NS,2020-01-01,2026-06-19,1602,1028.4000244140625
SPANDANA.NS,2020-01-01,2026-06-19,1603,254.6999969482422
SPARC.NS,2020-01-01,2026-06-19,1603,238.08999633789062
SPECIALITY.NS,2020-01-01,2026-06-19,1602,118.41000366210938
SPECTRUM.NS,2020-01-01,2026-06-19,1599,1805.0
SPENCERS.NS,2020-01-01,2026-06-19,1603,37.06999969482422
SPIC.NS,2020-01-01,2026-06-19,1602,70.66000366210938
SPLPETRO.NS,2020-01-01,2026-06-19,1603,750.25
SPMLINFRA.NS,2020-01-01,2026-06-19,1603,198.3000030517578
SPORTKING.NS,2022-08-24,2026-06-19,944,183.07000732421875
SRF.NS,2020-01-01,2026-06-19,1603,2709.800048828125
SRHHYPOLTD.NS,2020-01-01,2026-06-19,1602,490.25
SRM.NS,2024-04-03,2026-06-19,548,489.75
SSWL.NS,2020-01-01,2026-06-19,1602,229.08999633789062
STALLION.NS,2025-01-23,2026-06-19,349,188.72999572753906
STANLEY.NS,2024-06-28,2026-06-19,491,146.9600067138672
STAR.NS,2020-01-01,2026-06-19,1603,1110.9000244140625
STARCEMENT.NS,2020-01-01,2026-06-19,1602,213.25
STARHEALTH.NS,2021-12-10,2026-06-19,1120,580.25
STARPAPER.NS,2020-01-01,2026-06-19,1603,137.22000122070312
STCINDIA.NS,2020-01-01,2026-06-19,1603,135.9499969482422
STEELCAS.NS,2021-11-23,2026-06-19,1132,293.3999938964844
STEL.NS,2020-01-01,2026-06-19,1603,598.0499877929688
STERTOOLS.NS,2020-01-01,2026-06-19,1602,245.52000427246094
STLTECH.NS,2020-01-01,2026-06-19,1603,654.3499755859375
STOVEKRAFT.NS,2021-02-08,2026-06-19,1326,694.25
STYLAMIND.NS,2021-08-02,2026-06-19,1209,3327.800048828125
STYLEBAAZA.NS,2024-09-06,2026-06-19,444,343.54998779296875
STYRENIX.NS,2020-01-01,2026-06-19,1603,2312.89990234375
SUBROS.NS,2020-01-01,2026-06-19,1602,747.4500122070312
SUDARCOLOR.NS,2020-01-01,2026-06-19,1602,362.6499938964844
SUDARSCHEM.NS,2020-01-01,2026-06-19,1602,913.5999755859375
SULA.NS,2022-12-22,2026-06-19,863,156.8699951171875
SUMICHEM.NS,2020-01-27,2026-06-19,1585,452.70001220703125
SUMMITSEC.NS,2020-01-01,2026-06-19,1603,1550.0
SUNCLAY.NS,2023-12-29,2026-06-19,609,1339.5
SUNDARMFIN.NS,2020-01-01,2026-06-19,1603,4475.5
SUNDRMFAST.NS,2020-01-01,2026-06-19,1602,878.5499877929688
SUNDROP.NS,2020-01-01,2026-06-19,1602,653.5499877929688
SUNFLAG.NS,2020-01-01,2026-06-19,1603,358.54998779296875
SUNPHARMA.NS,2020-01-01,2026-06-19,1603,1838.300048828125
SUNTECK.NS,2020-01-01,2026-06-19,1603,326.1000061035156
SUNTV.NS,2020-01-01,2026-06-19,1603,520.8499755859375
SUPRAJIT.NS,2020-01-01,2026-06-19,1602,466.54998779296875
SUPREMEIND.NS,2020-01-01,2026-06-19,1603,3525.5
SUPRIYA.NS,2021-12-28,2026-06-19,1107,932.2000122070312
SURAJEST.NS,2023-12-26,2026-06-19,615,196.10000610351562
SURAKSHA.NS,2024-12-06,2026-06-19,381,268.3500061035156
SURYAROSNI.NS,2020-01-01,2026-06-19,1603,266.3399963378906
SURYODAY.NS,2021-03-26,2026-06-19,1293,175.08999633789062
SUVEN.NS,2020-01-01,2026-06-19,1603,268.20001220703125
SUYOG.NS,2024-08-20,2026-06-19,455,813.0499877929688
SUZLON.NS,2020-01-01,2026-06-19,1603,59.20000076293945
SWANCORP.NS,2020-01-01,2026-06-19,1603,318.25
SWARAJENG.NS,2020-01-01,2026-06-19,1601,3927.60009765625
SWELECTES.NS,2020-01-01,2026-06-19,1601,639.3499755859375
SWIGGY.NS,2024-11-13,2026-06-19,397,254.0500030517578
SWSOLAR.NS,2020-01-01,2026-06-19,1603,235.47000122070312
SYMPHONY.NS,2020-01-01,2026-06-19,1603,697.1500244140625
SYNGENE.NS,2020-01-01,2026-06-19,1603,440.75
SYRMA.NS,2022-08-26,2026-06-19,943,1334.0
TAJGVK.NS,2020-01-01,2026-06-19,1603,338.45001220703125
TAKE.NS,2020-01-01,2026-06-19,1601,30.030000686645508
TALBROAUTO.NS,2020-01-01,2026-06-19,1603,360.45001220703125
TANLA.NS,2020-01-01,2026-06-19,1603,521.3499755859375
TARC.NS,2020-12-18,2026-06-19,1360,126.18000030517578
TARIL.NS,2020-01-01,2026-06-19,1603,357.54998779296875
TARSONS.NS,2021-11-26,2026-06-19,1130,262.6199951171875
TASTYBITE.NS,2020-01-01,2026-06-19,1602,8297.5
TATACHEM.NS,2020-01-01,2026-06-19,1603,729.1500244140625
TATACOMM.NS,2020-01-01,2026-06-19,1603,1988.800048828125
TATACONSUM.NS,2020-01-01,2026-06-19,1603,1111.5
TATAELXSI.NS,2020-01-01,2026-06-19,1603,4065.5
TATAINVEST.NS,2020-01-01,2026-06-19,1603,691.0
TATAPOWER.NS,2020-01-01,2026-06-19,1603,402.3500061035156
TATASTEEL.NS,2020-01-01,2026-06-19,1603,198.9600067138672
TATATECH.NS,2023-11-30,2026-06-19,632,742.25
TATVA.NS,2021-07-29,2026-06-19,1211,1194.0
TBOTEK.NS,2024-05-15,2026-06-19,522,1489.800048828125
TBZ.NS,2020-01-01,2026-06-19,1603,188.8800048828125
TCI.NS,2020-01-01,2026-06-19,1602,948.0499877929688
TCIEXP.NS,2020-01-01,2026-06-19,1601,537.5499877929688
TCPLPACK.NS,2020-01-01,2026-06-19,1602,3029.39990234375
TCS.NS,2020-01-01,2026-06-19,1603,2125.0
TDPOWERSYS.NS,2020-01-01,2026-06-19,1603,1272.699951171875
TEAMLEASE.NS,2020-01-01,2026-06-19,1602,1465.0
TECHM.NS,2020-01-01,2026-06-19,1603,1409.5999755859375
TECHNOE.NS,2020-01-01,2026-06-19,1603,1079.300048828125
TEGA.NS,2021-12-13,2026-06-19,1118,1794.9000244140625
TEJASNET.NS,2020-01-01,2026-06-19,1603,632.3499755859375
TEMBO.NS,2020-01-01,2026-06-19,1602,561.5999755859375
TERASOFT.NS,2020-01-01,2026-06-19,1602,416.54998779296875
TEXINFRA.NS,2020-01-01,2026-06-19,1602,102.38999938964844
TEXRAIL.NS,2020-01-01,2026-06-19,1603,109.29000091552734
TFCILTD.NS,2020-01-01,2026-06-19,1603,74.16000366210938
THANGAMAYL.NS,2020-01-01,2026-06-19,1603,5454.60009765625
THEJO.NS,2020-01-01,2026-06-19,1601,1817.699951171875
THELEELA.NS,2025-06-02,2026-06-19,262,494.20001220703125
THEMISMED.NS,2020-01-01,2026-06-19,1603,101.7300033569336
THERMAX.NS,2020-01-01,2026-06-19,1602,4702.39990234375
THOMASCOOK.NS,2020-01-01,2026-06-19,1603,111.5999984741211
THYROCARE.NS,2020-01-01,2026-06-19,1603,540.5499877929688
TI.NS,2020-01-01,2026-06-19,1603,443.1000061035156
TIIL.NS,2020-01-01,2026-06-19,1601,2616.699951171875
TIINDIA.NS,2020-01-01,2026-06-19,1603,3285.60009765625
TIMETECHNO.NS,2020-01-01,2026-06-19,1603,178.4199981689453
TIMKEN.NS,2020-01-01,2026-06-19,1602,3689.39990234375
TINNARUBR.NS,2025-04-17,2026-06-19,292,891.25
TIPSMUSIC.NS,2020-01-01,2026-06-19,1603,653.0
TIRUMALCHM.NS,2020-01-01,2026-06-19,1602,167.0
TIRUPATIFL.NS,2020-01-01,2026-06-19,1601,47.97999954223633
TITAGARH.NS,2020-01-01,2026-06-19,1603,922.4500122070312
TITAN.NS,2020-01-01,2026-06-19,1603,4419.89990234375
TMB.NS,2022-09-15,2026-06-19,929,780.5999755859375
TMPV.NS,2020-01-01,2026-06-19,1603,359.5
TNPETRO.NS,2020-01-01,2026-06-19,1603,90.58999633789062
TNPL.NS,2020-01-01,2026-06-19,1602,145.38999938964844
TOLINS.NS,2024-09-16,2026-06-19,437,106.12999725341797
TORNTPHARM.NS,2020-01-01,2026-06-19,1603,4429.7998046875
TORNTPOWER.NS,2020-01-01,2026-06-19,1603,1438.4000244140625
TPLPLASTEH.NS,2020-01-01,2026-06-19,1603,66.80999755859375
TRACXN.NS,2022-10-20,2026-06-19,906,30.549999237060547
TRANSRAILL.NS,2024-12-27,2026-06-19,368,507.70001220703125
TRANSWORLD.NS,2020-01-01,2026-06-19,1602,177.9499969482422
TREL.NS,2023-08-10,2026-06-19,704,26.06999969482422
TRENT.NS,2020-01-01,2026-06-19,1603,3205.800048828125
TRF.NS,2020-01-01,2026-06-19,1603,233.8000030517578
TRIDENT.NS,2020-01-01,2026-06-19,1603,25.93000030517578
TRIGYN.NS,2020-01-01,2026-06-19,1602,57.0
TRITURBINE.NS,2020-01-01,2026-06-19,1603,672.2999877929688
TRIVENI.NS,2020-01-01,2026-06-19,1603,403.54998779296875
TSFINV.NS,2020-01-01,2026-06-19,1603,395.3999938964844
TTKHLTCARE.NS,2020-01-01,2026-06-19,1602,929.4000244140625
TTKPRESTIG.NS,2020-01-01,2026-06-19,1603,541.2999877929688
TTML.NS,2020-01-01,2026-06-19,1603,44.189998626708984
TVSELECT.NS,2020-01-01,2026-06-19,1602,482.3500061035156
TVSHLTD.NS,2020-01-01,2026-06-19,1601,13132.0
TVSMOTOR.NS,2020-01-01,2026-06-19,1603,3442.89990234375
TVSSCS.NS,2023-08-23,2026-06-19,697,140.30999755859375
TVSSRICHAK.NS,2020-01-01,2026-06-19,1602,4105.60009765625
TVTODAY.NS,2020-01-01,2026-06-19,1602,107.37000274658203
UBL.NS,2020-01-01,2026-06-19,1603,1341.9000244140625
UCOBANK.NS,2020-01-01,2026-06-19,1603,27.579999923706055
UDS.NS,2023-10-04,2026-06-19,669,181.02000427246094
UFBL.NS,2021-04-07,2026-06-19,1286,644.1500244140625
UFLEX.NS,2020-01-01,2026-06-19,1602,425.8999938964844
UFO.NS,2020-01-01,2026-06-19,1602,73.38999938964844
UGARSUGAR.NS,2020-01-01,2026-06-19,1603,39.63999938964844
UGROCAP.NS,2021-08-11,2026-06-19,1201,99.7300033569336
UJJIVANSFB.NS,2020-01-01,2026-06-19,1603,57.27000045776367
ULTRACEMCO.NS,2020-01-01,2026-06-19,1603,11367.0
UNICHEMLAB.NS,2020-01-01,2026-06-19,1603,444.29998779296875
UNIDT.NS,2020-09-25,2026-06-19,1417,222.50999450683594
UNIECOM.NS,2024-08-13,2026-06-19,461,89.69000244140625
UNIMECH.NS,2024-12-31,2026-06-19,365,1197.6500244140625
UNIONBANK.NS,2020-01-01,2026-06-19,1603,175.75999450683594
UNIPARTS.NS,2022-12-12,2026-06-19,870,674.7000122070312
UNITDSPR.NS,2020-01-01,2026-06-19,1603,1320.5
UNIVASTU.NS,2020-01-01,2026-06-19,1602,89.12000274658203
UNIVCABLES.NS,2020-01-01,2026-06-19,1603,1273.5
UNOMINDA.NS,2020-01-01,2026-06-19,1603,1115.5999755859375
UPL.NS,2020-01-01,2026-06-19,1603,608.6500244140625
USHAMART.NS,2020-01-01,2026-06-19,1603,476.04998779296875
UTIAMC.NS,2020-10-13,2026-06-19,1408,950.25
UTTAMSUGAR.NS,2020-01-01,2026-06-19,1603,237.85000610351562
V2RETAIL.NS,2020-01-01,2026-06-19,1603,236.85000610351562
VADILALIND.NS,2020-01-01,2026-06-19,1601,6108.0
VAIBHAVGBL.NS,2020-01-01,2026-06-19,1602,244.3300018310547
VALIANTORG.NS,2020-10-05,2026-06-19,1412,290.95001220703125
VARROC.NS,2020-01-01,2026-06-19,1602,615.2000122070312
VASCONEQ.NS,2020-01-01,2026-06-19,1603,36.310001373291016
VBL.NS,2020-01-01,2026-06-19,1603,529.5
VEDL.NS,2020-01-01,2026-06-19,1603,300.79998779296875
VEEDOL.NS,2020-01-01,2026-06-19,1603,1482.199951171875
VENKEYS.NS,2020-01-01,2026-06-19,1602,1423.5
VENTIVE.NS,2024-12-30,2026-06-19,367,647.1500244140625
VENUSPIPES.NS,2022-05-24,2026-06-19,1008,1546.0999755859375
VENUSREM.NS,2020-01-01,2026-06-19,1601,1739.0999755859375
VERANDA.NS,2022-04-11,2026-06-19,1037,244.88999938964844
VERTOZ.NS,2020-01-01,2026-06-19,1602,43.400001525878906
VESUVIUS.NS,2020-01-01,2026-06-19,1602,464.8999938964844
VETO.NS,2020-01-01,2026-06-19,1603,131.74000549316406
VGUARD.NS,2020-01-01,2026-06-19,1602,311.25
VIDHIING.NS,2020-01-01,2026-06-19,1601,284.3999938964844
VIJAYA.NS,2021-09-14,2026-06-19,1179,1364.199951171875
VIMTALABS.NS,2020-01-01,2026-06-19,1603,571.4000244140625
VINATIORGA.NS,2020-01-01,2026-06-19,1603,1333.9000244140625
VINCOFE.NS,2024-10-18,2026-06-19,415,152.16000366210938
VINDHYATEL.NS,2020-01-01,2026-06-19,1603,2374.10009765625
VINYLINDIA.NS,2020-01-01,2026-06-19,1601,253.89999389648438
VIPCLOTHNG.NS,2020-01-01,2026-06-19,1602,24.989999771118164
VIPIND.NS,2020-01-01,2026-06-19,1602,317.5
VISAKAIND.NS,2020-01-01,2026-06-19,1602,77.16999816894531
VISHNU.NS,2020-01-01,2026-06-19,1603,601.0
VIVIANA.NS,2022-09-16,2026-06-19,926,813.8499755859375
VIYASH.NS,2020-01-01,2026-06-19,1603,254.9499969482422
VLSFINANCE.NS,2020-01-01,2026-06-19,1601,242.24000549316406
VMART.NS,2020-01-01,2026-06-19,1602,797.7999877929688
VMM.NS,2024-12-18,2026-06-19,374,118.66000366210938
VOLTAMP.NS,2020-01-01,2026-06-19,1603,10237.5
VOLTAS.NS,2020-01-01,2026-06-19,1603,1343.4000244140625
VPRPL.NS,2023-09-05,2026-06-19,689,31.469999313354492
VRAJ.NS,2024-07-03,2026-06-19,489,122.33999633789062
VRLLOG.NS,2020-01-01,2026-06-19,1602,240.00999450683594
VSSL.NS,2020-01-01,2026-06-19,1602,281.54998779296875
VSTIND.NS,2020-01-01,2026-06-19,1603,259.95001220703125
VSTTILLERS.NS,2020-01-01,2026-06-19,1602,4566.60009765625
VTL.NS,2020-01-01,2026-06-19,1603,657.4500122070312
WAAREEENER.NS,2024-10-28,2026-06-19,409,3125.39990234375
WAAREERTL.NS,2025-04-09,2026-06-19,297,988.0499877929688
WABAG.NS,2020-01-01,2026-06-19,1603,1983.5999755859375
WALCHANNAG.NS,2020-01-01,2026-06-19,1603,312.04998779296875
WANBURY.NS,2020-01-01,2026-06-19,1602,266.75
WCIL.NS,2024-09-24,2026-06-19,432,102.44999694824219
WEBELSOLAR.NS,2020-01-01,2026-06-19,1603,104.70999908447266
WEL.NS,2020-01-01,2026-06-19,1602,94.37000274658203
WELCORP.NS,2020-01-01,2026-06-19,1603,1423.4000244140625
WELENT.NS,2020-01-01,2026-06-19,1603,567.8499755859375
WELSPUNLIV.NS,2020-01-01,2026-06-19,1603,162.22999572753906
WENDT.NS,2020-01-01,2026-06-19,1602,7909.0
WESTLIFE.NS,2020-01-01,2026-06-19,1602,467.1000061035156
WHEELS.NS,2020-01-01,2026-06-19,1603,1553.4000244140625
WHIRLPOOL.NS,2020-01-01,2026-06-19,1603,794.9500122070312
WINDLAS.NS,2021-08-16,2026-06-19,1198,816.0
WINDMACHIN.NS,2020-01-01,2026-06-19,1602,325.04998779296875
WIPRO.NS,2020-01-01,2026-06-19,1603,180.8000030517578
WOCKPHARMA.NS,2020-01-01,2026-06-19,1603,2011.0999755859375
WONDERLA.NS,2020-01-01,2026-06-19,1602,480.70001220703125
WSTCSTPAPR.NS,2020-01-01,2026-06-19,1602,513.3499755859375
XCHANGING.NS,2020-01-01,2026-06-19,1602,63.20000076293945
XPROINDIA.NS,2020-01-01,2026-06-19,1603,1344.800048828125
YASHO.NS,2023-08-21,2026-06-19,696,2878.60009765625
YATHARTH.NS,2023-08-07,2026-06-19,709,839.75
YATRA.NS,2023-09-28,2026-06-19,673,112.95999908447266
YESBANK.NS,2020-01-01,2026-06-19,1603,25.40999984741211
YUKEN.NS,2021-09-02,2026-06-19,1186,692.4500122070312
ZAGGLE.NS,2023-09-22,2026-06-19,677,213.1699981689453
ZEEL.NS,2020-01-01,2026-06-19,1603,113.36000061035156
ZENSARTECH.NS,2020-01-01,2026-06-19,1603,447.95001220703125
ZENTEC.NS,2020-01-01,2026-06-19,1603,1997.0
ZFCVINDIA.NS,2020-01-01,2026-06-19,1603,15795.0
ZIMLAB.NS,2022-11-25,2026-06-19,881,119.43000030517578
ZOTA.NS,2020-01-01,2026-06-19,1602,1307.5999755859375
ZUARI.NS,2020-01-01,2026-06-19,1603,238.4600067138672
ZUARIIND.NS,2020-01-01,2026-06-19,1602,267.3500061035156
ZYDUSLIFE.NS,2020-01-01,2026-06-19,1603,1070.800048828125
ZYDUSWELL.NS,2020-01-01,2026-06-19,1603,512.3499755859375
