Security_ID,Symbol,Company_Name,Sector,Rank,Alpha_Adjusted,Weight,Last_Close,Market_Cap,ADV_20D,Portfolio_Date,Engine_Version,Max_Daily_Trade,Position_Capacity,Implied_Fund_Capacity,MarketCap_Limit,Effective_Capacity,Days_To_Exit,Participation_Rate,Capacity_Score,Capacity_Class,Liquidity_Breach
SEC39245F03,POLYCAB,Polycab India Limited,Industrials,2.0,0.9127760252365932,0.0240201377534145,9523.0,1428950146682.0,2316271807.35,2026-08-04,1.0.0,231627180.735,3474407711.025,144645619716.77734,14289501466.82,14289501466.82,1.4818459240037296,0.148184592400373,51.6,LIMITED,False
SEC6ACA80F1,ADANIPORTS,Adani Ports and Special Economic Zone Limited,Industrials,8.0,0.8703470031545743,0.0239763587470696,1804.0999755859373,4125469104629.799,3373669639.0795164,2026-08-04,1.0.0,337366963.90795165,5060504458.619275,211062259786.95667,41254691046.29799,41254691046.29799,2.9319328160283065,0.29319328160283065,64.4,SCALABLE,False
SEC0BE45679,POWERINDIA,Hitachi Energy India Limited,Industrials,26.0,0.8406940063091483,0.0236957234556814,34185.0,1518803269225.0,7157744736.0,2026-08-04,1.0.0,715774473.6,10736617104.0,453103578967.7794,15188032692.25,15188032692.25,0.502800024009412,0.05028000240094121,81.6,INSTITUTIONAL,False
SEC10D35CD2,SBIN,State Bank of India,Financial Services,36.0,0.8302147239263803,0.0232725996848592,1014.5,4126793239582.544,8773996818.526707,2026-08-04,1.0.0,877399681.8526707,13160995227.79006,565514614009.8995,41267932395.82544,41267932395.82544,1.0946118289465556,0.10946118289465556,84.4,INSTITUTIONAL,False
SEC23029172,ADANIPOWER,Adani Power Limited,Utilities,29.0,0.835185185185185,0.0232526240012415,220.47000122070312,4126793239582.544,8701394964.536728,2026-08-04,1.0.0,870139496.4536729,13052092446.805094,561316969908.7819,41267932395.82544,41267932395.82544,1.1027975620227137,0.11027975620227139,82.80000000000001,INSTITUTIONAL,False
SEC458C7E09,BAJAJ-AUTO,Bajaj Auto Limited,Consumer Cyclical,16.0,0.8525193798449612,0.0232284236961244,10073.0,2812545623043.0,3390252519.075879,2026-08-04,1.0.0,339025251.90758795,5085378778.613819,218929138074.15616,28125456230.43,28125456230.43,1.9270246398793627,0.19270246398793628,64.4,SCALABLE,False
SEC7FE71EB3,BHARATFORG,Bharat Forge Limited,Consumer Cyclical,1.0,0.9193798449612404,0.0230926270847158,1941.199951171875,921802679687.1144,1752069513.2322204,2026-08-04,1.0.0,175206951.32322204,2628104269.8483305,113807071850.5553,9218026796.871143,9218026796.871143,1.2149543934724516,0.12149543934724516,41.2,LIMITED,False
SECC2E751BE,APOLLOHOSP,Apollo Hospitals Enterprise Limited,Healthcare,38.0,0.8277777777777777,0.0229921229331528,8511.0,1224398246683.5,3880171828.7,2026-08-04,1.0.0,388017182.87,5820257743.05,253141380635.95923,12243982466.835001,12243982466.835001,0.725522380185817,0.07255223801858171,63.6,SCALABLE,False
SECD1C4E177,BHEL,Bharat Heavy Electricals Limited,Industrials,19.0,0.8473186119873817,0.0229016950155881,376.8999938964844,1296720372149.172,4193728750.906015,2026-08-04,1.0.0,419372875.0906015,6290593126.359022,274678058636.15393,12967203721.491722,12967203721.491722,0.7081310272402446,0.07081310272402445,67.2,SCALABLE,False
SEC0BDD67BA,MOTHERSON,Samvardhana Motherson International Limited,Consumer Cyclical,27.0,0.837984496124031,0.0226576847906215,143.4499969482422,1494697571482.7888,3802947477.0305176,2026-08-04,1.0.0,380294747.7030518,5704421215.545777,251765406230.16165,14946975714.827888,14946975714.827888,0.8905299543713026,0.08905299543713027,63.99999999999999,SCALABLE,False
SEC31D4BC12,GVT&D,GE Vernova T&D India Ltd,Industrials,33.0,0.832807570977918,0.0226551674540102,4890.0,1253219765557.5,4744110174.789648,2026-08-04,1.0.0,474411017.4789648,7116165262.184472,314107820064.9025,12532197655.575,12532197655.575,0.5984663635397012,0.05984663635397012,71.2,SCALABLE,False
SECE103320D,INDUSTOWER,Indus Towers Limited,Communication Services,7.0,0.8710526315789474,0.0225853370204692,420.8999938964844,1108015280054.4707,2733181575.117189,2026-08-04,1.0.0,273318157.5117189,4099772362.675784,181523630086.19888,11080152800.544706,11080152800.544706,0.9155959030196084,0.09155959030196084,51.2,LIMITED,False
SEC8467BBC9,NESTLEIND,Nestlé India Limited,Consumer Defensive,43.0,0.821111111111111,0.0224387385352618,1383.0,2739749080011.9727,2801292064.615503,2026-08-04,1.0.0,280129206.4615503,4201938096.9232545,187262670328.81708,27397490800.119728,27397490800.119728,2.1945770680305983,0.21945770680305984,60.400000000000006,SCALABLE,False
SECA8D30DA3,CGPOWER,CG Power and Industrial Solutions Limited,Industrials,34.0,0.8324921135646688,0.022426706882935,909.5999755859376,1425337215345.0,3510287698.27728,2026-08-04,1.0.0,351028769.82772803,5265431547.41592,234783982102.2724,14253372153.45,14253372153.45,0.910626782914935,0.09106267829149352,61.20000000000001,SCALABLE,False
SEC8084428B,TITAN,Titan Company Limited,Consumer Cyclical,48.0,0.8125968992248063,0.0224050247823875,4124.0,3657287606980.0,3426222277.4719973,2026-08-04,1.0.0,342622227.7471998,5139333416.207996,229383072151.20804,36572876069.8,36572876069.8,2.391602553327782,0.23916025533277824,65.60000000000001,SCALABLE,False
SECBFB674BF,TORNTPHARM,Torrent Pharmaceuticals Limited,Healthcare,28.0,0.8361111111111111,0.0222795389954635,4569.2998046875,1548083320155.3125,2354768015.4289308,2026-08-04,1.0.0,235476801.54289308,3532152023.1433964,158537931321.76584,15480833201.553125,15480833201.553125,1.464712552303981,0.1464712552303981,55.2,LIMITED,False
SEC98541475,ATHERENERG,Ather Energy Limited,Consumer Cyclical,10.0,0.8651162790697674,0.0221580263123085,1034.1500244140625,401338390830.5786,4101349137.936835,2026-08-04,1.0.0,410134913.7936835,6152023706.905252,277643126702.48444,4013383908.305786,4013383908.305786,0.2168278370135791,0.021682783701357913,61.20000000000001,SCALABLE,False
SEC59D35B99,TATASTEEL,Tata Steel Limited,Basic Materials,9.0,0.8655642023346303,0.0217621045600958,197.4499969482422,2461693342554.2534,6622054083.466818,2026-08-04,1.0.0,662205408.3466818,9933081125.200228,456439362184.3944,24616933425.542534,24616933425.542534,0.8089880759099938,0.08089880759099939,79.2,SCALABLE,False
SECD98B2F18,BSE,BSE Limited,Financial Services,49.0,0.8115030674846625,0.0216850799531143,4019.0,1613632028905.879,8773996818.526707,2026-08-04,1.0.0,877399681.8526707,13160995227.79006,606914766108.5725,16136320289.05879,16136320289.05879,0.3988118560499512,0.03988118560499512,85.60000000000001,INSTITUTIONAL,False
SECA722432A,LAURUSLABS,Laurus Labs Limited,Healthcare,6.0,0.8746031746031747,0.0214305474044527,1392.199951171875,755809166617.0,2304859375.517785,2026-08-04,1.0.0,230485937.55177853,3457289063.276678,161325280125.9918,7558091666.17,7558091666.17,0.7027502131346635,0.07027502131346636,47.599999999999994,LIMITED,False
SECE38F61AD,JSWSTEEL,JSW Steel Limited,Basic Materials,5.0,0.8836575875486381,0.0213423248739583,1297.0999755859375,3165996605790.6978,2056179374.2716308,2026-08-04,1.0.0,205617937.4271631,3084269061.4074464,144514202628.91986,31659966057.90698,31659966057.90698,3.2861786746873616,0.32861786746873617,54.400000000000006,LIMITED,False
SEC2FE15581,NYKAA,FSN E-Commerce Ventures Limited,Consumer Cyclical,23.0,0.8439922480620154,0.021201270135853,271.0,771227796787.0096,1879164541.978723,2026-08-04,1.0.0,187916454.1978723,2818746812.968085,132951789911.93382,7712277967.870096,7712277967.870096,0.8701211890015147,0.08701211890015148,42.8,LIMITED,False
SEC1317061B,HINDALCO,Hindalco Industries Limited,Basic Materials,17.0,0.8519455252918289,0.0210850195258961,1024.0999755859375,2295858389466.432,6406327533.871887,2026-08-04,1.0.0,640632753.3871888,9609491300.807833,455749698927.51074,22958583894.66432,22958583894.66432,0.7556313459567201,0.07556313459567202,78.4,SCALABLE,False
SEC3069B975,APARINDS,APAR Industries Limited,Industrials,24.0,0.8430599369085173,0.0210343348602527,15300.0,612255341400.0,1849503312.0,2026-08-04,1.0.0,184950331.20000002,2774254968.0000005,131891737315.75134,6122553414.0,6122553414.0,0.6963158047583933,0.06963158047583934,40.800000000000004,LIMITED,False
SECBC710BBF,PHOENIXLTD,The Phoenix Mills Limited,Real Estate,4.0,0.8892857142857142,0.0209886656963214,1751.0,623331592608.9569,765248267.053009,2026-08-04,1.0.0,76524826.70530091,1147872400.5795138,54690108327.40534,6233315926.089569,6233315926.089569,1.7096279702282213,0.17096279702282216,21.6,CONSTRAINED,False
SEC17154FBC,FEDERALBNK,The Federal Bank Limited,Financial Services,3.0,0.9012269938650308,0.0206536566336229,315.95001220703125,778449810214.7582,5735660901.565318,2026-08-04,1.0.0,573566090.1565318,8603491352.347977,416560200693.0828,7784498102.147582,7784498102.147582,0.2803135569311067,0.028031355693110674,72.80000000000001,SCALABLE,False
SEC262E8C48,KEI,KEI Industries Limited,Industrials,15.0,0.8534700315457413,0.0204306940716267,5309.5,507782560342.5,1303086957.135327,2026-08-04,1.0.0,130308695.71353272,1954630435.7029908,95671269358.26915,5077825603.425,5077825603.425,0.7961364426570309,0.0796136442657031,33.20000000000001,CONSTRAINED,False
SEC910FE0F6,GRASIM,Grasim Industries Limited,Basic Materials,37.0,0.8295719844357976,0.0199667510582008,3107.5,2101928744185.5864,2760642338.060632,2026-08-04,1.0.0,276064233.80606323,4140963507.0909486,207392955169.34692,21019287441.855865,21019287441.855865,1.5202508270851736,0.15202508270851736,58.80000000000001,LIMITED,False
SEC06DCFAD7,SAIL,Steel Authority of India Limited,Basic Materials,20.0,0.8464980544747083,0.0199604255004073,183.8999938964844,754275225545.3625,4376503251.329583,2026-08-04,1.0.0,437650325.13295835,6564754876.994375,328888523787.2519,7542752255.453626,7542752255.453626,0.34401104218824036,0.03440110421882404,65.60000000000001,SCALABLE,False
SECD3E0F146,NATIONALUM,National Aluminium Company Limited,Basic Materials,25.0,0.8418287937743191,0.019846743819672,376.2000122070313,692685667257.1392,5481602198.980354,2026-08-04,1.0.0,548160219.8980354,8222403298.470531,414294827059.768,6926856672.571392,6926856672.571392,0.2507944664092593,0.02507944664092593,69.2,SCALABLE,False
SEC5E2FCDD9,WAAREEENER,WAAREE ENERGIES LIMITED,Technology,50.0,0.8099056603773584,0.0197982093465519,3023.60009765625,872676634168.4753,3060762629.659045,2026-08-04,1.0.0,306076262.96590453,4591143944.488568,231896928864.8406,8726766341.684753,8726766341.684753,0.5644813657776653,0.056448136577766525,58.8,LIMITED,False
SEC9BFC6369,MARICO,Marico Limited,Consumer Defensive,45.0,0.8161111111111111,0.0188589092234991,818.5,1061839224929.95,1345999925.6837585,2026-08-04,1.0.0,134599992.56837586,2018999888.5256379,107058147669.00026,10618392249.2995,10618392249.2995,1.4877511633391767,0.14877511633391766,38.400000000000006,CONSTRAINED,False
SECF5E25039,CUPID,Cupid Limited,Consumer Defensive,11.0,0.8644444444444446,0.0186212549529847,159.83999633789062,214594396188.70544,2129550510.7044053,2026-08-04,1.0.0,212955051.07044053,3194325766.056608,171541916703.34268,2145943961.8870544,2145943961.8870544,0.18764602871945515,0.018764602871945514,42.00000000000001,LIMITED,False
SEC40D715C2,HINDCOPPER,Hindustan Copper Limited,Basic Materials,30.0,0.8346303501945526,0.0184223106968242,508.7000122070313,491635005865.7538,2373609351.892441,2026-08-04,1.0.0,237360935.1892441,3560414027.838661,193266419529.68674,4916350058.657538,4916350058.657538,0.3815730174922365,0.03815730174922365,49.60000000000001,LIMITED,False
SECE6819099,ADANIENSOL,Adani Energy Solutions Limited,Utilities,32.0,0.8333333333333335,0.0182435733252108,1493.0999755859375,1792553899736.021,5095655373.06814,2026-08-04,1.0.0,509565537.306814,7643483059.60221,418968527894.67944,17925538997.36021,17925538997.36021,0.6417739449584509,0.06417739449584509,77.60000000000001,SCALABLE,False
SEC813579CA,SONACOMS,Sona BLW Precision Forgings Limited,Consumer Cyclical,47.0,0.8135658914728684,0.0182001045682118,589.0,366032582500.76935,805761599.3373016,2026-08-04,1.0.0,80576159.93373017,1208642399.0059526,66408541471.62213,3660325825.007694,3660325825.007694,0.8267744804872353,0.08267744804872355,22.000000000000004,CONSTRAINED,False
SEC3F90165F,RRKABEL,R R Kabel Limited,Industrials,39.0,0.8264984227129338,0.0181104834288384,2150.39990234375,243493536686.7297,1269464695.2124023,2026-08-04,1.0.0,126946469.52124023,1904197042.8186035,105143358005.91814,2434935366.867297,2434935366.867297,0.34737363534607346,0.034737363534607345,30.000000000000004,CONSTRAINED,False
SECFA5934F9,JINDALSTEL,Jindal Steel Limited,Basic Materials,44.0,0.8184824902723735,0.0179788581627996,1147.4000244140625,1161869682805.318,1024062529.702185,2026-08-04,1.0.0,102406252.97021851,1536093794.5532777,85438896099.17714,11618696828.05318,11618696828.05318,2.039825657607908,0.2039825657607908,31.2,CONSTRAINED,False
SECE496E96D,NAVINFLUOR,Navin Fluorine International Limited,Basic Materials,12.0,0.8642023346303502,0.0177534669117742,7268.5,371823202750.0,1027275226.45,2026-08-04,1.0.0,102727522.64500001,1540912839.6750002,86795038249.85631,3718232027.5,3718232027.5,0.6425883499462867,0.06425883499462867,29.200000000000003,CONSTRAINED,False
SECA6E1B437,BELRISE,BELRISE INDUSTRIES LTD,Consumer Cyclical,35.0,0.8315891472868218,0.0177010186579581,227.44000244140625,201700020917.55493,1145386952.1773925,2026-08-04,1.0.0,114538695.21773925,1718080428.2660887,97061104870.01079,2017000209.1755493,2017000209.1755493,0.3117108874677688,0.031171088746776883,27.200000000000003,CONSTRAINED,False
SECCDFD81E7,WELCORP,Welspun Corp Limited,Basic Materials,18.0,0.8494163424124513,0.0175242701555916,1396.5,366284755992.0,1154836042.343451,2026-08-04,1.0.0,115483604.23434511,1732254063.5151765,98848856365.20807,3662847559.92,3662847559.92,0.5558254836637467,0.05558254836637467,32.8,CONSTRAINED,False
SEC604401C1,ACUTAAS,Acutaas Chemicals Limited,Basic Materials,22.0,0.8441634241245136,0.0174012092902968,3147.10009765625,256395788769.78665,1330672150.8816895,2026-08-04,1.0.0,133067215.08816896,1996008226.3225346,114705144511.74042,2563957887.6978664,2563957887.6978664,0.3352889574323457,0.033528895743234574,34.800000000000004,CONSTRAINED,False
SEC810017B2,KIRLOSENG,Kirloskar Oil Engines Limited,Industrials,42.0,0.8230283911671923,0.0165293663568896,1872.0,268952896400.0,671078758.9071411,2026-08-04,1.0.0,67107875.89071411,1006618138.3607116,60898773529.88448,2689528964.0,2689528964.0,0.6624588989497918,0.06624588989497918,20.8,CONSTRAINED,False
SEC681E0717,CRAFTSMAN,Craftsman Automation Limited,Consumer Cyclical,40.0,0.8259689922480621,0.0162708392703216,8863.0,210406242060.0,497216183.9,2026-08-04,1.0.0,49721618.39,745824275.85,45838094978.321205,2104062420.6000001,2104062420.6000001,0.6885307149855708,0.06885307149855709,15.600000000000003,CONSTRAINED,False
SEC3BD55433,GPIL,Godawari Power & Ispat Limited,Basic Materials,46.0,0.8138132295719845,0.0160770207770766,277.29998779296875,181516682970.0,1415119810.6218064,2026-08-04,1.0.0,141511981.06218064,2122679715.9327097,132031907239.88676,1815166829.7,1815166829.7,0.20621911032483056,0.020621911032483054,34.400000000000006,CONSTRAINED,False
SECDCBF746B,SHYAMMETL,Shyam Metalics and Energy Limited,Basic Materials,41.0,0.8247081712062256,0.0159280904807013,986.75,274974698093.1006,698681971.9648132,2026-08-04,1.0.0,69868197.19648133,1048022957.94722,65797149960.75765,2749746980.931006,2749746980.931006,0.6268691689315556,0.06268691689315557,23.6,CONSTRAINED,False
SECACB85887,SYRMA,Syrma SGS Technology Limited,Technology,14.0,0.8542452830188679,0.0155099013018624,1257.5,243709111494.88354,1300762504.6022766,2026-08-04,1.0.0,130076250.46022767,1951143756.903415,125799882212.60475,2437091114.9488354,2437091114.9488354,0.29059142251382564,0.029059142251382567,33.20000000000001,CONSTRAINED,False
SEC3FF4377F,MAHABANK,Bank of Maharashtra,Financial Services,21.0,0.8450920245398773,0.0137942996732158,86.30000305175781,659473904982.0659,1050737736.3119464,2026-08-04,1.0.0,105073773.63119465,1576106604.4679198,114257819665.04788,6594739049.82066,6594739049.82066,0.8657708158382653,0.08657708158382654,30.400000000000006,CONSTRAINED,False
SEC6E162A52,AETHER,Aether Industries Limited,Basic Materials,31.0,0.8342412451361868,0.0134897409599067,1151.800048828125,153424754893.93665,405966353.5218506,2026-08-04,1.0.0,40596635.35218506,608949530.282776,45141677078.35568,1534247548.9393666,1534247548.9393666,0.5098107718537779,0.050981077185377796,15.599999999999998,CONSTRAINED,False
SECE827CE80,ANANDRATHI,Anand Rathi Wealth Limited,Financial Services,13.0,0.8549079754601226,0.0123609172207041,1756.0,290821280902.0,1474407316.2474976,2026-08-04,1.0.0,147440731.62474975,2211610974.3712463,178919649317.51797,2908212809.02,2908212809.02,0.24381442900038633,0.02438144290003863,41.6,LIMITED,False
