Date,Portfolio_Return,Portfolio_Value,Drawdown
2021-06-14,-0.005953980593545982,994046.0194064539,0.0
2021-06-15,-0.001607198818660986,992448.3898183693,-0.0016071988186608932
2021-06-16,-0.025702019112904373,966940.4623346863,-0.02726790967680992
2021-06-17,-0.0218512223205209,945811.6313215038,-0.048523294840767006
2021-06-18,-0.018058270622287192,928731.9089253932,-0.06570531867333451
2021-06-21,0.021330875881506506,948542.5740018755,-0.04577599478920369
2021-06-22,0.011905935906223797,959835.8610922663,-0.03441506494298385
2021-06-23,-0.01238664582441585,947946.7142313431,-0.0463754235469267
2021-06-24,-0.005943692324479017,942312.4106219512,-0.05204347462242531
2021-06-25,0.022627096697618598,963634.2046564602,-0.030593970657568414
2021-06-28,0.002586374031614064,966126.5231393587,-0.028086724077187042
2021-06-29,-0.006833699549553669,959524.3047533694,-0.034728487393066
2021-06-30,0.001032402003206723,960514.9195677222,-0.03373193914981232
2021-07-01,0.001449943941830387,961907.6123563871,-0.03233090462879851
2021-07-02,0.005864576999783847,967548.7936157293,-0.026655934708682993
2021-07-05,0.0190959236767476,986025.0315321445,-0.00806903072666465
2021-07-06,-0.005402663822223709,980697.8697664788,-0.013428100288501055
2021-07-07,0.020113287411809965,1000422.9278852417,0.0
2021-07-08,-0.009953729013036492,990464.9891626434,-0.009953729013036483
2021-07-09,0.013057640108498606,1003398.1245311971,0.0
2021-07-12,0.005400309205972718,1008816.7846603587,0.0
2021-07-13,0.007556462262461457,1016439.8706233824,0.0
2021-07-14,-0.005536670185768516,1010812.1782960756,-0.005536670185768422
2021-07-15,0.0004032505900792174,1011219.7889034327,-0.005135652261208823
2021-07-16,0.01290898691712996,1024273.6119287299,0.0
2021-07-19,-0.006188583044453242,1017934.809621067,-0.006188583044453133
2021-07-20,-0.02038909737467116,997180.0376666357,-0.026451500796819682
2021-07-22,0.02040029158081748,1017522.8011936055,-0.006590827545007727
2021-07-23,-0.003951181211669019,1013502.3842190844,-0.01051596720271164
2021-07-26,0.002837363952050442,1016378.059349385,-0.007708440876923017
2021-07-27,-0.0018221470514242733,1014526.0690654092,-0.009516542015532203
2021-07-28,0.0007267717179519555,1015263.3979195309,-0.00879668665116995
2021-07-29,0.02172763141528518,1037322.6668189566,0.0
2021-07-30,-0.00037675109176501316,1036931.8543717199,-0.00037675109176515953
2021-08-02,0.009431966251275792,1046712.1606270269,0.0
2021-08-03,0.007440477083111008,1054500.1984707857,0.0
2021-08-04,-0.019827920071061586,1033591.6528205884,-0.0198279200710616
2021-08-05,-0.002979478701305504,1030512.0885051622,-0.022748321906824298
2021-08-06,0.0020585231358031665,1032633.4214810751,-0.020736626717966833
2021-08-09,-0.014196258338395447,1017973.8906608686,-0.0346385025464071
2021-08-10,-0.038099364904322135,979189.7319375076,-0.07141816250247446
2021-08-11,0.003557147618446036,982672.8543604759,-0.06811505983068789
2021-08-12,0.025833159142078496,1008058.3985917706,-0.0440415278691878
2021-08-13,0.001833173408462961,1009906.3444422467,-0.042289090218482706
2021-08-16,-0.005186009792022772,1004668.9602509433,-0.0472557883745367
2021-08-17,-0.0031952440234357922,1001458.7977601701,-0.05030003862259602
2021-08-18,-0.006743431299862473,994705.5291578316,-0.05670427506762654
2021-08-20,-0.041201755246569806,953721.915403061,-0.09556971465142572
2021-08-23,-0.029024083515684654,926041.0108796639,-0.12181997478749718
2021-08-24,0.03820813159715963,961423.3076877207,-0.08826635681818096
2021-08-25,0.012962102992911555,973885.3756217546,-0.07644837143315586
2021-08-26,0.0015008842622712027,975347.0648552815,-0.07506222732844481
2021-08-27,0.02142958024895537,996248.343052181,-0.05524119910368952
2021-08-30,0.040576963801134236,1036673.0760051493,-0.016905755438916925
2021-08-31,0.009696534989905477,1046725.212759726,-0.007373147698155891
2021-09-01,0.009843615670849739,1057028.7734671212,0.0
2021-09-02,0.016118348102950947,1074066.3311926995,0.0
2021-09-03,0.013490502924278306,1088556.0261745234,0.0
2021-09-06,-0.0018043459561425108,1086591.8945106608,-0.001804345956142539
2021-09-07,-0.006244059967568288,1079807.1495610627,-0.008037139479358357
2021-09-08,0.00431834669292439,1084470.131194366,-0.0037534999411251713
2021-09-09,0.014352153957622337,1100034.6134797104,0.0
2021-09-13,0.008599339335833261,1109494.1844021843,0.0
2021-09-14,0.009625932936138627,1120174.1010142756,0.0
2021-09-15,0.017704978820256304,1140006.7597477331,0.0
2021-09-16,0.00938954636179353,1150710.9060711423,0.0
2021-09-17,-0.018382423046587805,1129558.05139142,-0.018382423046587992
2021-09-20,-0.051453861445024646,1071437.927921014,-0.06889043784314963
2021-09-21,0.009775243443064949,1081911.494500575,-0.05978861520090073
2021-09-22,0.02013856954236707,1103699.644371261,-0.04085410284359903
2021-09-23,0.024572024354734153,1130819.778913063,-0.01728594649892845
2021-09-24,-0.011435793150774448,1117887.9578306086,-0.028524061141125934
2021-09-27,0.001371790908172148,1119421.4663675157,-0.027191399280691364
2021-09-28,-0.00018028356630847006,1119219.6530733567,-0.02736678068456455
2021-09-29,0.018561309938776072,1139993.8359436207,-0.009313434044101343
2021-09-30,0.010827012626661999,1152336.5635996992,0.0
2021-10-01,0.004008020995317232,1156955.1527402785,0.0
2021-10-04,0.0302699767387505,1191976.1583015043,0.0
2021-10-05,0.007083418968593814,1200419.4248313287,0.0
2021-10-06,-0.02666251241404895,1168413.2270146979,-0.026662512414048933
2021-10-07,0.021175277170237854,1193154.700946106,-0.0060518213342335425
2021-10-08,0.004172334572087057,1198132.9415547117,-0.001904736985523403
2021-10-11,0.02565831845220416,1228875.0181171985,0.0
2021-10-12,0.011923800726458718,1243527.8789509516,0.0
2021-10-13,0.031086099936919378,1282184.3108703664,0.0
2021-10-14,0.01580684947299803,1302451.6052689338,0.0
2021-10-18,0.03553477671313332,1348733.9322418275,0.0
2021-10-19,-0.034546906467891596,1302139.3472345974,-0.0345469064678916
2021-10-20,-0.033808012358333105,1258116.6040910184,-0.06718695658541596
2021-10-21,-0.01249302957971927,1242398.9161413733,-0.0788406175291424
2021-10-22,-0.015087752707533646,1223653.9085305245,-0.0927388424960871
2021-10-25,-0.021339328713308205,1197541.9555450673,-0.1120991865648795
2021-10-26,0.04592964958897001,1252544.637931342,-0.07131821333404309
2021-10-27,-0.011455619010564671,1238195.963765475,-0.08195683806413878
2021-10-28,-0.04131621432884913,1187038.3939454246,-0.1198869061058152
2021-10-29,-0.0066267176266623555,1179172.2256967414,-0.12571916705858022
2021-11-01,0.029643387878616183,1214126.885358761,-0.09980252121285804
2021-11-02,0.0005054897035636629,1214740.6139981295,-0.0993474806561574
2021-11-03,0.0039835791083351986,1219579.6293300986,-0.09575966009622983
2021-11-04,0.013450457840582571,1235983.5337176363,-0.08359721352660021
2021-11-08,0.016548318682308202,1256436.983119681,-0.06843228817468328
2021-11-09,0.007668930808705537,1266072.5114087246,-0.06128815984907077
2021-11-10,-0.012991773311738713,1249623.9843442787,-0.07348369128135679
2021-11-11,-0.009346569278323289,1237944.2872027503,-0.082143440148292
2021-11-12,0.009846324404260476,1250133.4882489496,-0.07310592670341365
2021-11-15,-0.005781461912766199,1242905.8891007646,-0.07846472948534666
2021-11-16,-0.0008706499743563597,1241823.7531202917,-0.07926706414498863
2021-11-17,0.0014547633458300096,1243630.3127983122,-0.07792761561860839
2021-11-18,-0.02533179582650534,1212126.9236308523,-0.10128536499701679
2021-11-22,-0.043032923038325004,1159965.5590135641,-0.13995968271851655
2021-11-23,0.03864857801527867,1204796.5784161366,-0.10672034741977787
2021-11-24,0.0041247232825004036,1209766.0309138063,-0.10303581603899636
2021-11-25,0.027272659692188575,1242759.5681820882,-0.07857321709374632
2021-11-26,-0.06923260295942514,1156720.088424111,-0.1423659917108755
2021-11-29,-0.020160736715233513,1133399.7592681712,-0.1596565251500227
2021-11-30,0.006184196505803151,1140408.9260991155,-0.15445967596918098
2021-12-01,0.02098934499754349,1164345.362487288,-0.1367123383987634
2021-12-02,0.030568298693491095,1199937.4193101807,-0.11032310330053119
2021-12-03,-0.007821413988483952,1190552.2119934827,-0.11728163462560748
2021-12-06,-0.022597391195988484,1163648.8379198164,-0.1372287668438562
2021-12-07,0.03485395158750272,1204206.5981815276,-0.10715778005234189
2021-12-08,0.030341081393351243,1240743.528591364,-0.08006798158548956
2021-12-09,-0.0006452177875181404,1239942.9787969687,-0.0806615380870781
2021-12-10,0.014046663023330094,1257360.0399882738,-0.06774790050820079
2021-12-13,0.0011606950571145026,1258819.4515717018,-0.06666584010433574
2021-12-14,0.004083162301876305,1263959.4157012277,-0.06285488524759653
2021-12-15,-0.010679479250969688,1250460.9873471786,-0.0728631070557425
2021-12-16,-0.014304828854926831,1232573.3569334145,-0.08612564163439873
2021-12-17,-0.044583872943748645,1177620.4629940453,-0.1268696999143205
2021-12-20,-0.06290386329524292,1103543.5863761874,-0.18179296894984442
2021-12-21,0.02900307998801161,1135549.7492821133,-0.1580624449815432
2021-12-22,0.025868961735941474,1164925.2422955502,-0.13628239458671854
2021-12-23,0.023450205683420405,1192242.9788331895,-0.11602803908738557
2021-12-24,-0.017943944170987235,1170849.437382755,-0.13188998260271967
2021-12-27,0.007354277181943595,1179460.1886835906,-0.1255056609103582
2021-12-28,0.02418406454645909,1207984.3300166936,-0.10435683336830115
2021-12-29,0.002859241045708277,1211438.2483956497,-0.10179597366395965
2021-12-30,-0.006141986227027725,1203997.611359109,-0.10731273042277656
2021-12-31,0.02657897828014215,1235998.6377207658,-0.08358601487372408
2022-01-03,0.012874524783130666,1251911.5328140173,-0.07178762031060848
2022-01-04,0.0091037744936727,1263308.6530947841,-0.06333738412368095
2022-01-05,0.007711668575811937,1273050.8707364064,-0.056114152462689804
2022-01-06,-0.003549205481322911,1268532.5516079857,-0.05946419728651242
2022-01-07,0.006436550263322185,1276697.5251370708,-0.05341039131789305
2022-01-10,0.018403283538237176,1300192.9516847339,-0.03599003435496739
2022-01-11,-0.0009013932512771989,1299020.966532727,-0.03685898643216379
2022-01-12,0.01416205048178602,1317417.7670376622,-0.023218934776937372
2022-01-13,0.024230608852878213,1349339.6016465842,0.0
2022-01-14,0.019923321475819617,1376222.9283102434,0.0
2022-01-17,0.0015556047470678292,1378363.7872305464,0.0
2022-01-18,-0.0394999293703298,1323918.5149883195,-0.039499929370329756
2022-01-19,0.006734497461523817,1332834.4408667728,-0.03303144408288072
2022-01-20,0.00022542327368147726,1333134.8927697085,-0.03281346686545883
2022-01-21,-0.03137996039049649,1291301.172639406,-0.0631637419654425
2022-01-24,-0.07361210804726298,1196245.771197517,-0.13212623381447575
2022-01-25,0.027967416273392186,1229701.674645883,-0.10785404692280842
2022-01-27,-0.01743254918319763,1208264.8397219582,-0.12340642512841737
2022-01-28,0.014703557511104758,1226030.6312814557,-0.11051738108642817
2022-01-31,0.003040961330854684,1229758.943021626,-0.1078124988378446
2022-02-01,0.03794915560181564,1276427.2565030782,-0.07395473653024676
2022-02-02,0.02630075774308862,1309998.260553041,-0.049599044396594016
2022-02-03,-0.0016917780658870006,1307782.034229487,-0.05120691188708215
2022-02-04,1.909321992501936e-05,1307807.0039994807,-0.051188796371987255
2022-02-07,-0.026226437135563434,1273507.8858236389,-0.0760727337574556
2022-02-08,-0.016693128729902043,1252249.0547470395,-0.09149597054990888
2022-02-09,0.02067076166224535,1278133.9964994877,-0.0727165002879564
2022-02-10,0.011802014174022477,1293218.5520424745,-0.06177268728101781
2022-02-11,-0.028859555182930263,1255896.8398762157,-0.08884951018656351
2022-02-14,-0.07544222582643922,1161149.1868675628,-0.15758873120093952
2022-02-15,0.0434071015112177,1211551.307491591,-0.12102209974198497
2022-02-16,0.004093742993501405,1216511.0871679022,-0.11742379012136117
2022-02-17,0.0018593965339420912,1218773.0636668843,-0.11578273097577307
2022-02-18,-0.007925838944046242,1209113.2646549188,-0.12279089464160342
2022-02-21,-0.03455958021643747,1167326.8177943185,-0.1531068730848263
2022-02-22,-0.014913152630678581,1149918.2947906677,-0.16573671954838487
2022-02-23,0.017112768105267993,1169596.5799094257,-0.15146016549127617
2022-02-24,-0.10872173162710055,1042436.0144365386,-0.24371488565363786
2022-02-25,0.07048724166141675,1115914.453702691,-0.19040643403377355
2022-02-28,0.03870232755228753,1159102.9404102247,-0.15907327865952403
2022-03-02,0.021299328883170016,1183791.0551474716,-0.14116210385504735
2022-03-03,0.01448059119593071,1200933.0494784615,-0.12872562337739912
2022-03-04,-0.043626437474588595,1148540.6188842223,-0.16673622049233627
2022-03-07,-0.03963328137878429,1103020.1853610212,-0.19976119832831252
2022-03-08,0.017213793872385016,1122007.3474689056,-0.18598605254765177
2022-03-09,0.02982561948139535,1155471.911669843,-0.16170758229838955
2022-03-10,0.03274546039026696,1193308.371385494,-0.13425731113908013
2022-03-11,0.014739159507283568,1210896.7338127217,-0.12149699155569438
2022-03-14,0.002581508797411222,1214022.6743838158,-0.11922912831084309
2022-03-15,-0.012866886762072281,1198401.982105931,-0.13056190738019935
2022-03-16,0.03078702012452965,1235297.2080463027,-0.10379449932568074
2022-03-17,0.031892681462848974,1274694.1484144703,-0.07521210276742141
2022-03-21,-0.006211925816453696,1266775.842925852,-0.08095681658098441
2022-03-22,0.008124824081086755,1277068.1737997949,-0.07348975239278299
2022-03-23,0.008241641036157352,1287593.311266954,-0.06585378751568283
2022-03-24,0.009242750153384811,1299494.2145421638,-0.0572197074669597
2022-03-25,-0.008336325815499666,1288661.2073743835,-0.06507903115794722
2022-03-28,-0.0007119491364014222,1287743.7461406793,-0.06574464733431784
2022-03-29,0.01876407040337221,1311907.0604547653,-0.04821421412217164
2022-03-30,0.01012777976628176,1325193.7662368813,-0.03857473729812366
2022-03-31,0.01198405062931859,1341074.9554251214,-0.027052968273598488
2022-04-01,0.029087420992554066,1380083.3672361425,0.0
2022-04-04,0.03067002510398182,1422410.5587548628,0.0
2022-04-05,0.019561908935635492,1450235.624574312,0.0
2022-04-06,0.012218205494743846,1467954.9014511593,0.0
2022-04-07,-0.01321677522581537,1448553.2714770455,-0.013216775225815325
2022-04-08,0.022674876961893894,1481399.0386805362,0.0
2022-04-11,0.008711108596963975,1494303.6665819206,0.0
2022-04-12,-0.025445848582099168,1456279.8417464013,-0.025445848582099306
2022-04-13,0.003109468508061946,1460808.0980532372,-0.0224155031388642
2022-04-18,-0.002271668724072454,1457489.6259850177,-0.024636251265521936
2022-04-19,-0.01949460732813396,1429076.438041611,-0.043650584549197124
2022-04-20,0.008621255140653369,1441396.870629464,-0.035405652234981044
2022-04-21,0.020075321395727347,1470333.3760661462,-0.01604111068709624
2022-04-22,-0.016622491900615557,1445892.771431282,-0.032396959355238675
2022-04-25,-0.03267129227391552,1398653.5860991087,-0.06400980110127308
2022-04-26,0.030496198600870626,1441307.2036346071,-0.035465658107189046
2022-04-27,-0.013272784477177495,1422177.0437553616,-0.04826771454796863
2022-04-28,0.01854464731785556,1448550.8154553552,-0.03061817497324404
2022-04-29,-0.017111940814431653,1423763.2996345863,-0.04720617938968774
2022-05-02,-0.012148847037184628,1406466.2170901685,-0.058781525774257104
2022-05-04,-0.049269851827473135,1337169.8349737893,-0.10515522053663973
2022-05-05,-0.0018148497900406812,1334743.0725795384,-0.10677922939676776
2022-05-06,-0.042776298283761276,1277647.704774692,-0.1449879075133429
2022-05-09,-0.0374896818503377,1229749.0988058746,-0.17704203883885916
2022-05-10,-0.0442442286138809,1175339.7985405936,-0.21345317901208594
2022-05-11,-0.014505505190888585,1158290.900991805,-0.22486243800680306
2022-05-12,-0.04370013656391934,1107673.4304377178,-0.2587360553217293
2022-05-13,0.01812291329876328,1127747.699980884,-0.2453021931208259
2022-05-16,0.027847809646572252,1159153.0032593114,-0.22428551225416904
2022-05-17,0.06665027471709495,1236410.86936569,-0.17258392854387894
2022-05-18,0.011224917918991691,1250289.479888469,-0.16329625105692946
2022-05-19,-0.04888955488111671,1189163.3837441788,-0.20420232491011792
2022-05-20,0.05787815632546929,1257989.9679650485,-0.15814302266782054
2022-05-23,-0.04387697884771392,1202793.1687500097,-0.19508116345502502
2022-05-24,-0.019943566048834793,1178805.1837459567,-0.2111341154356109
2022-05-25,-0.04173949907597378,1129602.4458682395,-0.24406098229545325
2022-05-26,0.02611345596161207,1159100.269592549,-0.22432080204696137
2022-05-27,0.025602340133402617,1188775.9489433763,-0.2044615993865626
2022-05-30,0.03542552781894964,1230888.9643931682,-0.17627923164458847
2022-05-31,0.017454030373919106,1252372.9377646083,-0.1619019843340853
2022-06-01,-0.008481680810182423,1241750.7102511784,-0.16901046419061083
2022-06-02,0.0027759709648846158,1245197.7741684606,-0.16670366136708092
2022-06-03,-0.023618213617597292,1215788.4271419933,-0.18638463229967495
2022-06-06,0.005633491543193829,1222637.5609646107,-0.1818011370063226
2022-06-07,-0.008379532578282688,1212392.4296910758,-0.1886572610342918
2022-06-08,0.0007660763730898681,1213321.2148863752,-0.18803571053149215
2022-06-09,0.0028247912515495556,1216748.5940395058,-0.18574208091003075
2022-06-10,-0.01299468995052517,1200937.3233122248,-0.1963231101083649
2022-06-13,-0.04929157945749464,1141741.2258167095,-0.2359376133846105
2022-06-14,-0.0040970314383042905,1137063.4761201304,-0.23906800100339953
2022-06-15,0.00810837201518346,1146283.2097893902,-0.23289808127727785
2022-06-16,-0.05783940385826283,1079982.872282436,-0.2772667989547296
2022-06-17,-0.013719609986559297,1065165.9284825567,-0.2871824165974083
2022-06-20,-0.03888246626688175,1023749.6501997019,-0.3148985222384998
2022-06-21,0.06106605054794745,1086265.9980872404,-0.2730620807670425
2022-06-22,-0.031593933752748334,1051946.5821058091,-0.2960289092296493
2022-06-23,0.020103607900830194,1073094.5037250828,-0.2818765504472823
2022-06-24,0.02893697047128242,1104146.607692271,-0.26109623339283994
2022-06-27,0.018948248442267463,1125068.2519315109,-0.2470953012482403
2022-06-28,0.005917795946474079,1131726.176272298,-0.24263976487388572
2022-06-29,-0.00706994420684725,1123724.9353486241,-0.2479942594807122
2022-06-30,-0.014064430918055572,1107920.383624517,-0.258570792268227
2022-07-01,0.012304563707819701,1121552.8605680168,-0.24944782934685306
2022-07-04,0.004428942240250004,1126520.1534068596,-0.24612367713473615
2022-07-05,0.0001953447678113475,1126740.2132246618,-0.24597641133948744
2022-07-06,0.021132813673993132,1150551.404209734,-0.2300417713345292
2022-07-07,0.04546726680148228,1202863.8318737582,-0.19503387512579928
2022-07-08,-0.0010938645939492088,1201548.0617167293,-0.19591439906912778
2022-07-11,0.027417411469476294,1234491.3993251687,-0.17386845329172484
2022-07-12,-0.013897742243812548,1217334.756055144,-0.18534981658735872
2022-07-13,0.00350069844158289,1221596.2779385508,-0.18249797195985096
2022-07-14,-0.002272739832620312,1218819.907418299,-0.18435594138222577
2022-07-15,0.007064590639376911,1227430.3711273326,-0.17859375000065125
2022-07-18,0.03383590211698012,1268961.5850202057,-0.15080072852739745
2022-07-19,0.012379124422000683,1284670.21836791,-0.14028838508676578
2022-07-20,0.0025800969461805523,1287984.79207517,-0.1380702457745323
2022-07-21,0.019091568739407396,1312574.4422683842,-0.12161465462319654
2022-07-22,-0.0002983953915790763,1312182.776103707,-0.12187676076228737
2022-07-25,0.002435798498151598,1315378.9889390408,-0.11973782949496015
2022-07-26,-0.01178214358997936,1299881.004816119,-0.13010920478467747
2022-07-27,0.01849966174421681,1323928.36371295,-0.1140165193187862
2022-07-28,0.023805636020124955,1355445.32045622,-0.09292511905784584
2022-07-29,0.023636529298639748,1387483.3434858879,-0.07148501705839627
2022-08-01,0.03034223952367355,1429582.695429044,-0.04331179304466248
2022-08-02,0.009432138419223869,1443066.717294058,-0.03428817745262058
2022-08-03,-0.012293126354214952,1425326.9158007998,-0.04615979490895483
2022-08-04,0.008899544003021563,1438011.6754066602,-0.03767105203189591
2022-08-05,-0.0038001220464522318,1432547.0555358918,-0.04132801948300857
2022-08-08,0.0018487552545625396,1435195.4844322216,-0.039555669621626044
2022-08-10,0.0006648184411470125,1436149.6288569234,-0.038917148519095224
2022-08-11,0.002687897149922483,1440009.8513511901,-0.036333856661760366
2022-08-12,0.018291254321597467,1466349.4377678602,-0.018707194152847828
2022-08-16,0.018225819554097217,1493074.8580238693,-0.0008223285437437555
2022-08-17,0.007868774475671305,1504823.527356954,0.0
2022-08-18,0.0032764980180188495,1509754.0786618073,0.0
2022-08-19,-0.016185238713748815,1485318.34849961,-0.016185238713748773
2022-08-22,-0.025814097881660156,1446976.1952660156,-0.04158152925901404
2022-08-23,0.021843644795331824,1478583.429302707,-0.02064617661886292
2022-08-24,0.009788078551343893,1493055.9200534376,-0.011060184466049172
2022-08-25,0.004686362161176064,1500052.920821696,-0.006425654334850428
2022-08-26,0.01152889963384112,1517346.8803912997,0.0
2022-08-29,-0.004097288589516784,1511129.8723319336,-0.0040972885895167455
2022-08-30,0.028073661305626413,1553552.820556595,0.0
2022-09-01,-0.0005355536699135575,1552720.8096421415,-0.0005355536699135355
2022-09-02,-0.008706560022808486,1539201.9527143284,-0.009237450862549346
2022-09-05,0.007359631439623031,1550529.9117974539,-0.0019458036567163717
2022-09-06,0.008373006824221074,1563512.509330093,0.0
2022-09-07,0.004766948113871228,1570965.6923374583,0.0
2022-09-08,0.00708652887249232,1582098.3860739027,0.0
2022-09-09,0.003337176975686114,1587378.1283811785,0.0
2022-09-12,0.011572916338990607,1605748.7226592775,0.0
2022-09-13,0.011203654150705754,1623738.9760008894,0.0
2022-09-14,0.0009715117776331322,1625316.4575398765,0.0
2022-09-15,-0.0023126667136453157,1621557.642269384,-0.0023126667136452728
2022-09-16,-0.0351513322100802,1564557.7308881786,-0.03738270560778301
2022-09-19,-0.0008880232906690677,1563168.3671835538,-0.03823753218520398
2022-09-20,0.029148208761852663,1608731.925080144,-0.010203878994023863
2022-09-21,-0.01787776611874864,1579971.3919757972,-0.027899222550613167
2022-09-22,0.011289345030296546,1597808.2341578098,-0.016924841469767582
2022-09-23,-0.0403374454403533,1533356.7316883216,-0.056579582040747756
2022-09-26,-0.06324776562284022,1436375.3445062942,-0.1162488155196365
2022-09-27,0.0020494792208446346,1439319.1659281934,-0.11443758583064723
2022-09-28,-0.021185658286463762,1408826.2419136805,-0.13319880852857513
2022-09-29,0.01054973839654433,1423688.9902120563,-0.1240542827167388
2022-09-30,0.028348351226949585,1464048.225744529,-0.09922266586745054
2022-10-03,-0.023948682449234114,1428986.1996958086,-0.12079509620005857
2022-10-04,0.040949846724479017,1487502.965544748,-0.08479179015004057
2022-10-06,0.03244512808581957,1535765.1897898836,-0.055097742556265095
2022-10-07,0.003794995811456479,1541593.412252517,-0.05151184244703033
2022-10-10,-0.008631294689523271,1528287.465219938,-0.05969852324439284
2022-10-11,-0.034695054516092394,1475263.4482978713,-0.09232233424199099
2022-10-12,0.010456847148114163,1490690.0526799217,-0.08283088763140256
2022-10-13,-0.0103827804714899,1475212.5451119125,-0.09235365318035682
2022-10-14,-0.006357031793422924,1465834.5720605797,-0.0981235898642735
2022-10-17,0.0071387400686507745,1476298.784054162,-0.09168532859826672
2022-10-18,0.015883797384587173,1499748.0148191906,-0.07725784239627387
2022-10-19,-0.0004526845431978463,1499069.1020741905,-0.07767555350837796
2022-10-20,0.0038382817688189922,1504822.9516788817,-0.07413541240047317
2022-10-21,-0.012859305970789393,1485471.9729113763,-0.08604138841993436
2022-10-24,0.013533685685472516,1505575.8836873374,-0.07367215984127895
2022-10-25,0.004625101217622687,1512539.324540203,-0.06938779981984311
2022-10-27,0.019577280461358714,1542150.7311055607,-0.051168943776154
2022-10-28,-0.017284068583250267,1515496.0921034226,-0.06756860482584481
2022-10-31,0.017162583978750163,1541505.9210536152,-0.05156567270174528
2022-11-01,0.017466766880820973,1568431.045622064,-0.03499959140505826
2022-11-02,-0.004363578618805901,1561587.0734463162,-0.039210446555142164
2022-11-03,0.0017549220940898025,1564327.5371033521,-0.03752433574003111
2022-11-04,0.021246732608420953,1597564.3859961766,-0.01707487265938723
2022-11-07,0.012571012452232553,1617647.3877857774,-0.004718508643976382
2022-11-09,-0.010993110961942486,1599864.410554552,-0.015659748516820726
2022-11-10,-0.005098187684881119,1591708.0015191834,-0.020678099864664956
2022-11-11,0.016971429220087975,1618721.561206014,-0.004057607552836018
2022-11-14,0.010309463529170426,1635409.7121051494,0.0
2022-11-15,0.0037691029354709558,1641573.7396517426,0.0
2022-11-16,-0.019726819210959937,1609190.7112681733,-0.019726819210959978
2022-11-17,-0.005086013401958681,1601006.345744356,-0.024712501746033566
2022-11-18,-0.006563119961084699,1590498.7490387778,-0.031113430593620706
2022-11-21,-0.002626583549652939,1586321.171188809,-0.03365829211830318
2022-11-22,-0.004191225122306264,1579672.5420440761,-0.037708447761109265
2022-11-23,0.003366030010045803,1584989.7672266418,-0.03446934551785963
2022-11-24,0.005814920524377416,1594206.356755016,-0.02885486149819605
2022-11-25,0.007764177589239117,1606584.058022756,-0.021314718177941727
2022-11-28,0.0037950132594490676,1612681.0658253718,-0.017600594556599347
2022-11-29,3.330479298728636e-05,1612734.7758344237,-0.017567875947770095
2022-11-30,0.017020819266407392,1640184.8429785515,-0.0008460763227643442
2022-12-01,0.013664726406129014,1662597.520113333,0.0
2022-12-02,0.00898328837890636,1677533.1130945655,0.0
2022-12-05,0.004844879836653495,1685660.559449516,0.0
2022-12-06,-0.005599329035226222,1676221.9913354546,-0.005599329035226197
2022-12-07,-0.008478735036601353,1662009.749208397,-0.014030588844555214
2022-12-08,0.0063305796560649275,1672531.2343149171,-0.007788830948792236
2022-12-09,-0.012572723375123827,1651502.9617696211,-0.020263627506981408
2022-12-12,0.007456546530469314,1663817.4704492642,-0.012958177657893977
2022-12-13,0.008996581267350624,1678786.1395361987,-0.004078175688919439
2022-12-14,0.016627077911254652,1706699.4474746014,0.0
2022-12-15,-0.01977193783821608,1672954.692090616,-0.01977193783821596
2022-12-16,-0.0286268117975852,1625063.3329742507,-0.047832742092433156
2022-12-19,0.015485320922042113,1650227.9602040001,-0.033088126532273776
2022-12-20,-0.00771261676290863,1637500.3843755105,-0.040545547255836145
2022-12-21,-0.02951699758081949,1589166.2894913075,-0.06886576201639216
2022-12-22,-0.02550461178446127,1548635.220216879,-0.09261397927538428
2022-12-23,-0.06474062835168895,1448375.602972482,-0.1513587204146345
2022-12-26,0.048962262119669565,1519291.348892955,-0.10980732363800405
2022-12-27,0.04388905238317626,1585971.6064898246,-0.0707376106340325
2022-12-28,0.005587651065520498,1594833.4624267127,-0.06554521665394364
2022-12-29,0.002849553446053439,1599378.025615452,-0.06288243780587877
2022-12-30,0.013154723214112077,1620417.4008571564,-0.05055491565613168
2023-01-02,0.0171453677244745,1648200.0530619894,-0.034276330550861434
2023-01-03,0.00262874001456941,1652532.742493489,-0.031737694097963565
2023-01-04,-0.02519395503921273,1610898.9068782812,-0.05613205109902397
2023-01-05,0.010150904563279222,1627250.9879430935,-0.046550937629392
2023-01-06,-0.01157190768806466,1608420.589725304,-0.05758416216441653
2023-01-09,0.018537686619285943,1638236.9865696386,-0.04011395269756868
2023-01-10,-0.004532899810344683,1630811.0224439176,-0.04446501997933838
2023-01-11,-0.0016985015187289502,1628041.0874455366,-0.04608799759410209
2023-01-12,-0.003454012983040016,1622417.8123925773,-0.0493828220350897
2023-01-13,0.004890850657436535,1630352.8156169541,-0.044733495385269606
2023-01-16,-0.006136453501362872,1620348.2313731047,-0.05059544387224735
2023-01-17,-0.004858338858020815,1612476.0305970996,-0.055207972919264714
2023-01-18,0.010155007691170068,1628850.7370896405,-0.04561360261770375
2023-01-19,0.0017595404300661756,1631716.7658160927,-0.04393432116560436
2023-01-20,-0.010162996419887564,1615133.6341668332,-0.053650813236775785
2023-01-23,-0.002905599239229573,1610440.7031081438,-0.056400524713880684
2023-01-24,-0.009511518649691844,1595122.966326308,-0.06537558872090388
2023-01-25,-0.025778270468493732,1554003.4550698425,-0.0894685895813131
2023-01-27,-0.04883911107655398,1478107.3077143377,-0.1339381342734428
2023-01-30,-0.003282339782562156,1473255.6572953311,-0.13678084358947706
2023-01-31,0.03483804877685433,1524581.0097449624,-0.1067079725133322
2023-02-01,-0.017686320756196815,1497616.7809878064,-0.12250702184041495
2023-02-02,-0.010955695614762034,1481209.3473877443,-0.13212056781322234
2023-02-03,-0.008265371513870223,1468966.6018417676,-0.13929391374949263
2023-02-06,0.009033593219221902,1482236.6485754286,-0.1315186450849971
2023-02-07,0.0022147144632152903,1485519.3795189364,-0.12959520686723403
2023-02-08,0.02024353317706086,1515591.540363395,-0.1119751385599781
2023-02-09,-0.003584055815938138,1510159.5756885689,-0.11515786922931981
2023-02-10,0.0014819013044827197,1512397.483133759,-0.11384662052146943
2023-02-13,-0.022691315262878403,1478079.1950411869,-0.13395460622648192
2023-02-14,-0.01126718759397745,1461425.3994719028,-0.14371250214302822
2023-02-15,0.000870152231067674,1462697.062043792,-0.1429674016663326
2023-02-16,0.017521653647470836,1488325.9333560967,-0.12795077331373805
2023-02-17,-0.011606450326482729,1471051.7523409831,-0.1380721693455198
2023-02-20,-0.002628258349390508,1467185.4482905073,-0.14033753836300955
2023-02-21,0.0007871761025990157,1468340.3816134827,-0.13966083261690743
2023-02-22,-0.03408267666664232,1418295.4111503763,-0.1689834942824736
2023-02-23,0.003639227123928021,1423456.9102803774,-0.16595923647443445
2023-02-24,-0.015242235483740868,1401760.2448529257,-0.1786718821951302
2023-02-27,-0.027811143201995462,1362775.6899484566,-0.20151395609522693
2023-02-28,0.006917401697941523,1372202.5568200194,-0.19599050737933743
2023-03-01,0.03938267274592885,1426243.5610563888,-0.16432646464683776
2023-03-02,-0.002025352080489445,1423354.9156927185,-0.1660189977802753
2023-03-03,0.027032942309363917,1461832.3870143893,-0.14347403746016396
2023-03-06,0.01808048807494103,1488263.0300553655,-0.12798763000858515
2023-03-08,0.0106515290337308,1504115.3069298284,-0.11869936493184918
2023-03-09,-0.0017273356042108827,1501517.1950073298,-0.12022166689681613
2023-03-10,-0.008909301949996007,1488139.7249338985,-0.12805987771549654
2023-03-13,-0.029223681464767823,1444650.803637363,-0.15354117810548962
2023-03-14,-0.013926591648838534,1424531.741819939,-0.16532946446557129
2023-03-15,0.007428449980648752,1435113.8046098948,-0.1591291561420326
2023-03-16,-0.015325839015952684,1413119.4814708722,-0.1720162073282081
2023-03-17,0.021020579978293978,1442824.072550016,-0.15461150779361954
2023-03-20,-0.021938705751686233,1411170.3797708915,-0.173158237169997
2023-03-21,0.010648728349087023,1426197.5497993496,-0.16435342384994012
2023-03-22,0.004878639071433735,1433155.4528893838,-0.16027660581362468
2023-03-23,0.0010280178879866152,1434628.7623312196,-0.15941335514344024
2023-03-24,-0.022655624278999132,1402126.352111998,-0.17845737034325493
2023-03-27,-0.014531519220522255,1381751.3260766817,-0.19039563285659034
2023-03-28,-0.019667988899970484,1354575.0563328862,-0.20631892256293438
2023-03-29,0.03395310616993389,1400567.0870357007,-0.17937098467564627
2023-03-31,0.021477831196151827,1430648.2305099398,-0.16174565320984535
2023-04-03,0.0141490924561296,1450890.6045956232,-0.14988511495535894
2023-04-05,0.004890333360559105,1457985.9433217987,-0.1457277697727174
2023-04-06,0.004267245017388901,1464207.5265738617,-0.1420823808547863
2023-04-10,0.0051843204569580964,1471798.4476071107,-0.13763466099146693
2023-04-11,0.01986151536018723,1501030.5950813591,-0.12050677856465586
2023-04-12,0.011439644368868485,1518201.8512758808,-0.11044568888660511
2023-04-13,0.003053972114642144,1522838.3973940753,-0.10772901482600516
2023-04-17,0.014130802880151236,1544357.3266059766,-0.09512050941883299
2023-04-18,0.004092907181097047,1550678.237798222,-0.09141692165380588
2023-04-19,0.0019828488587606856,1553752.9983723452,-0.08961533873381788
2023-04-20,0.009605624181489076,1568677.7657455718,-0.08087052581710263
2023-04-21,-0.006081258911853225,1559138.2301028057,-0.08645999012312433
2023-04-24,0.012757951405869198,1579029.63987749,-0.07480509106979794
2023-04-25,0.00907255710202361,1593355.4764510663,-0.0664112074280272
2023-04-26,0.00683027553521582,1604238.5333807722,-0.060034538738171106
2023-04-27,0.013329807132167807,1625622.7236247298,-0.0475049804286517
2023-04-28,0.028346445188767746,1671703.3490575736,-0.020505132563798156
2023-05-02,0.018172420962228607,1702082.2460406155,-0.0027053395024050353
2023-05-03,-0.003429610326442912,1696244.7671931393,-0.006125671568554147
2023-05-04,0.019244082475806275,1728887.4413921589,0.0
2023-05-05,-0.0058487792399271295,1718775.560416774,-0.005848779239926993
2023-05-08,0.021171150588406754,1755164.0166340303,0.0
2023-05-09,-0.011262195747338387,1735397.0159100133,-0.011262195747338222
2023-05-10,-0.002614455478844696,1730859.8976737969,-0.013847206716807392
2023-05-11,0.011700377576951882,1751111.6120093847,-0.002308846686828181
2023-05-12,-0.006893628949216375,1739040.0983075276,-0.00918655930368506
2023-05-15,0.0059843458225062275,1749447.115655005,-0.003257189028971097
2023-05-16,-0.002205880454455912,1745588.0444564773,-0.005455884513811626
2023-05-17,-0.006848709148731396,1733633.019646492,-0.012267227896358812
2023-05-18,-0.007726030034259598,1720238.9188683191,-0.019898480959454012
2023-05-19,0.005779560307726338,1730181.1434436168,-0.014233925122464908
2023-05-22,0.012468562026997991,1751754.0143485856,-0.00194283967374409
2023-05-23,0.003529453176567787,1757936.7481190935,0.0
2023-05-24,-0.009035035583359639,1742053.7270465419,-0.009035035583359718
2023-05-25,0.004283990012391972,1749516.6678142592,-0.004789751573168632
2023-05-26,0.018683221993043127,1782203.2760995622,0.0
2023-05-29,0.008417293528515538,1797204.6042019743,0.0
2023-05-30,-0.004667893596991794,1788815.4443375356,-0.004667893596991823
2023-05-31,0.003960825516627125,1795900.6301940044,-0.0007255567924326911
2023-06-01,0.009629318903994074,1813193.9300820262,0.0
2023-06-02,0.017881773339227764,1845617.0529598165,0.0
2023-06-05,0.009087771731098215,1862389.5994401376,0.0
2023-06-06,0.001062744560055368,1864368.843855646,0.0
2023-06-07,0.026458413547007106,1913697.0857305345,0.0
2023-06-08,-0.0025615868169192517,1908794.9845041502,-0.0025615868169193146
2023-06-09,-0.0029112771695671024,1903237.9532443793,-0.005465406497268344
2023-06-12,0.012075084721416274,1926219.7127748202,0.0
2023-06-13,0.009815775656837278,1945127.0533411955,0.0
2023-06-14,0.00979714618067505,1964183.7474227648,0.0
2023-06-15,-0.00104247793742174,1962136.129201034,-0.0010424779374218485
2023-06-16,0.01444776293255137,1990484.606837125,0.0
2023-06-19,-0.0010413409006055454,1988411.8338039995,-0.0010413409006057028
2023-06-20,0.005271748946712056,1998894.2417944856,0.0
2023-06-21,0.0020767645633362683,2003045.4745217008,0.0
2023-06-22,-0.00698610882403622,1989051.9808571986,-0.0069861088240363856
2023-06-23,-0.026671907113238656,1936000.1711803724,-0.03347168309163717
2023-06-26,0.015794531316088947,1966578.3865120343,-0.018205821322341276
2023-06-27,0.013512763841462222,1993152.2958246954,-0.004939068444947625
2023-06-28,0.010539887014693074,2014159.895825764,0.0
2023-06-30,0.006683498180303512,2027621.5298243558,0.0
2023-07-03,0.012383883583894183,2052731.358801898,0.0
2023-07-04,-0.0019680265805506114,2048691.5289250463,-0.001968026580550508
2023-07-05,0.01899554407250048,2087607.5391537005,0.0
2023-07-06,0.011546233416467978,2111711.543082747,0.0
2023-07-07,-0.012165216375104138,2086022.1152393406,-0.012165216375104038
2023-07-10,-0.0012528603333053934,2083408.6208767593,-0.013402835391367107
2023-07-11,0.01693257096738629,2118686.0852038194,0.0
2023-07-12,0.010035990892582216,2139949.199459166,0.0
2023-07-13,-0.006649636734672177,2125719.31465211,-0.006649636734672115
2023-07-14,0.028972752651629147,2187307.254562316,0.0
2023-07-17,0.014357112462146809,2218710.6708053374,0.0
2023-07-18,-0.0016494115202319813,2215051.103864849,-0.0016494115202321247
2023-07-19,0.00999495422491146,2237190.4382538176,0.0
2023-07-20,0.010710195514994756,2261151.185251793,0.0
2023-07-21,-0.0003302360412890967,2260404.471635619,-0.00033023604128912254
2023-07-24,0.002286029459559126,2265571.8228482977,0.0
2023-07-25,0.021363516289743468,2313972.403391301,0.0
2023-07-26,0.000634944408721419,2315441.64723077,0.0
2023-07-27,0.004698472991953712,2326320.6872747284,0.0
2023-07-28,0.0035379857313674553,2334551.1766728917,0.0
2023-07-31,0.022437566237076777,2386932.823333335,0.0
2023-08-01,0.003812164345370114,2396032.20353724,0.0
2023-08-02,-0.020337618587075102,2347302.614459351,-0.020337618587074946
2023-08-03,0.012421162585910316,2376458.841871883,-0.008169072868244975
2023-08-04,0.009180240869398247,2398275.306456478,0.0
2023-08-07,0.004083595233656412,2408068.8920669197,0.0
2023-08-08,0.009707045072752798,2431444.125340507,0.0
2023-08-09,0.017943963653157993,2475073.8703503013,0.0
2023-08-10,-0.006009018703801221,2460201.1051700767,-0.006009018703801217
2023-08-11,0.022785094191595332,2516257.019081644,0.0
2023-08-14,-0.017804603056300706,2471456.0616692645,-0.017804603056300827
2023-08-16,-0.007443431985504229,2453059.9465690674,-0.02511550768992643
2023-08-17,0.015306358516655589,2490607.3615741013,-0.010193576138300742
2023-08-18,0.001997459359905954,2495582.248560328,-0.008216478032463281
2023-08-21,0.02061581008339113,2547030.69824413,0.0
2023-08-22,0.021068236025619597,2600692.142159236,0.0
2023-08-23,0.004918624447953085,2613483.9701112597,0.0
2023-08-24,-0.0010470606830290706,2610747.493800429,-0.0010470606830291773
2023-08-25,-0.008856742422208614,2587624.7757184124,-0.009894529558467702
2023-08-28,0.01209696248173397,2618927.1755470834,0.0
2023-08-29,0.00880166235634308,2641978.0882821004,0.0
2023-08-30,0.01046321515841757,2669621.6734636207,0.0
2023-08-31,0.0052433986568776875,2683619.5641606315,0.0
2023-09-01,0.025652883120559394,2752462.1431800905,0.0
2023-09-04,0.021991120900546907,2812991.870944943,0.0
2023-09-05,0.005928513650228767,2829668.7316498226,0.0
2023-09-06,0.0003856914381179089,2830760.11065233,0.0
2023-09-07,0.008658170761585766,2855269.315075443,0.0
2023-09-08,0.01886841098089256,2909143.709973418,0.0
2023-09-11,0.026689210833714654,2986786.4597944734,0.0
2023-09-12,-0.06162734940277013,2802718.7270452566,-0.06162734940277004
2023-09-13,0.012387947253617419,2837438.6588026187,-0.05000283850293452
2023-09-14,0.024970390367281433,2908290.6097561354,-0.0262810385325436
2023-09-15,0.012179321040920668,2943711.6147726504,-0.014421802697199504
2023-09-18,-0.0062661484664820076,2925265.8807519777,-0.020597582006826487
2023-09-20,-0.009488537086388783,2897509.386954915,-0.02989067817245361
2023-09-21,-0.015760322572058203,2851843.7043609386,-0.04517991401461641
2023-09-22,-0.0020866479526856414,2845892.9105338543,-0.0471722873922209
2023-09-25,0.0029549985196300034,2854302.5198715073,-0.044356682912002565
2023-09-26,0.014575561639925202,2895905.582188888,-0.030427644838003975
2023-09-27,0.015655092094298446,2941241.2507744483,-0.015248900325856907
2023-09-28,-0.008851971546897503,2915205.466910031,-0.02396588904094865
2023-09-29,0.01844536491929572,2968977.4955619127,-0.00596258369062852
2023-10-03,-0.0022216005040694518,2962381.613661201,-0.00817093771576538
2023-10-04,-0.02793343062042642,2879632.1323847687,-0.03587612601440482
2023-10-05,-0.0013584163890290543,2875720.392901763,-0.03718580768588098
2023-10-06,0.010964216784515948,2907250.4147011912,-0.026629304158140354
2023-10-09,-0.031838745574128705,2814687.2084272397,-0.05762020609236196
2023-10-10,0.027535521108564828,2892191.087468895,-0.0316712873849333
2023-10-11,0.013659437420807033,2931696.7906371923,-0.018444461932197176
2023-10-12,0.020345181730967533,2991342.6946228,0.0
2023-10-13,-0.0050081775378322466,2976361.5193316317,-0.005008177537832226
2023-10-16,0.002420264197962683,2983565.100557064,-0.002600034452661326
2023-10-17,0.004098933914848064,2995794.5367348944,0.0
2023-10-18,-0.012151426356589771,2959391.360042286,-0.012151426356589834
2023-10-19,0.0037208859966356093,2970402.917912432,-0.008475754432123561
2023-10-20,-0.01494539335581591,2926009.0778789674,-0.02329447430396414
2023-10-23,-0.057221096481712815,2758579.6301272875,-0.07918263542403903
2023-10-25,-0.011789479225068247,2726057.4128872054,-0.09003859261378933
2023-10-26,-0.011273965924026158,2695323.934507376,-0.10029746651284044
2023-10-27,0.0342455783076677,2787626.8613710795,-0.06948663294869883
2023-10-30,0.006905566177569392,2806877.0031406474,-0.06306091131341318
2023-10-31,0.007714515034865968,2828530.697982395,-0.05583288062698699
2023-11-01,-0.006863203382072596,2809117.916529706,-0.062312891593909625
2023-11-02,0.0263811147293531,2883225.578573958,-0.03757566040681315
2023-11-03,0.013473218511432372,2922071.9068118357,-0.02460870697875317
2023-11-06,0.02291401698285236,2989028.312109638,-0.0022585743255379986
2023-11-07,0.008897613589808213,3015623.531039786,0.0
2023-11-08,0.004189152610872104,3028256.438228249,0.0
2023-11-09,-0.0057110662007577315,3010961.8652366567,-0.005711066200757675
2023-11-10,0.008837045125196829,3037569.87111,0.0
2023-11-13,0.030854407154620997,3131292.288673838,0.0
2023-11-15,0.014443266074475545,3176518.3763561076,0.0
2023-11-16,0.007894859736423789,3201596.5433876123,0.0
2023-11-17,0.013963673870376794,3246302.5933840023,0.0
2023-11-20,0.0020802928038269348,3253055.853308064,0.0
2023-11-21,0.006184100972502085,3273173.07917411,0.0
2023-11-22,0.00043325821786199066,3274591.208309147,0.0
2023-11-23,0.004930785067167319,3290737.5137401554,0.0
2023-11-24,0.004947842157720819,3307019.563540633,0.0
2023-11-28,0.022566182275726675,3381646.3698008847,0.0
2023-11-29,0.00812369654752199,3409117.838740176,0.0
2023-11-30,0.016265408106263462,3464568.531669628,0.0
2023-12-01,0.009105941771495405,3496116.6909823664,0.0
2023-12-04,0.024152366228578356,3580556.181680818,0.0
2023-12-05,0.02691498260820693,3676926.7890384654,0.0
2023-12-06,0.011565715554849247,3719453.078396489,0.0
2023-12-07,0.010008040372121722,3756677.514967293,0.0
2023-12-08,-0.009766644244407825,3719987.3821376413,-0.009766644244407874
2023-12-11,0.011006860832602926,3760932.765551869,0.0
2023-12-12,-0.008004702700223567,3730827.6168880966,-0.008004702700223576
2023-12-13,0.010326436693650283,3769353.7720888136,0.0
2023-12-14,0.03240409572659907,3891496.2725469964,0.0
2023-12-15,0.009346505502436046,3927868.1638710657,0.0
2023-12-18,0.015440835298035933,3988517.729261798,0.0
2023-12-19,-0.001807126502033614,3981309.973169418,-0.0018071265020336291
2023-12-20,-0.0645325849519591,3724385.7491057804,-0.06622309290948136
2023-12-21,0.03481068632858121,3854034.17318454,-0.03371767789588043
2023-12-22,0.027506722439728088,3960046.021459554,-0.007138418263346602
2023-12-26,0.015930004425522018,4023129.572106675,0.0
2023-12-27,0.017938958585213646,4095300.3268836443,0.0
2023-12-28,0.02247891174013493,4187358.2214810075,0.0
2023-12-29,0.016914186750700375,4258183.980431218,0.0
2024-01-01,-0.0128120447947375,4203627.936529699,-0.012812044794737631
2024-01-02,-0.0011963512153457658,4198598.92113897,-0.013993068304722134
2024-01-03,0.003744184440666651,4214319.249892099,-0.01030127649267909
2024-01-04,0.020574981281523227,4301028.789572991,0.0
2024-01-05,1.7227220637583077e-05,4301102.884344919,0.0
2024-01-08,-0.019216717481809,4218449.805356269,-0.019216717481808976
2024-01-09,0.008042194780301135,4252375.400361867,-0.01132906728653471
2024-01-10,0.008761503074681858,4289632.600506839,-0.00266682386971695
2024-01-11,-0.009522314649569175,4248785.369153763,-0.012163744183283809
2024-01-12,0.001717003545293696,4256080.548695792,-0.010467625829876703
2024-01-15,0.007879100312089101,4289614.634275298,-0.0026710009917306765
2024-01-16,0.0036173815659504343,4305131.807178356,0.0
2024-01-17,-0.01963192893213702,4220613.765496347,-0.019631928932137166
2024-01-18,-0.0032245803336541138,4207004.057352178,-0.022793204533845035
2024-01-19,0.0165697076409947,4276712.884626982,-0.00660117362817747
2024-01-23,-0.048445588572026715,4069525.0117776575,-0.05472696445852099
2024-01-24,0.0354133419541075,4213640.492610533,-0.021251687210893433
2024-01-25,0.008645601022684414,4250069.947162671,-0.01278981979689331
2024-01-29,0.0230584042165504,4348069.777952962,0.0
2024-01-30,-0.002765591398608983,4336044.793574504,-0.00276559139860888
2024-01-31,0.027188305991227374,4453934.5062138755,0.0
2024-02-01,-0.008076444577510358,4417962.551022578,-0.008076444577510333
2024-02-02,0.017943840861426866,4497237.767969871,0.0
2024-02-05,0.005585862509425372,4522358.719813946,0.0
2024-02-06,0.02006840447903842,4613115.243802479,0.0
2024-02-07,0.016639986481158754,4689877.419095379,0.0
2024-02-08,-0.010313886611169028,4641506.555174547,-0.010313886611169054
2024-02-09,-0.0009459028828466442,4637116.140743256,-0.011250033558936945
2024-02-12,-0.0512890693993687,4399282.769187742,-0.06196209920635609
2024-02-13,-0.005187399623426273,4376461.931407512,-0.06682807665969259
2024-02-14,0.027234707171516156,4495653.590556683,-0.04141341258683895
2024-02-15,0.01681703046847586,4571257.133964788,-0.025292832739639448
2024-02-16,0.012813681463369002,4629831.766766566,-0.01280324557830248
2024-02-19,0.012430416301714067,4687382.503034376,-0.0005319789491395888
2024-02-20,-0.0013917520385096688,4680858.828880503,-0.0019229906048623402
2024-02-21,-0.015441571340172608,4608579.013341067,-0.017334867948423538
2024-02-22,0.012933759258041477,4668185.2648212835,-0.004625313699196831
2024-02-23,0.018621632036261146,4755114.493099881,0.0
2024-02-26,0.0034378190103540643,4771461.71610067,0.0
2024-02-27,0.0012837988374273795,4777587.31310463,0.0
2024-02-28,-0.02301687771901807,4667622.170126969,-0.02301687771901806
2024-02-29,0.013143213463189963,4728969.724674465,-0.0101761799929454
2024-03-01,0.03656175414482961,4901869.153106356,0.0
2024-03-04,0.017398370939104908,4987153.690927057,0.0
2024-03-05,0.002142436256306681,4997838.349810272,0.0
2024-03-06,-0.019571364773064114,4900023.832389327,-0.019571364773064093
2024-03-07,0.01319434181633959,4964676.421742081,-0.006635254233352872
2024-03-11,-0.019115373656861386,4869774.776855072,-0.025623792526235256
2024-03-12,-0.02848116223887231,4731077.931368695,-0.05337515937299264
2024-03-13,-0.08128576733646475,4346508.631388776,-0.13032228592311756
2024-03-14,0.03367881088005637,4492893.873573851,-0.10103257466412263
2024-03-15,0.0051990257379150966,4516252.544460283,-0.09635881988225403
2024-03-18,0.0011017838744008547,4521228.478686491,-0.09536320260175568
2024-03-19,-0.020576593180726858,4428196.999603443,-0.11397754595813492
2024-03-20,0.007853131340615695,4462972.212243448,-0.10701949525580978
2024-03-21,0.05081871469966726,4689774.72380999,-0.06163937375285
2024-03-22,0.022952350599367316,4797416.077502929,-0.040101791670583364
2024-03-26,0.018496145704044776,4886149.784275349,-0.02234737454827107
2024-03-27,0.005681145092226113,4913908.710142166,-0.01679318813328412
2024-03-28,0.018881374869372306,5006690.062572235,0.0
2024-04-01,0.042660924946669294,5220280.091562864,0.0
2024-04-02,0.012869962945102861,5287464.902904336,0.0
2024-04-03,0.007039253253391602,5324684.707424299,0.0
2024-04-04,0.008527342553609301,5370090.117914471,0.0
2024-04-05,0.008661166741978912,5416601.363845181,0.0
2024-04-08,0.012047181045601223,5481856.141127274,0.0
2024-04-09,0.004236590685186642,5505080.5217923075,0.0
2024-04-10,0.01553512701611027,5590602.646932267,0.0
2024-04-12,-0.010099107887820383,5534142.547642963,-0.010099107887820424
2024-04-15,-0.017056071367567028,5439751.817392075,-0.02698292815050407
2024-04-16,0.009113703767009991,5489328.104021841,-0.018115138797424324
2024-04-18,-0.004127393702180296,5466671.485776099,-0.02216776418981803
2024-04-19,0.0038767393763118195,5487864.346382368,-0.0183769634578258
2024-04-22,0.01719777451106491,5582243.399958765,-0.0014952318205065929
2024-04-23,0.021740579903478344,5703604.608636233,0.0
2024-04-24,0.0227762351431378,5833511.248366016,0.0
2024-04-25,0.020752773220208603,5954572.784380892,0.0
2024-04-26,-5.962856878299338e-05,5954217.721728046,-5.96285687828324e-05
2024-04-29,-0.0036245969201028202,5932636.082512249,-0.003684009359358864
2024-04-30,0.007770488634988503,5978735.563766933,0.0
2024-05-02,0.011484484808588456,6047398.261523582,0.0
2024-05-03,-0.006455028387009126,6008362.134077897,-0.006455028387009176
2024-05-06,-0.026195662311243,5850969.108569933,-0.03248159695441666
2024-05-07,-0.02606702240333509,5698451.765735619,-0.0577019208422449
2024-05-08,0.019680875231374177,5810602.283949065,-0.03915666991557765
2024-05-09,-0.03234734032537709,5622644.754374751,-0.07023739611318713
2024-05-10,0.017537398631728932,5721251.316796821,-0.053931778695949784
2024-05-13,0.0073532804581214325,5763321.282300623,-0.046975073732185235
2024-05-14,0.03805576298964581,5982648.871053038,-0.010706983014912463
2024-05-15,0.01799188506402575,6090288.0019194465,0.0
2024-05-16,0.01141101342804381,6159784.360090004,0.0
2024-05-17,0.018549238170393053,6274043.667263576,0.0
2024-05-21,0.031005798427509428,6468575.400536141,0.0
2024-05-22,-0.007270853824828085,6421543.334343965,-0.00727085382482795
2024-05-23,0.013787164595872715,6510078.209254094,0.0
2024-05-24,0.0032793834906725762,6531427.252256509,0.0
2024-05-27,-0.003875697772192251,6506113.414205703,-0.0038756977721922103
2024-05-28,-0.020390100376357728,6373453.108630082,-0.024186772281946434
2024-05-29,0.0028628880092086786,6391699.591112033,-0.02139312829308504
2024-05-30,-0.01874069212463758,6271914.716921831,-0.039732898386799054
2024-05-31,0.01592903894367059,6371820.29069906,-0.02443676632887659
2024-06-03,0.05681313099296202,6733823.351538159,0.0
2024-06-04,-0.15408659247479775,5696231.456972422,-0.15408659247479772
2024-06-05,0.06425966852087547,6062269.402215652,-0.09972847730986412
2024-06-06,0.03467464744856198,6272476.456475685,-0.06851187965260352
2024-06-07,0.034359727613582615,6487997.038982799,-0.036506201562178986
2024-06-10,0.014716865507028479,6583480.018815508,-0.022326592913713528
2024-06-11,0.008305863816141906,6638161.507288081,-0.014206170737791513
2024-06-12,0.013269056689903662,6726243.648645023,-0.0011256165327540035
2024-06-13,0.012570512119200171,6810795.9759470085,0.0
2024-06-14,0.019045950901118547,6940514.06170243,0.0
2024-06-18,0.006749610412986415,6987359.827684776,0.0
2024-06-19,-0.014091457564779891,6888897.743183108,-0.014091457564779919
2024-06-20,0.010897197405120471,6963967.421794263,-0.0033478175544687794
2024-06-21,-0.0026378381087909563,6945597.603140675,-0.005976824662533242
2024-06-24,0.003995137481121761,6973346.220453773,-0.002005565417638855
2024-06-25,-0.0008365470380635814,6967512.688327661,-0.0028404347058925694
2024-06-26,0.0003487742600247498,6969942.777409745,-0.0024926511163805287
2024-06-27,0.0008230858710562624,6975679.638831901,-0.0016716169112396262
2024-06-28,0.0029744440743668305,6996428.407798307,0.0
2024-07-01,0.017934579106813876,7121906.406543126,0.0
2024-07-02,-0.004668141452273342,7088660.340027532,-0.004668141452273344
2024-07-03,0.025110726321634184,7266661.749812985,0.0
2024-07-04,0.004362427367665958,7298362.03390194,0.0
2024-07-05,0.017215977500767848,7424010.470470054,0.0
2024-07-08,-0.007089976922266643,7371374.407563755,-0.00708997692226665
2024-07-09,0.006772275694518103,7421295.387299292,-0.0003657165061339285
2024-07-10,-0.016700469867303176,7297356.267307344,-0.017060078735946504
2024-07-11,0.007561776046987623,7352537.241135805,-0.00962730718370386
2024-07-12,-0.006811476095327175,7302455.609477805,-0.01637320710628698
2024-07-15,0.007345507717111348,7356095.8535110885,-0.009147968908328585
2024-07-16,0.001983718603632921,7370688.277705805,-0.0071823973008044995
2024-07-18,-0.019742385597205793,7225173.307610533,-0.026782985240985435
2024-07-19,-0.053968186285156226,6835243.80860287,-0.07930574238938348
2024-07-22,0.012520276408789317,6920822.950408044,-0.06777839579611344
2024-07-23,0.00018130592288104747,6922077.736600163,-0.06760937849783377
2024-07-24,0.011525553709674318,7001858.5153358895,-0.05686306031131394
2024-07-25,-0.005958224201743089,6960139.872472635,-0.06248248165092496
2024-07-26,0.034393243321715075,7199521.656659757,-0.03023821352397471
2024-07-29,0.016360427385610932,7317308.907934671,-0.014372496234993482
2024-07-30,0.01641088769016888,7437392.442617061,0.0
2024-07-31,0.005659330319243979,7479483.103163679,0.0
2024-08-01,0.002531755071044091,7498419.322438903,0.0
2024-08-02,-0.024220750979057775,7316801.975293556,-0.024220750979057626
2024-08-05,-0.07782519449523308,6747370.438483229,-0.1001609608185251
2024-08-06,-0.016350337040610823,6637048.657676174,-0.11487363239144155
2024-08-07,0.04536263459573725,6938122.6707284665,-0.07472196840656242
2024-08-08,-0.01192023009623137,6855418.652057504,-0.08575149544614413
2024-08-09,0.022195668949277603,7007579.254967276,-0.06545913830169459
2024-08-12,-0.007461510871544375,6955292.126173129,-0.07243222510115888
2024-08-13,-0.01727568579677724,6835134.684776563,-0.08845659453552712
2024-08-14,-0.011055988421224903,6759565.514844161,-0.09853460787178614
2024-08-16,0.03631598678837325,7005045.806776386,-0.06579700260108223
2024-08-19,0.015638273063817487,7114592.625927304,-0.051187681030721244
2024-08-20,0.016813198526489045,7234211.684182114,-0.03523511114751232
2024-08-21,0.006859120840698228,7283832.01631111,-0.02861767219201039
2024-08-22,0.008524990319255722,7345926.613737247,-0.020336647251151252
2024-08-23,0.007067500995881273,7397843.957395507,-0.01341287552997017
2024-08-26,0.005502998241586996,7438554.27968459,-0.00798368831883911
2024-08-27,-0.0033434699949508465,7413683.696644651,-0.011300465091446998
2024-08-28,-0.0050175231951765506,7376485.366735034,-0.016261287940910973
2024-08-29,-0.01043103874547562,7299540.962069187,-0.026522704561823485
2024-08-30,0.01387737571985545,7400839.434582296,-0.013013394378279308
2024-09-02,-0.010009478541062555,7326760.891075995,-0.02289261562756606
2024-09-03,-0.005462750926341753,7286736.621231185,-0.02823030989668196
2024-09-04,0.0010777449555523656,7294589.864867155,-0.027182990015214403
2024-09-05,0.006848623276454945,7344547.762807877,-0.02052053279690136
2024-09-06,-0.025828090068823008,7154852.121675302,-0.04581861669638576
2024-09-09,-0.005275662462588511,7117105.536911609,-0.050852555602781346
2024-09-10,0.022371589948089694,7276326.503600674,-0.029618618176449507
2024-09-11,-0.0025547664232838815,7257737.188964425,-0.03209771594851207
2024-09-12,0.029758280462978404,7473714.9677602155,-0.003294608318950676
2024-09-13,0.007728058233071881,7531472.272248447,0.0
2024-09-16,0.019497407784664696,7678316.458359371,0.0
2024-09-17,-0.006968898361610978,7624807.0513727795,-0.0069688983616109645
2024-09-18,-0.0003206998963899339,7622361.776541411,-0.007287363333018382
2024-09-19,-0.020229795607278958,7468162.955757243,-0.02736973706955448
2024-09-20,0.022848815383932252,7638801.632390463,-0.005146287755031009
2024-09-23,0.02145136038942623,7802664.319150208,0.0
2024-09-24,0.013514058055707307,7908109.9777484005,0.0
2024-09-25,-0.005149126720516613,7867390.117353192,-0.005149126720516706
2024-09-26,0.012993589007957619,7969615.751103346,0.0
2024-09-27,0.0053036556704144965,8011883.84887271,0.0
2024-09-30,0.004350538264176546,8046739.856125371,0.0
2024-10-01,0.0029787340961831567,8070708.954497926,0.0
2024-10-03,-0.03001808124355052,7828441.757408756,-0.030018081243550654
2024-10-04,-0.01291094787249964,7727369.153955951,-0.04254146723388241
2024-10-07,-0.042688826061715736,7397496.836228059,-0.08341424800044073
2024-10-08,0.02955510475768748,7616130.6301674405,-0.05632446008068992
2024-10-09,0.016273156538199635,7740069.116127533,-0.040967880298312886
2024-10-10,0.011371654376733509,7828086.506968164,-0.03006209849687924
2024-10-11,0.007284431055322897,7885109.663423277,-0.022996652725435163
2024-10-14,0.009510984917913086,7960104.822508187,-0.013704388624756092
2024-10-15,-0.0005608017544170159,7955640.781758381,-0.01425750493398914
2024-10-16,-0.010883164754661313,7869058.232401602,-0.024985502913463464
2024-10-17,-0.034625020122862976,7596591.932756716,-0.05874539949516788
2024-10-18,0.0017857058624021313,7610157.211505317,-0.057064595637033366
2024-10-21,-0.03001229570764742,7381758.922891934,-0.08536425182598484
2024-10-22,-0.053362386876810844,6987850.647417225,-0.1341713984714079
2024-10-23,0.0012229498938526844,6996396.438624742,-0.1331125334750739
2024-10-24,-0.005566641278072541,6957450.009411735,-0.13793818502967503
2024-10-25,-0.041536295126735165,6668463.312491303,-0.17374503899377147
2024-10-28,0.020895329442400447,6807803.050280369,-0.15648016938012876
2024-10-29,0.02921116831179272,7006666.931015645,-0.1318399696335567
2024-10-30,0.012744236172565818,7095961.549167015,-0.1207759331709849
2024-10-31,0.0201849571412909,7239193.228913199,-0.10302883306444977
2024-11-01,0.016309018628380818,7357257.366137992,-0.08840011359377753
2024-11-04,-0.024339626761264818,7178184.467859628,-0.11058811458451634
2024-11-05,0.030185343297697953,7394860.430276173,-0.08374091149019725
2024-11-06,0.03672203377968251,7666414.7447928125,-0.050094014290999134
2024-11-07,-0.01788012522166587,7529338.289154693,-0.06707845226428588
2024-11-08,-0.02871780171150264,7313112.245147924,-0.09386990828454822
2024-11-11,-0.023568831405717094,7140750.735590947,-0.11522633564783669
2024-11-12,-0.02154082725855762,6986933.057499164,-0.13428509231456776
2024-11-13,-0.050360106267071755,6635070.366242589,-0.1778825870625943
2024-11-14,0.0029125754110346336,6654395.509041793,-0.17548810810068927
2024-11-18,0.014835453845726116,6753116.48648739,-0.1632560999831647
2024-11-19,0.012526593041062857,6837710.02847251,-0.15277454966806192
2024-11-21,-0.02934644387252952,6637047.554905309,-0.1776376037936067
2024-11-22,0.025388713150976287,6805553.651446188,-0.1567588808101732
2024-11-25,0.022280611818862102,6957185.5505665,-0.1379709527638019
2024-11-26,-0.0013341495667854248,6947903.624478165,-0.13912102844372853
2024-11-27,0.02599378139580917,7128505.912452001,-0.11674352864884574
2024-11-28,0.0032853377789678886,7151925.462233775,-0.11384173279499799
2024-11-29,0.013780349154751622,7250481.492232115,-0.10163016246654344
2024-12-02,0.017180269228800484,7375046.716307098,-0.08619592679068488
2024-12-03,0.01574646021599506,7491177.596016534,-0.07180674730668002
2024-12-04,0.0026399413219660023,7510953.8653024435,-0.06935637158412489
2024-12-05,0.014202496654385983,7617628.162445649,-0.056138908565122825
2024-12-06,0.0034944224691552126,7644247.373458169,-0.05284065915945135
2024-12-09,0.00951178700701132,7716957.826303409,-0.043831481247674775
2024-12-10,0.007828235384675235,7777367.988621324,-0.036346369015465285
2024-12-11,0.0046059899778318385,7813190.467630824,-0.03190779004904931
2024-12-12,-0.010769327188333039,7729047.663100143,-0.04233349180648749
2024-12-13,-0.0047717639646574885,7692166.471980242,-0.046903250340444624
2024-12-16,8.467215365313497e-05,7692817.784281683,-0.046822549586011064
2024-12-17,-0.018930203190467825,7547191.180517986,-0.06486639239892
2024-12-18,-0.018933512674219395,7404296.340646893,-0.0825717564105235
2024-12-19,-0.006314425289843328,7357542.464580017,-0.08836478851346141
2024-12-20,-0.03568894246483989,7094959.554879005,-0.12090008512512662
2024-12-23,0.008469965526581462,7155053.61772132,-0.11345413915171576
2024-12-24,1.8092978405096893e-05,7155183.073951912,-0.11343809889660039
2024-12-26,0.005200497977922883,7192393.589059668,-0.1088275355226086
2024-12-27,-0.005405227666254459,7153517.06424549,-0.11364452558300608
2024-12-30,-0.013959268006386314,7053659.20235743,-0.12601739919932053
2024-12-31,0.009982063510970177,7124069.276500101,-0.11729324937064523
2025-01-01,0.0088933818620557,7187426.344987756,-0.10944300116508399
2025-01-02,0.015364644043287497,7297858.5923658395,-0.09575990987772709
2025-01-03,-0.0009740045550354287,7290750.444854871,-0.09664064384435178
2025-01-06,-0.04845330152221179,6937489.5152271185,-0.14041138711107248
2025-01-07,0.02468621811268819,7108749.894554502,-0.11919139512611332
2025-01-08,-0.019269061398454794,6971770.956370072,-0.13616375021371563
2025-01-09,-0.018547457884947122,6842462.3281733,-0.15218571667611747
2025-01-10,-0.033772046395967516,6611378.372963571,-0.1808181399876957
2025-01-13,-0.06834412786923136,6159529.484049878,-0.2368044097765314
2025-01-14,0.05492159072601717,6497820.641437702,-0.19488849392637686
2025-01-15,0.005364033803205567,6532675.1710055405,-0.1905698485924482
2025-01-16,0.024938020938946467,6695587.161207412,-0.17038426252803207
2025-01-17,0.007665445419226107,6746911.81914132,-0.16402488837350948
2025-01-20,0.012371692425851783,6830382.53699208,-0.15368246141679953
2025-01-21,-0.029914384570201884,6626055.847018908,-0.17899952973448408
2025-01-22,-0.030939020255176412,6421052.170956059,-0.20440047991353827
2025-01-23,0.017776063651162105,6535193.203054408,-0.19025785220364722
2025-01-24,-0.029066185303139563,6345240.06642261,-0.21379396751925828
2025-01-27,-0.05529502602070598,5994379.851842145,-0.2572672505429169
2025-01-28,-0.03684790389736804,5773499.519137147,-0.28463539551633943
2025-01-29,0.057498363294498714,6105466.291969108,-0.24350310159971245
2025-01-30,0.01788315611915077,6214651.298848605,-0.22997454946196672
2025-01-31,0.034451005475223395,6428752.284771842,-0.20344639844941959
2025-02-01,-0.0061904389201159786,6388955.486420406,-0.20837741486641692
2025-02-03,-0.024177842322835,6234484.328062122,-0.22751714090897168
2025-02-04,0.029764737704854934,6420052.118811919,-0.2045243912266308
2025-02-05,0.01371565049749772,6508107.309849264,-0.193613925797411
2025-02-06,-0.01364767133959909,6419286.800241599,-0.2046192179109575
2025-02-07,0.005256270781097782,6453028.3098851945,-0.20043848114621632
2025-02-10,-0.032958104498112484,6240348.728518721,-0.22679051323726873
2025-02-11,-0.04923344391511168,5933114.869382457,-0.26485827913843385
2025-02-12,0.0018040289573728187,5943818.380414242,-0.2635320621862267
2025-02-13,0.00015797330126513475,5944757.345025917,-0.2634157199148143
2025-02-14,-0.052893900541253,5630315.941276233,-0.3023765355658905
2025-02-17,0.010644507521962863,5690247.881664174,-0.29495067735122404
2025-02-18,-0.012374663673796433,5619832.977908047,-0.30367542559244065
2025-02-19,0.019872956774635506,5731515.675758684,-0.28983739742412273
2025-02-20,0.028526951302806084,5895018.344332322,-0.2695786234433667
2025-02-21,-0.009260175164217168,5840429.44186753,-0.2763424533339698
2025-02-24,-0.01739899333426793,5738811.848939215,-0.2889333661647048
2025-02-25,-0.0020508613972968237,5727042.341251875,-0.2903916652749434
2025-02-27,-0.0456257745128546,5465741.598764347,-0.3227680951475511
2025-02-28,-0.03354927650468678,5282369.922564233,-0.3454887355812416
2025-03-03,0.005939419019964518,5313744.1309528,-0.3416013189285718
2025-03-04,0.011625121609146721,5375517.052675016,-0.3339473541938146
2025-03-05,0.06173173483190019,5707357.045955108,-0.29283076887882165
2025-03-06,0.02803691095628503,5867373.707248276,-0.27300392811485275
2025-03-07,0.0038066766390690986,5889708.901672347,-0.2702364891513124
2025-03-10,-0.030156420131298097,5712096.36558247,-0.29224354418095655
2025-03-11,0.0005188151719667778,5715059.8878406705,-0.29187634939362017
2025-03-12,-0.005486502524956537,5683704.1973357545,-0.2957614715906536
2025-03-13,-0.015184071707867744,5597402.4252371,-0.30645467990546427
2025-03-17,0.007721625630010308,5640623.471265293,-0.3010993825862486
2025-03-18,0.0033642885858749493,5659600.156426889,-0.29874807921642255
2025-03-19,0.07009444409227583,6056306.68317619,-0.24959421566045692
2025-03-20,0.011034187457582958,6123133.106418968,-0.2413140975667999
2025-03-21,0.023699531663311804,6268248.493353217,-0.223333596999576
2025-03-24,0.01514749814231079,6363196.775761827,-0.21156904410293187
2025-03-25,-0.0219920030395752,6223257.3329278575,-0.22890822008151546
2025-03-26,-0.014340429364270718,6134013.1507293265,-0.2399660072848061
2025-03-27,0.01985518195608712,6255805.097958088,-0.2248753940666346
2025-03-28,-0.0014456029945173498,6246761.687375362,-0.22599591651809614
2025-04-01,-0.013240960429196329,6164048.563062205,-0.23624447395951642
2025-04-02,0.019202962363750402,6282416.555627018,-0.2215781053378546
2025-04-03,-0.00393988924234198,6257664.530223592,-0.22464500138663746
2025-04-04,-0.0681924211335045,5830939.235266391,-0.2775183359800477
2025-04-07,-0.0813196944867729,5356769.0380835915,-0.33627032417044544
2025-04-08,0.035903461378892165,5549095.588358071,-0.3124401313882744
2025-04-09,-0.013109998193796213,5476346.955217494,-0.321454040023901
2025-04-11,0.04826052560353057,5740638.337663584,-0.2887070553493022
2025-04-15,0.06537186416159838,6115914.567274192,-0.2422085095924934
2025-04-16,0.018198439288682058,6227214.667221498,-0.22841788716083256
2025-04-17,0.01702284128151945,6333219.554127559,-0.215283367318312
2025-04-21,0.031191211245796827,6530760.343106363,-0.19080710506024712
2025-04-22,0.010362328902966927,6598434.229768083,-0.1824219821369375
2025-04-23,0.02590415259434191,6769361.076939725,-0.16124331640443312
2025-04-24,-0.0018022647236169247,6757160.896269333,-0.16275497798697514
2025-04-25,-0.040457246021978935,6483784.775478868,-0.19662760582323335
2025-04-28,0.02704730991072557,6659153.711695689,-0.17489854370421276
2025-04-29,0.0015542126279076262,6669503.452485584,-0.17361616060153295
2025-04-30,-0.015183435791189965,6568237.475055649,-0.18616350656591663
2025-05-02,-0.010041783972371689,6502280.653251904,-0.1943358768218142
2025-05-05,0.041882178880855506,6774610.334704926,-0.1605929078969779
2025-05-06,-0.03251107015230966,6554360.502858771,-0.18788293075468565
2025-05-07,0.025343949964833683,6720473.887494706,-0.167300676386145
2025-05-08,-0.026089673739218767,6545138.916397029,-0.18902553006209877
2025-05-09,0.000336980544010842,6547344.500869703,-0.18875224744404018
2025-05-12,0.08312728019428298,7091607.441721997,-0.12131542821033847
2025-05-13,0.0036111901739338914,7117216.584832941,-0.1181423311187042
2025-05-14,0.024160723347215803,7289173.685741306,-0.09683601194924252
2025-05-15,0.031624654656066016,7519691.28628096,-0.06827376272934182
2025-05-16,0.013056842034585889,7617874.707554782,-0.056108360429819815
2025-05-19,0.0005664217058546387,7622189.637141623,-0.055573719717192493
2025-05-20,-0.0204845546296415,7466052.4771221075,-0.07491987144931478
2025-05-21,0.0122348364862981,7557398.408377817,-0.06360166733977357
2025-05-22,-0.00012075600525144932,7556485.807135928,-0.06371474306174962
2025-05-23,0.010776987088200459,7637921.957111602,-0.05362440893685372
2025-05-26,0.014607793543308932,7749495.144160993,-0.03979994968817646
2025-05-27,0.002771009188429297,7770969.066411152,-0.037139226526032076
2025-05-28,0.0033768296462341947,7797210.305134578,-0.033887809720969275
2025-05-29,0.01963748724023087,7950327.923011056,-0.014915793911733033
2025-05-30,-0.005944875601725183,7903064.212515833,-0.020771996974152107
2025-06-02,0.0036884477403904123,7932214.251852647,-0.017160165659064308
2025-06-03,-0.006931835317229112,7877229.448957827,-0.023973049533928537
2025-06-04,0.007884078301219883,7939334.142730086,-0.016277976632353086
2025-06-05,0.011180940592875933,8028103.366126943,-0.0052790391291756
2025-06-06,0.007798559580606642,8090711.008546954,0.0
2025-06-09,0.016638153539825385,8225325.500553515,0.0
2025-06-10,0.002208706594751764,8243492.831230567,0.0
2025-06-11,-0.005986895149623296,8194139.903983318,-0.00598689514962325
2025-06-12,-0.03221525995489773,7930163.556869695,-0.03800928572095319
2025-06-13,-0.009471514642086764,7855052.896626661,-0.04712079485679865
2025-06-16,0.008906633913414147,7925014.977147417,-0.038633848612883215
2025-06-17,-0.012986464499253473,7822097.05149064,-0.05111859600865587
2025-06-18,-0.0049484881646907905,7783389.496808276,-0.05581412440600231
2025-06-19,-0.025625306717639042,7583937.7536497135,-0.08000917706656108
2025-06-20,0.029899923290331684,7810696.9107224895,-0.05250152203304226
2025-06-23,0.004720711079992776,7847568.954171402,-0.048028655469827375
2025-06-24,0.02447263860343476,8039619.673102374,-0.02473140479431446
2025-06-25,0.021078499663293834,8209082.793674872,-0.004174206038650485
2025-06-26,0.020630412483117203,8378439.557816444,0.0
2025-06-27,0.010104704525276788,8463101.21393107,0.0
2025-06-30,0.012544921681554065,8569270.1558429,0.0
2025-07-01,0.0017995678996661586,8584691.139338922,0.0
2025-07-02,0.0030827941864648815,8611155.975275872,0.0
2025-07-03,-0.0030041197375379265,8585287.031647528,-0.0030041197375380024
2025-07-04,0.0005917850207396808,8590367.675911607,-0.0024141125098595673
2025-07-07,-0.005577147645980465,8542457.92704979,-0.007977796293938577
2025-07-08,-0.003413717935523759,8513296.385210764,-0.011364280283167605
2025-07-09,0.006129915505912192,8565482.172728894,-0.005304026855176613
2025-07-10,0.0013615115749718333,8577144.175852278,-0.003949736774162216
2025-07-11,-0.013286462764437667,8463184.269134605,-0.0171837215080205
2025-07-14,0.019342444980782088,8626882.945222562,0.0
2025-07-15,0.021709393397666095,8814167.340876015,0.0
2025-07-16,0.002229013353500976,8833814.237578819,0.0
2025-07-17,0.016062737200026083,8975709.474150896,0.0
2025-07-18,-0.007517906087714762,8908230.933253618,-0.007517906087714743
2025-07-21,0.013516151398014736,9028635.931235952,0.0
2025-07-22,-0.005569841150246268,8978347.863295563,-0.00556984115024628
2025-07-23,0.008913657946900801,9058377.785077266,0.0
2025-07-24,-0.0027374660475600466,9033580.783444645,-0.0027374660475600887
2025-07-25,-0.02849946081858196,8776128.60185537,-0.031158910559777375
2025-07-28,-0.014986672339011138,8644603.638094338,-0.045678614515788696
2025-07-29,0.03612142443195475,8956859.035151964,-0.011207166706222349
2025-07-30,0.002106375540407128,8975725.543942483,-0.009124397667642503
2025-07-31,-0.017134736454321745,8821928.852260705,-0.026102789972624718
2025-08-01,-0.027310142480903098,8581000.718349073,-0.05270006154022655
2025-08-04,0.03886398691049447,8914492.617945937,-0.01588420913161348
2025-08-05,-0.0062110412150405275,8859124.3368847,-0.021996592869069298
2025-08-06,-0.015635989104896882,8720603.165274244,-0.03728864348752059
2025-08-07,0.0021519747347728364,8739369.682957895,-0.035216912971426706
2025-08-08,-0.02135680513617265,8552724.667625988,-0.0558215973597711
2025-08-11,0.015171617315986383,8682483.333292205,-0.04149688395689444
2025-08-12,-0.00566849475795333,8633266.722031422,-0.04693015384566657
2025-08-13,0.027258844529776137,8868599.597391367,-0.020950571083327874
2025-08-14,-0.013241102548723111,8751169.560658744,-0.033914264971882324
2025-08-18,0.026959225320457744,8987094.312662074,-0.007869341962379206
2025-08-19,0.02657768859010074,9225950.506633874,0.0
2025-08-20,0.0023785650189413485,9247895.029775437,0.0
2025-08-21,-0.005944105546686143,9192924.565633778,-0.005944105546686118
2025-08-22,-0.005966105588171897,9138078.607011106,-0.011874747973539379
2025-08-25,-0.0003269037304507174,9135091.335025322,-0.012197769804579428
2025-08-26,-0.02444002346097982,8911829.488479111,-0.03633967948536354
2025-08-28,-0.0126714862647103,8798903.363522409,-0.04855068800061102
2025-08-29,-0.0034545126691773597,8768507.440378252,-0.05183748170299307
2025-09-01,0.02755492502415121,9010123.005471585,-0.025710934600608804
2025-09-02,0.009880847749069256,9099150.659089038,-0.0160841326818143
2025-09-03,0.023986630923143442,9317408.627662683,0.0
2025-09-04,-0.008314068263195895,9239943.056296205,-0.008314068263195917
2025-09-05,0.0049644194961153045,9285814.009747878,-0.0033909232896583985
2025-09-08,0.02648161546292489,9531717.365614261,0.0
2025-09-09,0.008349069229185145,9611298.3337728,0.0
2025-09-10,0.012731055443838004,9733660.30574733,0.0
2025-09-11,0.003040937867538605,9763259.761960836,0.0
2025-09-12,0.013088282443208085,9891044.063291788,0.0
2025-09-15,0.012463953632749492,10014325.57787614,0.0
2025-09-16,0.01097715436382945,10124254.375594132,0.0
2025-09-17,0.005985537135448058,10184853.476127973,0.0
2025-09-18,0.000640285402751864,10191374.689137904,0.0
2025-09-19,0.014092247640727322,10334994.065056674,0.0
2025-09-22,0.0066662405192382266,10403889.62125924,0.0
2025-09-23,-0.002655212312583637,10376265.085438114,-0.002655212312583477
2025-09-24,-0.015524907772969825,10215174.5269588,-0.018138898159282713
2025-09-25,-0.011548905226030463,10097200.444479594,-0.029478318969566875
2025-09-26,-0.03961086910328198,9697241.559363713,-0.06792152623876047
2025-09-29,0.013664632502064462,9829750.801556164,-0.05518501643172802
2025-09-30,-0.00022232750606477957,9827565.377575215,-0.05539507479071748
2025-10-01,0.021771405235943498,10041525.285893133,-0.03482969817611814
2025-10-03,0.013974656954164343,10181852.157060057,-0.021341774305782102
2025-10-06,0.011481752553779756,10298757.664066589,-0.01010506272363998
2025-10-07,-0.002034016895725411,10277809.816972895,-0.01211852575105321
2025-10-08,-0.004967787822339924,10226751.83852381,-0.01702611130874243
2025-10-09,0.020310525969585193,10434462.547324654,0.0
2025-10-10,0.0004952892256744315,10439630.624200046,0.0
2025-10-13,0.004843873991660338,10490198.87946315,0.0
2025-10-14,-0.00837063959386032,10402389.205375245,-0.008370639593860418
2025-10-15,0.01861354240461563,10596014.517958814,0.0
2025-10-16,0.022021143948462735,10829350.878938787,0.0
2025-10-17,-0.002695484989936114,10800160.526193857,-0.0026954849899359923
2025-10-20,0.01464698862850138,10958350.354607008,0.0
2025-10-21,0.008330457291901778,11049638.424225759,0.0
2025-10-23,-0.00923622670777405,10947581.45870068,-0.00923622670777402
2025-10-24,-0.0049120304802182015,10893806.60489087,-0.014102888560881377
2025-10-27,0.022188688825455615,11135525.889771486,0.0
2025-10-28,0.012412402118327193,11273744.514914373,0.0
2025-10-29,0.020247127305593835,11502005.455318583,0.0
2025-10-30,-0.0005267146749482523,11495947.180253932,-0.0005267146749482476
2025-10-31,-0.009297769416004601,11389060.514153363,-0.009819586819357129
2025-11-03,0.016639051509103327,11578563.678688655,0.0
2025-11-04,-0.00171394960337321,11558718.604063934,-0.0017139496033733437
2025-11-06,-0.027450340258931682,11241427.845425136,-0.029117241362505597
2025-11-07,0.015923564007112374,11420431.4412531,-0.013657327611939607
2025-11-10,0.012391258092487156,11561944.954769224,-0.0014353009907454028
2025-11-11,0.020190197529460354,11795382.90723076,0.0
2025-11-12,0.015412577917278873,11977180.165352596,0.0
2025-11-13,0.0014320800749855274,11994332.44642191,0.0
2025-11-14,0.009913541038997005,12113238.753364887,0.0
2025-11-17,0.007421056105110326,12203131.777768204,0.0
2025-11-18,-0.009198048555243666,12090886.779150257,-0.009198048555243532
2025-11-19,0.008972119348274698,12199367.65835927,-0.00030845519637756613
2025-11-20,-0.0018680483931253415,12176578.649207925,-0.0021759273802691714
2025-11-21,-0.027974295129059693,11835947.444412775,-0.030089352474613862
2025-11-24,-0.012200259189023099,11691545.817843284,-0.04192251376461675
2025-11-25,0.01049945153624005,11814300.63654146,-0.03186322562992572
2025-11-26,0.02402798103583672,12098174.428187951,-0.00860085357526541
2025-11-27,-0.0026800989062397713,12065750.124135466,-0.011257901343245447
2025-11-28,-0.00034657525835612475,12061568.433668934,-0.011600574891534987
2025-12-01,-0.0007052330418910104,12053062.217072481,-0.012297626824707475
2025-12-02,-0.007970332164623912,11956995.307601534,-0.02016994281870199
2025-12-03,-0.015333636060350857,11773651.09317945,-0.03519430031651272
2025-12-04,-0.001885420798420895,11751452.806535017,-0.03701336504913111
2025-12-05,-0.0012877930332334388,11736319.36748039,-0.03825349252871779
2025-12-08,-0.03202336443649574,11360482.935232462,-0.06905185143299752
2025-12-09,0.016785694952103733,11551176.536291853,-0.053425239794926305
2025-12-10,-0.009583509514154733,11440475.726056619,-0.062496748015210324
2025-12-11,0.018502833864031298,11652156.947741328,-0.04515028109674668
2025-12-12,0.02542591579547307,11948423.709130235,-0.020872352546581485
2025-12-15,0.005416169591804912,12013138.398293627,-0.01556923115594877
2025-12-16,-0.0106657755478092,11885008.960512659,-0.02606894877879673
2025-12-17,-0.008383652925694957,11785369.170368945,-0.034234048685792495
2025-12-18,-0.007176904386150168,11700786.702677725,-0.04116525857777398
2025-12-19,0.026642225158861367,12012521.696546277,-0.015619767506664384
2025-12-22,0.026513889065917496,12331020.36421043,0.0
2025-12-23,0.008564284291598213,12436626.728215018,0.0
2025-12-24,-0.0022469617693569163,12408682.103416955,-0.0022469617693570143
2025-12-26,0.0031828998450326306,12448177.695760982,0.0
2025-12-29,-0.0037294845595876877,12401752.40924964,-0.003729484559587548
2025-12-30,0.020890921155892053,12660836.441026168,0.0
2025-12-31,0.022291267626999955,12943062.534514755,0.0
2026-01-01,0.013450014072122502,13117146.907740341,0.0
2026-01-02,0.01009786462681754,13249602.08150478,0.0
2026-01-05,-0.003676472026940368,13200890.290084038,-0.003676472026940325
2026-01-06,0.006920002406391387,13292240.482657928,0.0
2026-01-07,0.006998674921213247,13385268.55277064,0.0
2026-01-08,-0.050753611350413966,12705917.834822401,-0.05075361135041401
2026-01-09,-0.02044681273162595,12446122.312270362,-0.07016267449530422
2026-01-12,8.185878593419007e-05,12447141.136732431,-0.07008655914072226
2026-01-13,0.0037075483894675036,12493289.5148074,-0.06663886006072017
2026-01-14,0.012360189352422243,12647708.938845051,-0.05510233963687794
2026-01-15,0.0,12647708.938845051,-0.05510233963687794
2026-01-16,-0.014361742955125776,12466065.794094112,-0.06867271695391286
2026-01-19,-0.007494159290052136,12372643.1113129,-0.07565223196423176
2026-01-20,-0.05365463558133982,11708793.453997431,-0.1252477746086157
2026-01-21,-0.00619671948043094,11636237.345508702,-0.13066836876424892
2026-01-22,0.035747183807807136,12052200.060729872,-0.0995922111525237
2026-01-23,-0.0390692437688975,11581329.718605693,-0.1347704625464199
2026-01-27,0.029243713409742893,11920010.805800337,-0.10946793791948295
2026-01-28,0.04312976670536754,12434118.09097997,-0.07105949783830012
2026-01-29,0.02647082528926644,12763259.458592406,-0.04646967610145436
2026-01-30,-0.0009940123893192243,12750572.620562471,-0.047417497057000935
2026-02-02,-0.017560954446361177,12526660.395607753,-0.06414575499758379
2026-02-03,0.08863075420585649,13636907.7541511,0.0
2026-02-04,0.026813030255200123,14002554.574350527,0.0
2026-02-05,-0.0031046996990400266,13959080.84737775,-0.0031046996990400366
2026-02-06,0.0040241772852764104,14015254.663447104,0.0
2026-02-09,0.03698640345546663,14533628.526960468,0.0
2026-02-10,0.00844810049648108,14656410.081334755,0.0
2026-02-11,0.017231359593983583,14908959.95380312,0.0
2026-02-12,0.001676476636235143,14933954.476836236,0.0
2026-02-13,-0.035425163100916916,14404916.703752644,-0.03542516310091692
2026-02-16,0.010734927775152893,14559552.444174523,-0.025070521893075348
2026-02-17,0.00622562146890017,14650194.706448555,-0.019000980003509138
2026-02-18,0.020159263618620863,14945531.843599979,0.0
2026-02-19,-0.03209395283302458,14465870.649547013,-0.03209395283302474
2026-02-20,0.016845654751006023,14709557.712181993,-0.01578894173103884
2026-02-23,0.013520347148507462,14908436.038851699,-0.002482066555842599
2026-02-24,0.0071393907951558784,15014873.189877646,0.0
2026-02-25,0.014991285797320163,15239965.445077622,0.0
2026-02-26,0.011883557974976929,15421070.457980849,0.0
2026-02-27,-0.015841971725325667,15176770.295811262,-0.015841971725325643
2026-03-02,-0.02350162752986571,14820091.493212774,-0.03897128713636411
2026-03-04,-0.0530037719615844,14034570.74325671,-0.08990943388152306
2026-03-05,0.047475996867049716,14700875.979893953,-0.04670197701575085
2026-03-06,-0.002978312955883379,14657092.170500198,-0.049541196868422954
2026-03-09,-0.039796900768084294,14073785.327842139,-0.08736651154080233
2026-03-10,0.02565264390186354,14434815.131208545,-0.06395504964844312
2026-03-11,-0.02480941999095743,14076695.740126565,-0.08717778195212977
2026-03-12,0.00273617956332261,14115212.107329808,-0.08468013645416039
2026-03-13,-0.06898912093587374,13141416.032221723,-0.14782724921533175
2026-03-16,0.004959815578333098,13206595.032179693,-0.14360062953055908
2026-03-17,0.03594926780794126,13681362.453822546,-0.11281369921100093
2026-03-18,0.029571032230885388,14085934.463906957,-0.08657868451556949
2026-03-19,-0.049899096713163844,13383059.057797177,-0.13215758307679237
2026-03-20,0.02395028311689356,13703587.111201527,-0.11137251149063232
2026-03-23,-0.08002298754447199,12606985.13048726,-0.18248313793529292
2026-03-24,0.05293751692388962,13274367.619191656,-0.13920582521417713
2026-03-25,0.04771789544636362,13907792.50536084,-0.09813053878090827
2026-03-27,-0.026229931939390407,13542992.05451806,-0.12178651336689983
2026-03-30,-0.03696578353192925,13042364.741856107,-0.15425036300859984
2026-04-01,0.04274530122637829,13599864.551451044,-0.11809854001330222
2026-04-02,-0.004984450390321344,13532076.701279245,-0.12249433408975796
2026-04-06,0.026818655958537167,13894988.810735393,-0.0989608115340439
2026-04-07,0.008803002580972486,14017306.43309888,-0.09102896123242077
2026-04-08,0.0755171405028076,15075853.332478119,-0.02238606758482642
2026-04-09,0.017101656553809245,15333675.398425762,-0.005667249870443203
2026-04-10,0.04158597277333939,15971341.20605992,0.0
2026-04-13,-0.001713361978036045,15943976.517299216,-0.0017133619780360654
2026-04-15,0.03006422386408776,16423319.79659906,0.0
2026-04-16,0.01853446457521798,16727717.235576598,0.0
2026-04-17,0.03154759194602218,17255436.433113012,0.0
2026-04-20,0.009588002758378235,17420881.605230723,0.0
2026-04-21,0.00955937342226146,17587414.31784013,0.0
2026-04-22,0.01283618767826433,17813169.66879932,0.0
2026-04-23,-0.00020795705459732082,17809465.294501953,-0.0002079570545973075
2026-04-24,-0.00791365744057268,17668527.286961496,-0.008119968794277566
2026-04-27,0.03783362030548435,18336991.639693487,0.0
2026-04-28,0.005806096844154734,18443457.988984,0.0
2026-04-29,0.00390845186379752,18515543.35673592,0.0
2026-04-30,-0.0170733105995853,18199421.73408628,-0.01707331059958528
2026-05-01,0.0,18199421.73408628,-0.01707331059958528
2026-05-04,0.03221044494347228,18785633.205855098,0.0
2026-05-05,0.012691168159196936,19024044.8358476,0.0
2026-05-06,0.015602430811143075,19320866.179146998,0.0
2026-05-07,0.03296167333797213,19957714.258750714,0.0
2026-05-08,-0.0009144184706216386,19939464.55620112,-0.0009144184706219027
2026-05-11,-0.013055531686611872,19679144.24487356,-0.013958011937915682
2026-05-12,-0.049963941887164055,18695896.62543358,-0.06322455652775338
2026-05-13,0.027697476135888948,19213725.776055574,-0.037278241037494
2026-05-14,0.02070655624918584,19611575.869593903,-0.01734358878322162
2026-05-15,-0.014317080125421133,19330795.366483152,-0.031412359358371056
2026-05-18,-0.01030698865468786,19131553.077954717,-0.04139558118153519
2026-05-19,0.0046355925336688695,19220239.162560374,-0.036951881694918365
2026-05-20,0.023036712202457905,19663010.280610688,-0.014766419356405436
2026-05-21,0.013704997891914731,19932491.795055155,-0.0012637952106414607
2026-05-22,0.00082462037049894,19948928.53382416,-0.0004402169914172749
2026-05-25,0.015565226739760032,20259438.129668407,0.0
2026-05-26,0.018316418192730242,20630518.470801156,0.0
2026-05-27,0.025424056788088303,21155029.943970513,0.0
2026-05-28,0.0,21155029.943970513,0.0
2026-05-29,-0.009013033483202973,20964358.950747345,-0.009013033483203037
2026-06-01,-0.024375087488233846,20453350.867188137,-0.03316842749174953
2026-06-02,0.010852075305621014,20675312.17105115,-0.02267629845903818
2026-06-03,0.014774168707096235,20980772.72113814,-0.008237153211028247
2026-06-04,0.005648898478522635,21099290.976240803,-0.002634785574746834
2026-06-05,-0.0013633097731436472,21070526.10664649,-0.003994503318966336
2026-06-08,-0.03445888135134403,20344459.347527165,-0.038315738554384415
2026-06-09,0.02799732010494339,20914049.68824189,-0.01139115644680544
2026-06-10,-0.018453246159883613,20528117.581144728,-0.029634198792730326
2026-06-11,-0.0019333814665120955,20488428.89907096,-0.031510286048521685
2026-06-12,0.01923415621978442,20882506.541213635,-0.012882203593124641
2026-06-15,0.020427258877978808,21309078.908352096,0.0
2026-06-16,-0.005480293100424268,21192298.910234258,-0.005480293100424305
2026-06-17,0.016552130682113676,21543076.61125087,0.0
2026-06-18,0.012240788076973345,21806780.846575193,0.0
2026-06-19,0.01909384511310176,22223156.142475054,0.0
